program_id,coverage_part,coverage_name,state,operation,layer,links_to,copybooks_used,path
GPALAL01,PR,Premises and Operations Liability,AL,ADD,BUSINESS-LOGIC,GPALAD01,GPALC001,programs/PR/gpalal01.cbl
GPALAD01,PR,Premises and Operations Liability,AL,ADD,DB2-ACCESS,GPALAV01,GPALC001,programs/PR/gpalad01.cbl
GPALAV01,PR,Premises and Operations Liability,AL,ADD,VSAM-ACCESS,,GPALC001,programs/PR/gpalav01.cbl
GPALIL01,PR,Premises and Operations Liability,AL,INQUIRE,BUSINESS-LOGIC,GPALID01,GPALC001,programs/PR/gpalil01.cbl
GPALID01,PR,Premises and Operations Liability,AL,INQUIRE,DB2-ACCESS,,GPALC001,programs/PR/gpalid01.cbl
GPALIV01,PR,Premises and Operations Liability,AL,INQUIRE,VSAM-ACCESS,,GPALC001,programs/PR/gpaliv01.cbl
GPALUL01,PR,Premises and Operations Liability,AL,UPDATE,BUSINESS-LOGIC,GPALUD01,GPALC001,programs/PR/gpalul01.cbl
GPALUD01,PR,Premises and Operations Liability,AL,UPDATE,DB2-ACCESS,GPALUV01,GPALC001,programs/PR/gpalud01.cbl
GPALUV01,PR,Premises and Operations Liability,AL,UPDATE,VSAM-ACCESS,,GPALC001,programs/PR/gpaluv01.cbl
GPALDL01,PR,Premises and Operations Liability,AL,DELETE,BUSINESS-LOGIC,GPALDD01,GPALC001,programs/PR/gpaldl01.cbl
GPALDD01,PR,Premises and Operations Liability,AL,DELETE,DB2-ACCESS,GPALDV01,GPALC001,programs/PR/gpaldd01.cbl
GPALDV01,PR,Premises and Operations Liability,AL,DELETE,VSAM-ACCESS,,GPALC001,programs/PR/gpaldv01.cbl
GPALRL01,PR,Premises and Operations Liability,AL,RATE,BUSINESS-LOGIC,GPALRD01,GPALC001,programs/PR/gpalrl01.cbl
GPALRD01,PR,Premises and Operations Liability,AL,RATE,DB2-ACCESS,,GPALC001,programs/PR/gpalrd01.cbl
GPALRV01,PR,Premises and Operations Liability,AL,RATE,VSAM-ACCESS,,GPALC001,programs/PR/gpalrv01.cbl
GPAKAL01,PR,Premises and Operations Liability,AK,ADD,BUSINESS-LOGIC,GPAKAD01,GPAKC001,programs/PR/gpakal01.cbl
GPAKAD01,PR,Premises and Operations Liability,AK,ADD,DB2-ACCESS,GPAKAV01,GPAKC001,programs/PR/gpakad01.cbl
GPAKAV01,PR,Premises and Operations Liability,AK,ADD,VSAM-ACCESS,,GPAKC001,programs/PR/gpakav01.cbl
GPAKIL01,PR,Premises and Operations Liability,AK,INQUIRE,BUSINESS-LOGIC,GPAKID01,GPAKC001,programs/PR/gpakil01.cbl
GPAKID01,PR,Premises and Operations Liability,AK,INQUIRE,DB2-ACCESS,,GPAKC001,programs/PR/gpakid01.cbl
GPAKIV01,PR,Premises and Operations Liability,AK,INQUIRE,VSAM-ACCESS,,GPAKC001,programs/PR/gpakiv01.cbl
GPAKUL01,PR,Premises and Operations Liability,AK,UPDATE,BUSINESS-LOGIC,GPAKUD01,GPAKC001,programs/PR/gpakul01.cbl
GPAKUD01,PR,Premises and Operations Liability,AK,UPDATE,DB2-ACCESS,GPAKUV01,GPAKC001,programs/PR/gpakud01.cbl
GPAKUV01,PR,Premises and Operations Liability,AK,UPDATE,VSAM-ACCESS,,GPAKC001,programs/PR/gpakuv01.cbl
GPAKDL01,PR,Premises and Operations Liability,AK,DELETE,BUSINESS-LOGIC,GPAKDD01,GPAKC001,programs/PR/gpakdl01.cbl
GPAKDD01,PR,Premises and Operations Liability,AK,DELETE,DB2-ACCESS,GPAKDV01,GPAKC001,programs/PR/gpakdd01.cbl
GPAKDV01,PR,Premises and Operations Liability,AK,DELETE,VSAM-ACCESS,,GPAKC001,programs/PR/gpakdv01.cbl
GPAKRL01,PR,Premises and Operations Liability,AK,RATE,BUSINESS-LOGIC,GPAKRD01,GPAKC001,programs/PR/gpakrl01.cbl
GPAKRD01,PR,Premises and Operations Liability,AK,RATE,DB2-ACCESS,,GPAKC001,programs/PR/gpakrd01.cbl
GPAKRV01,PR,Premises and Operations Liability,AK,RATE,VSAM-ACCESS,,GPAKC001,programs/PR/gpakrv01.cbl
GPAZAL01,PR,Premises and Operations Liability,AZ,ADD,BUSINESS-LOGIC,GPAZAD01,GPAZC001,programs/PR/gpazal01.cbl
GPAZAD01,PR,Premises and Operations Liability,AZ,ADD,DB2-ACCESS,GPAZAV01,GPAZC001,programs/PR/gpazad01.cbl
GPAZAV01,PR,Premises and Operations Liability,AZ,ADD,VSAM-ACCESS,,GPAZC001,programs/PR/gpazav01.cbl
GPAZIL01,PR,Premises and Operations Liability,AZ,INQUIRE,BUSINESS-LOGIC,GPAZID01,GPAZC001,programs/PR/gpazil01.cbl
GPAZID01,PR,Premises and Operations Liability,AZ,INQUIRE,DB2-ACCESS,,GPAZC001,programs/PR/gpazid01.cbl
GPAZIV01,PR,Premises and Operations Liability,AZ,INQUIRE,VSAM-ACCESS,,GPAZC001,programs/PR/gpaziv01.cbl
GPAZUL01,PR,Premises and Operations Liability,AZ,UPDATE,BUSINESS-LOGIC,GPAZUD01,GPAZC001,programs/PR/gpazul01.cbl
GPAZUD01,PR,Premises and Operations Liability,AZ,UPDATE,DB2-ACCESS,GPAZUV01,GPAZC001,programs/PR/gpazud01.cbl
GPAZUV01,PR,Premises and Operations Liability,AZ,UPDATE,VSAM-ACCESS,,GPAZC001,programs/PR/gpazuv01.cbl
GPAZDL01,PR,Premises and Operations Liability,AZ,DELETE,BUSINESS-LOGIC,GPAZDD01,GPAZC001,programs/PR/gpazdl01.cbl
GPAZDD01,PR,Premises and Operations Liability,AZ,DELETE,DB2-ACCESS,GPAZDV01,GPAZC001,programs/PR/gpazdd01.cbl
GPAZDV01,PR,Premises and Operations Liability,AZ,DELETE,VSAM-ACCESS,,GPAZC001,programs/PR/gpazdv01.cbl
GPAZRL01,PR,Premises and Operations Liability,AZ,RATE,BUSINESS-LOGIC,GPAZRD01,GPAZC001,programs/PR/gpazrl01.cbl
GPAZRD01,PR,Premises and Operations Liability,AZ,RATE,DB2-ACCESS,,GPAZC001,programs/PR/gpazrd01.cbl
GPAZRV01,PR,Premises and Operations Liability,AZ,RATE,VSAM-ACCESS,,GPAZC001,programs/PR/gpazrv01.cbl
GPARAL01,PR,Premises and Operations Liability,AR,ADD,BUSINESS-LOGIC,GPARAD01,GPARC001,programs/PR/gparal01.cbl
GPARAD01,PR,Premises and Operations Liability,AR,ADD,DB2-ACCESS,GPARAV01,GPARC001,programs/PR/gparad01.cbl
GPARAV01,PR,Premises and Operations Liability,AR,ADD,VSAM-ACCESS,,GPARC001,programs/PR/gparav01.cbl
GPARIL01,PR,Premises and Operations Liability,AR,INQUIRE,BUSINESS-LOGIC,GPARID01,GPARC001,programs/PR/gparil01.cbl
GPARID01,PR,Premises and Operations Liability,AR,INQUIRE,DB2-ACCESS,,GPARC001,programs/PR/gparid01.cbl
GPARIV01,PR,Premises and Operations Liability,AR,INQUIRE,VSAM-ACCESS,,GPARC001,programs/PR/gpariv01.cbl
GPARUL01,PR,Premises and Operations Liability,AR,UPDATE,BUSINESS-LOGIC,GPARUD01,GPARC001,programs/PR/gparul01.cbl
GPARUD01,PR,Premises and Operations Liability,AR,UPDATE,DB2-ACCESS,GPARUV01,GPARC001,programs/PR/gparud01.cbl
GPARUV01,PR,Premises and Operations Liability,AR,UPDATE,VSAM-ACCESS,,GPARC001,programs/PR/gparuv01.cbl
GPARDL01,PR,Premises and Operations Liability,AR,DELETE,BUSINESS-LOGIC,GPARDD01,GPARC001,programs/PR/gpardl01.cbl
GPARDD01,PR,Premises and Operations Liability,AR,DELETE,DB2-ACCESS,GPARDV01,GPARC001,programs/PR/gpardd01.cbl
GPARDV01,PR,Premises and Operations Liability,AR,DELETE,VSAM-ACCESS,,GPARC001,programs/PR/gpardv01.cbl
GPARRL01,PR,Premises and Operations Liability,AR,RATE,BUSINESS-LOGIC,GPARRD01,GPARC001,programs/PR/gparrl01.cbl
GPARRD01,PR,Premises and Operations Liability,AR,RATE,DB2-ACCESS,,GPARC001,programs/PR/gparrd01.cbl
GPARRV01,PR,Premises and Operations Liability,AR,RATE,VSAM-ACCESS,,GPARC001,programs/PR/gparrv01.cbl
GPCAAL01,PR,Premises and Operations Liability,CA,ADD,BUSINESS-LOGIC,GPCAAD01,GPCAC001,programs/PR/gpcaal01.cbl
GPCAAD01,PR,Premises and Operations Liability,CA,ADD,DB2-ACCESS,GPCAAV01,GPCAC001,programs/PR/gpcaad01.cbl
GPCAAV01,PR,Premises and Operations Liability,CA,ADD,VSAM-ACCESS,,GPCAC001,programs/PR/gpcaav01.cbl
GPCAIL01,PR,Premises and Operations Liability,CA,INQUIRE,BUSINESS-LOGIC,GPCAID01,GPCAC001,programs/PR/gpcail01.cbl
GPCAID01,PR,Premises and Operations Liability,CA,INQUIRE,DB2-ACCESS,,GPCAC001,programs/PR/gpcaid01.cbl
GPCAIV01,PR,Premises and Operations Liability,CA,INQUIRE,VSAM-ACCESS,,GPCAC001,programs/PR/gpcaiv01.cbl
GPCAUL01,PR,Premises and Operations Liability,CA,UPDATE,BUSINESS-LOGIC,GPCAUD01,GPCAC001,programs/PR/gpcaul01.cbl
GPCAUD01,PR,Premises and Operations Liability,CA,UPDATE,DB2-ACCESS,GPCAUV01,GPCAC001,programs/PR/gpcaud01.cbl
GPCAUV01,PR,Premises and Operations Liability,CA,UPDATE,VSAM-ACCESS,,GPCAC001,programs/PR/gpcauv01.cbl
GPCADL01,PR,Premises and Operations Liability,CA,DELETE,BUSINESS-LOGIC,GPCADD01,GPCAC001,programs/PR/gpcadl01.cbl
GPCADD01,PR,Premises and Operations Liability,CA,DELETE,DB2-ACCESS,GPCADV01,GPCAC001,programs/PR/gpcadd01.cbl
GPCADV01,PR,Premises and Operations Liability,CA,DELETE,VSAM-ACCESS,,GPCAC001,programs/PR/gpcadv01.cbl
GPCARL01,PR,Premises and Operations Liability,CA,RATE,BUSINESS-LOGIC,GPCARD01,GPCAC001,programs/PR/gpcarl01.cbl
GPCARD01,PR,Premises and Operations Liability,CA,RATE,DB2-ACCESS,,GPCAC001,programs/PR/gpcard01.cbl
GPCARV01,PR,Premises and Operations Liability,CA,RATE,VSAM-ACCESS,,GPCAC001,programs/PR/gpcarv01.cbl
GPCOAL01,PR,Premises and Operations Liability,CO,ADD,BUSINESS-LOGIC,GPCOAD01,GPCOC001,programs/PR/gpcoal01.cbl
GPCOAD01,PR,Premises and Operations Liability,CO,ADD,DB2-ACCESS,GPCOAV01,GPCOC001,programs/PR/gpcoad01.cbl
GPCOAV01,PR,Premises and Operations Liability,CO,ADD,VSAM-ACCESS,,GPCOC001,programs/PR/gpcoav01.cbl
GPCOIL01,PR,Premises and Operations Liability,CO,INQUIRE,BUSINESS-LOGIC,GPCOID01,GPCOC001,programs/PR/gpcoil01.cbl
GPCOID01,PR,Premises and Operations Liability,CO,INQUIRE,DB2-ACCESS,,GPCOC001,programs/PR/gpcoid01.cbl
GPCOIV01,PR,Premises and Operations Liability,CO,INQUIRE,VSAM-ACCESS,,GPCOC001,programs/PR/gpcoiv01.cbl
GPCOUL01,PR,Premises and Operations Liability,CO,UPDATE,BUSINESS-LOGIC,GPCOUD01,GPCOC001,programs/PR/gpcoul01.cbl
GPCOUD01,PR,Premises and Operations Liability,CO,UPDATE,DB2-ACCESS,GPCOUV01,GPCOC001,programs/PR/gpcoud01.cbl
GPCOUV01,PR,Premises and Operations Liability,CO,UPDATE,VSAM-ACCESS,,GPCOC001,programs/PR/gpcouv01.cbl
GPCODL01,PR,Premises and Operations Liability,CO,DELETE,BUSINESS-LOGIC,GPCODD01,GPCOC001,programs/PR/gpcodl01.cbl
GPCODD01,PR,Premises and Operations Liability,CO,DELETE,DB2-ACCESS,GPCODV01,GPCOC001,programs/PR/gpcodd01.cbl
GPCODV01,PR,Premises and Operations Liability,CO,DELETE,VSAM-ACCESS,,GPCOC001,programs/PR/gpcodv01.cbl
GPCORL01,PR,Premises and Operations Liability,CO,RATE,BUSINESS-LOGIC,GPCORD01,GPCOC001,programs/PR/gpcorl01.cbl
GPCORD01,PR,Premises and Operations Liability,CO,RATE,DB2-ACCESS,,GPCOC001,programs/PR/gpcord01.cbl
GPCORV01,PR,Premises and Operations Liability,CO,RATE,VSAM-ACCESS,,GPCOC001,programs/PR/gpcorv01.cbl
GPCTAL01,PR,Premises and Operations Liability,CT,ADD,BUSINESS-LOGIC,GPCTAD01,GPCTC001,programs/PR/gpctal01.cbl
GPCTAD01,PR,Premises and Operations Liability,CT,ADD,DB2-ACCESS,GPCTAV01,GPCTC001,programs/PR/gpctad01.cbl
GPCTAV01,PR,Premises and Operations Liability,CT,ADD,VSAM-ACCESS,,GPCTC001,programs/PR/gpctav01.cbl
GPCTIL01,PR,Premises and Operations Liability,CT,INQUIRE,BUSINESS-LOGIC,GPCTID01,GPCTC001,programs/PR/gpctil01.cbl
GPCTID01,PR,Premises and Operations Liability,CT,INQUIRE,DB2-ACCESS,,GPCTC001,programs/PR/gpctid01.cbl
GPCTIV01,PR,Premises and Operations Liability,CT,INQUIRE,VSAM-ACCESS,,GPCTC001,programs/PR/gpctiv01.cbl
GPCTUL01,PR,Premises and Operations Liability,CT,UPDATE,BUSINESS-LOGIC,GPCTUD01,GPCTC001,programs/PR/gpctul01.cbl
GPCTUD01,PR,Premises and Operations Liability,CT,UPDATE,DB2-ACCESS,GPCTUV01,GPCTC001,programs/PR/gpctud01.cbl
GPCTUV01,PR,Premises and Operations Liability,CT,UPDATE,VSAM-ACCESS,,GPCTC001,programs/PR/gpctuv01.cbl
GPCTDL01,PR,Premises and Operations Liability,CT,DELETE,BUSINESS-LOGIC,GPCTDD01,GPCTC001,programs/PR/gpctdl01.cbl
GPCTDD01,PR,Premises and Operations Liability,CT,DELETE,DB2-ACCESS,GPCTDV01,GPCTC001,programs/PR/gpctdd01.cbl
GPCTDV01,PR,Premises and Operations Liability,CT,DELETE,VSAM-ACCESS,,GPCTC001,programs/PR/gpctdv01.cbl
GPCTRL01,PR,Premises and Operations Liability,CT,RATE,BUSINESS-LOGIC,GPCTRD01,GPCTC001,programs/PR/gpctrl01.cbl
GPCTRD01,PR,Premises and Operations Liability,CT,RATE,DB2-ACCESS,,GPCTC001,programs/PR/gpctrd01.cbl
GPCTRV01,PR,Premises and Operations Liability,CT,RATE,VSAM-ACCESS,,GPCTC001,programs/PR/gpctrv01.cbl
GPDEAL01,PR,Premises and Operations Liability,DE,ADD,BUSINESS-LOGIC,GPDEAD01,GPDEC001,programs/PR/gpdeal01.cbl
GPDEAD01,PR,Premises and Operations Liability,DE,ADD,DB2-ACCESS,GPDEAV01,GPDEC001,programs/PR/gpdead01.cbl
GPDEAV01,PR,Premises and Operations Liability,DE,ADD,VSAM-ACCESS,,GPDEC001,programs/PR/gpdeav01.cbl
GPDEIL01,PR,Premises and Operations Liability,DE,INQUIRE,BUSINESS-LOGIC,GPDEID01,GPDEC001,programs/PR/gpdeil01.cbl
GPDEID01,PR,Premises and Operations Liability,DE,INQUIRE,DB2-ACCESS,,GPDEC001,programs/PR/gpdeid01.cbl
GPDEIV01,PR,Premises and Operations Liability,DE,INQUIRE,VSAM-ACCESS,,GPDEC001,programs/PR/gpdeiv01.cbl
GPDEUL01,PR,Premises and Operations Liability,DE,UPDATE,BUSINESS-LOGIC,GPDEUD01,GPDEC001,programs/PR/gpdeul01.cbl
GPDEUD01,PR,Premises and Operations Liability,DE,UPDATE,DB2-ACCESS,GPDEUV01,GPDEC001,programs/PR/gpdeud01.cbl
GPDEUV01,PR,Premises and Operations Liability,DE,UPDATE,VSAM-ACCESS,,GPDEC001,programs/PR/gpdeuv01.cbl
GPDEDL01,PR,Premises and Operations Liability,DE,DELETE,BUSINESS-LOGIC,GPDEDD01,GPDEC001,programs/PR/gpdedl01.cbl
GPDEDD01,PR,Premises and Operations Liability,DE,DELETE,DB2-ACCESS,GPDEDV01,GPDEC001,programs/PR/gpdedd01.cbl
GPDEDV01,PR,Premises and Operations Liability,DE,DELETE,VSAM-ACCESS,,GPDEC001,programs/PR/gpdedv01.cbl
GPDERL01,PR,Premises and Operations Liability,DE,RATE,BUSINESS-LOGIC,GPDERD01,GPDEC001,programs/PR/gpderl01.cbl
GPDERD01,PR,Premises and Operations Liability,DE,RATE,DB2-ACCESS,,GPDEC001,programs/PR/gpderd01.cbl
GPDERV01,PR,Premises and Operations Liability,DE,RATE,VSAM-ACCESS,,GPDEC001,programs/PR/gpderv01.cbl
GPDCAL01,PR,Premises and Operations Liability,DC,ADD,BUSINESS-LOGIC,GPDCAD01,GPDCC001,programs/PR/gpdcal01.cbl
GPDCAD01,PR,Premises and Operations Liability,DC,ADD,DB2-ACCESS,GPDCAV01,GPDCC001,programs/PR/gpdcad01.cbl
GPDCAV01,PR,Premises and Operations Liability,DC,ADD,VSAM-ACCESS,,GPDCC001,programs/PR/gpdcav01.cbl
GPDCIL01,PR,Premises and Operations Liability,DC,INQUIRE,BUSINESS-LOGIC,GPDCID01,GPDCC001,programs/PR/gpdcil01.cbl
GPDCID01,PR,Premises and Operations Liability,DC,INQUIRE,DB2-ACCESS,,GPDCC001,programs/PR/gpdcid01.cbl
GPDCIV01,PR,Premises and Operations Liability,DC,INQUIRE,VSAM-ACCESS,,GPDCC001,programs/PR/gpdciv01.cbl
GPDCUL01,PR,Premises and Operations Liability,DC,UPDATE,BUSINESS-LOGIC,GPDCUD01,GPDCC001,programs/PR/gpdcul01.cbl
GPDCUD01,PR,Premises and Operations Liability,DC,UPDATE,DB2-ACCESS,GPDCUV01,GPDCC001,programs/PR/gpdcud01.cbl
GPDCUV01,PR,Premises and Operations Liability,DC,UPDATE,VSAM-ACCESS,,GPDCC001,programs/PR/gpdcuv01.cbl
GPDCDL01,PR,Premises and Operations Liability,DC,DELETE,BUSINESS-LOGIC,GPDCDD01,GPDCC001,programs/PR/gpdcdl01.cbl
GPDCDD01,PR,Premises and Operations Liability,DC,DELETE,DB2-ACCESS,GPDCDV01,GPDCC001,programs/PR/gpdcdd01.cbl
GPDCDV01,PR,Premises and Operations Liability,DC,DELETE,VSAM-ACCESS,,GPDCC001,programs/PR/gpdcdv01.cbl
GPDCRL01,PR,Premises and Operations Liability,DC,RATE,BUSINESS-LOGIC,GPDCRD01,GPDCC001,programs/PR/gpdcrl01.cbl
GPDCRD01,PR,Premises and Operations Liability,DC,RATE,DB2-ACCESS,,GPDCC001,programs/PR/gpdcrd01.cbl
GPDCRV01,PR,Premises and Operations Liability,DC,RATE,VSAM-ACCESS,,GPDCC001,programs/PR/gpdcrv01.cbl
GPFLAL01,PR,Premises and Operations Liability,FL,ADD,BUSINESS-LOGIC,GPFLAD01,GPFLC001,programs/PR/gpflal01.cbl
GPFLAD01,PR,Premises and Operations Liability,FL,ADD,DB2-ACCESS,GPFLAV01,GPFLC001,programs/PR/gpflad01.cbl
GPFLAV01,PR,Premises and Operations Liability,FL,ADD,VSAM-ACCESS,,GPFLC001,programs/PR/gpflav01.cbl
GPFLIL01,PR,Premises and Operations Liability,FL,INQUIRE,BUSINESS-LOGIC,GPFLID01,GPFLC001,programs/PR/gpflil01.cbl
GPFLID01,PR,Premises and Operations Liability,FL,INQUIRE,DB2-ACCESS,,GPFLC001,programs/PR/gpflid01.cbl
GPFLIV01,PR,Premises and Operations Liability,FL,INQUIRE,VSAM-ACCESS,,GPFLC001,programs/PR/gpfliv01.cbl
GPFLUL01,PR,Premises and Operations Liability,FL,UPDATE,BUSINESS-LOGIC,GPFLUD01,GPFLC001,programs/PR/gpflul01.cbl
GPFLUD01,PR,Premises and Operations Liability,FL,UPDATE,DB2-ACCESS,GPFLUV01,GPFLC001,programs/PR/gpflud01.cbl
GPFLUV01,PR,Premises and Operations Liability,FL,UPDATE,VSAM-ACCESS,,GPFLC001,programs/PR/gpfluv01.cbl
GPFLDL01,PR,Premises and Operations Liability,FL,DELETE,BUSINESS-LOGIC,GPFLDD01,GPFLC001,programs/PR/gpfldl01.cbl
GPFLDD01,PR,Premises and Operations Liability,FL,DELETE,DB2-ACCESS,GPFLDV01,GPFLC001,programs/PR/gpfldd01.cbl
GPFLDV01,PR,Premises and Operations Liability,FL,DELETE,VSAM-ACCESS,,GPFLC001,programs/PR/gpfldv01.cbl
GPFLRL01,PR,Premises and Operations Liability,FL,RATE,BUSINESS-LOGIC,GPFLRD01,GPFLC001,programs/PR/gpflrl01.cbl
GPFLRD01,PR,Premises and Operations Liability,FL,RATE,DB2-ACCESS,,GPFLC001,programs/PR/gpflrd01.cbl
GPFLRV01,PR,Premises and Operations Liability,FL,RATE,VSAM-ACCESS,,GPFLC001,programs/PR/gpflrv01.cbl
GPGAAL01,PR,Premises and Operations Liability,GA,ADD,BUSINESS-LOGIC,GPGAAD01,GPGAC001,programs/PR/gpgaal01.cbl
GPGAAD01,PR,Premises and Operations Liability,GA,ADD,DB2-ACCESS,GPGAAV01,GPGAC001,programs/PR/gpgaad01.cbl
GPGAAV01,PR,Premises and Operations Liability,GA,ADD,VSAM-ACCESS,,GPGAC001,programs/PR/gpgaav01.cbl
GPGAIL01,PR,Premises and Operations Liability,GA,INQUIRE,BUSINESS-LOGIC,GPGAID01,GPGAC001,programs/PR/gpgail01.cbl
GPGAID01,PR,Premises and Operations Liability,GA,INQUIRE,DB2-ACCESS,,GPGAC001,programs/PR/gpgaid01.cbl
GPGAIV01,PR,Premises and Operations Liability,GA,INQUIRE,VSAM-ACCESS,,GPGAC001,programs/PR/gpgaiv01.cbl
GPGAUL01,PR,Premises and Operations Liability,GA,UPDATE,BUSINESS-LOGIC,GPGAUD01,GPGAC001,programs/PR/gpgaul01.cbl
GPGAUD01,PR,Premises and Operations Liability,GA,UPDATE,DB2-ACCESS,GPGAUV01,GPGAC001,programs/PR/gpgaud01.cbl
GPGAUV01,PR,Premises and Operations Liability,GA,UPDATE,VSAM-ACCESS,,GPGAC001,programs/PR/gpgauv01.cbl
GPGADL01,PR,Premises and Operations Liability,GA,DELETE,BUSINESS-LOGIC,GPGADD01,GPGAC001,programs/PR/gpgadl01.cbl
GPGADD01,PR,Premises and Operations Liability,GA,DELETE,DB2-ACCESS,GPGADV01,GPGAC001,programs/PR/gpgadd01.cbl
GPGADV01,PR,Premises and Operations Liability,GA,DELETE,VSAM-ACCESS,,GPGAC001,programs/PR/gpgadv01.cbl
GPGARL01,PR,Premises and Operations Liability,GA,RATE,BUSINESS-LOGIC,GPGARD01,GPGAC001,programs/PR/gpgarl01.cbl
GPGARD01,PR,Premises and Operations Liability,GA,RATE,DB2-ACCESS,,GPGAC001,programs/PR/gpgard01.cbl
GPGARV01,PR,Premises and Operations Liability,GA,RATE,VSAM-ACCESS,,GPGAC001,programs/PR/gpgarv01.cbl
GPHIAL01,PR,Premises and Operations Liability,HI,ADD,BUSINESS-LOGIC,GPHIAD01,GPHIC001,programs/PR/gphial01.cbl
GPHIAD01,PR,Premises and Operations Liability,HI,ADD,DB2-ACCESS,GPHIAV01,GPHIC001,programs/PR/gphiad01.cbl
GPHIAV01,PR,Premises and Operations Liability,HI,ADD,VSAM-ACCESS,,GPHIC001,programs/PR/gphiav01.cbl
GPHIIL01,PR,Premises and Operations Liability,HI,INQUIRE,BUSINESS-LOGIC,GPHIID01,GPHIC001,programs/PR/gphiil01.cbl
GPHIID01,PR,Premises and Operations Liability,HI,INQUIRE,DB2-ACCESS,,GPHIC001,programs/PR/gphiid01.cbl
GPHIIV01,PR,Premises and Operations Liability,HI,INQUIRE,VSAM-ACCESS,,GPHIC001,programs/PR/gphiiv01.cbl
GPHIUL01,PR,Premises and Operations Liability,HI,UPDATE,BUSINESS-LOGIC,GPHIUD01,GPHIC001,programs/PR/gphiul01.cbl
GPHIUD01,PR,Premises and Operations Liability,HI,UPDATE,DB2-ACCESS,GPHIUV01,GPHIC001,programs/PR/gphiud01.cbl
GPHIUV01,PR,Premises and Operations Liability,HI,UPDATE,VSAM-ACCESS,,GPHIC001,programs/PR/gphiuv01.cbl
GPHIDL01,PR,Premises and Operations Liability,HI,DELETE,BUSINESS-LOGIC,GPHIDD01,GPHIC001,programs/PR/gphidl01.cbl
GPHIDD01,PR,Premises and Operations Liability,HI,DELETE,DB2-ACCESS,GPHIDV01,GPHIC001,programs/PR/gphidd01.cbl
GPHIDV01,PR,Premises and Operations Liability,HI,DELETE,VSAM-ACCESS,,GPHIC001,programs/PR/gphidv01.cbl
GPHIRL01,PR,Premises and Operations Liability,HI,RATE,BUSINESS-LOGIC,GPHIRD01,GPHIC001,programs/PR/gphirl01.cbl
GPHIRD01,PR,Premises and Operations Liability,HI,RATE,DB2-ACCESS,,GPHIC001,programs/PR/gphird01.cbl
GPHIRV01,PR,Premises and Operations Liability,HI,RATE,VSAM-ACCESS,,GPHIC001,programs/PR/gphirv01.cbl
GPIDAL01,PR,Premises and Operations Liability,ID,ADD,BUSINESS-LOGIC,GPIDAD01,GPIDC001,programs/PR/gpidal01.cbl
GPIDAD01,PR,Premises and Operations Liability,ID,ADD,DB2-ACCESS,GPIDAV01,GPIDC001,programs/PR/gpidad01.cbl
GPIDAV01,PR,Premises and Operations Liability,ID,ADD,VSAM-ACCESS,,GPIDC001,programs/PR/gpidav01.cbl
GPIDIL01,PR,Premises and Operations Liability,ID,INQUIRE,BUSINESS-LOGIC,GPIDID01,GPIDC001,programs/PR/gpidil01.cbl
GPIDID01,PR,Premises and Operations Liability,ID,INQUIRE,DB2-ACCESS,,GPIDC001,programs/PR/gpidid01.cbl
GPIDIV01,PR,Premises and Operations Liability,ID,INQUIRE,VSAM-ACCESS,,GPIDC001,programs/PR/gpidiv01.cbl
GPIDUL01,PR,Premises and Operations Liability,ID,UPDATE,BUSINESS-LOGIC,GPIDUD01,GPIDC001,programs/PR/gpidul01.cbl
GPIDUD01,PR,Premises and Operations Liability,ID,UPDATE,DB2-ACCESS,GPIDUV01,GPIDC001,programs/PR/gpidud01.cbl
GPIDUV01,PR,Premises and Operations Liability,ID,UPDATE,VSAM-ACCESS,,GPIDC001,programs/PR/gpiduv01.cbl
GPIDDL01,PR,Premises and Operations Liability,ID,DELETE,BUSINESS-LOGIC,GPIDDD01,GPIDC001,programs/PR/gpiddl01.cbl
GPIDDD01,PR,Premises and Operations Liability,ID,DELETE,DB2-ACCESS,GPIDDV01,GPIDC001,programs/PR/gpiddd01.cbl
GPIDDV01,PR,Premises and Operations Liability,ID,DELETE,VSAM-ACCESS,,GPIDC001,programs/PR/gpiddv01.cbl
GPIDRL01,PR,Premises and Operations Liability,ID,RATE,BUSINESS-LOGIC,GPIDRD01,GPIDC001,programs/PR/gpidrl01.cbl
GPIDRD01,PR,Premises and Operations Liability,ID,RATE,DB2-ACCESS,,GPIDC001,programs/PR/gpidrd01.cbl
GPIDRV01,PR,Premises and Operations Liability,ID,RATE,VSAM-ACCESS,,GPIDC001,programs/PR/gpidrv01.cbl
GPILAL01,PR,Premises and Operations Liability,IL,ADD,BUSINESS-LOGIC,GPILAD01,GPILC001,programs/PR/gpilal01.cbl
GPILAD01,PR,Premises and Operations Liability,IL,ADD,DB2-ACCESS,GPILAV01,GPILC001,programs/PR/gpilad01.cbl
GPILAV01,PR,Premises and Operations Liability,IL,ADD,VSAM-ACCESS,,GPILC001,programs/PR/gpilav01.cbl
GPILIL01,PR,Premises and Operations Liability,IL,INQUIRE,BUSINESS-LOGIC,GPILID01,GPILC001,programs/PR/gpilil01.cbl
GPILID01,PR,Premises and Operations Liability,IL,INQUIRE,DB2-ACCESS,,GPILC001,programs/PR/gpilid01.cbl
GPILIV01,PR,Premises and Operations Liability,IL,INQUIRE,VSAM-ACCESS,,GPILC001,programs/PR/gpiliv01.cbl
GPILUL01,PR,Premises and Operations Liability,IL,UPDATE,BUSINESS-LOGIC,GPILUD01,GPILC001,programs/PR/gpilul01.cbl
GPILUD01,PR,Premises and Operations Liability,IL,UPDATE,DB2-ACCESS,GPILUV01,GPILC001,programs/PR/gpilud01.cbl
GPILUV01,PR,Premises and Operations Liability,IL,UPDATE,VSAM-ACCESS,,GPILC001,programs/PR/gpiluv01.cbl
GPILDL01,PR,Premises and Operations Liability,IL,DELETE,BUSINESS-LOGIC,GPILDD01,GPILC001,programs/PR/gpildl01.cbl
GPILDD01,PR,Premises and Operations Liability,IL,DELETE,DB2-ACCESS,GPILDV01,GPILC001,programs/PR/gpildd01.cbl
GPILDV01,PR,Premises and Operations Liability,IL,DELETE,VSAM-ACCESS,,GPILC001,programs/PR/gpildv01.cbl
GPILRL01,PR,Premises and Operations Liability,IL,RATE,BUSINESS-LOGIC,GPILRD01,GPILC001,programs/PR/gpilrl01.cbl
GPILRD01,PR,Premises and Operations Liability,IL,RATE,DB2-ACCESS,,GPILC001,programs/PR/gpilrd01.cbl
GPILRV01,PR,Premises and Operations Liability,IL,RATE,VSAM-ACCESS,,GPILC001,programs/PR/gpilrv01.cbl
GPINAL01,PR,Premises and Operations Liability,IN,ADD,BUSINESS-LOGIC,GPINAD01,GPINC001,programs/PR/gpinal01.cbl
GPINAD01,PR,Premises and Operations Liability,IN,ADD,DB2-ACCESS,GPINAV01,GPINC001,programs/PR/gpinad01.cbl
GPINAV01,PR,Premises and Operations Liability,IN,ADD,VSAM-ACCESS,,GPINC001,programs/PR/gpinav01.cbl
GPINIL01,PR,Premises and Operations Liability,IN,INQUIRE,BUSINESS-LOGIC,GPINID01,GPINC001,programs/PR/gpinil01.cbl
GPINID01,PR,Premises and Operations Liability,IN,INQUIRE,DB2-ACCESS,,GPINC001,programs/PR/gpinid01.cbl
GPINIV01,PR,Premises and Operations Liability,IN,INQUIRE,VSAM-ACCESS,,GPINC001,programs/PR/gpiniv01.cbl
GPINUL01,PR,Premises and Operations Liability,IN,UPDATE,BUSINESS-LOGIC,GPINUD01,GPINC001,programs/PR/gpinul01.cbl
GPINUD01,PR,Premises and Operations Liability,IN,UPDATE,DB2-ACCESS,GPINUV01,GPINC001,programs/PR/gpinud01.cbl
GPINUV01,PR,Premises and Operations Liability,IN,UPDATE,VSAM-ACCESS,,GPINC001,programs/PR/gpinuv01.cbl
GPINDL01,PR,Premises and Operations Liability,IN,DELETE,BUSINESS-LOGIC,GPINDD01,GPINC001,programs/PR/gpindl01.cbl
GPINDD01,PR,Premises and Operations Liability,IN,DELETE,DB2-ACCESS,GPINDV01,GPINC001,programs/PR/gpindd01.cbl
GPINDV01,PR,Premises and Operations Liability,IN,DELETE,VSAM-ACCESS,,GPINC001,programs/PR/gpindv01.cbl
GPINRL01,PR,Premises and Operations Liability,IN,RATE,BUSINESS-LOGIC,GPINRD01,GPINC001,programs/PR/gpinrl01.cbl
GPINRD01,PR,Premises and Operations Liability,IN,RATE,DB2-ACCESS,,GPINC001,programs/PR/gpinrd01.cbl
GPINRV01,PR,Premises and Operations Liability,IN,RATE,VSAM-ACCESS,,GPINC001,programs/PR/gpinrv01.cbl
GPIAAL01,PR,Premises and Operations Liability,IA,ADD,BUSINESS-LOGIC,GPIAAD01,GPIAC001,programs/PR/gpiaal01.cbl
GPIAAD01,PR,Premises and Operations Liability,IA,ADD,DB2-ACCESS,GPIAAV01,GPIAC001,programs/PR/gpiaad01.cbl
GPIAAV01,PR,Premises and Operations Liability,IA,ADD,VSAM-ACCESS,,GPIAC001,programs/PR/gpiaav01.cbl
GPIAIL01,PR,Premises and Operations Liability,IA,INQUIRE,BUSINESS-LOGIC,GPIAID01,GPIAC001,programs/PR/gpiail01.cbl
GPIAID01,PR,Premises and Operations Liability,IA,INQUIRE,DB2-ACCESS,,GPIAC001,programs/PR/gpiaid01.cbl
GPIAIV01,PR,Premises and Operations Liability,IA,INQUIRE,VSAM-ACCESS,,GPIAC001,programs/PR/gpiaiv01.cbl
GPIAUL01,PR,Premises and Operations Liability,IA,UPDATE,BUSINESS-LOGIC,GPIAUD01,GPIAC001,programs/PR/gpiaul01.cbl
GPIAUD01,PR,Premises and Operations Liability,IA,UPDATE,DB2-ACCESS,GPIAUV01,GPIAC001,programs/PR/gpiaud01.cbl
GPIAUV01,PR,Premises and Operations Liability,IA,UPDATE,VSAM-ACCESS,,GPIAC001,programs/PR/gpiauv01.cbl
GPIADL01,PR,Premises and Operations Liability,IA,DELETE,BUSINESS-LOGIC,GPIADD01,GPIAC001,programs/PR/gpiadl01.cbl
GPIADD01,PR,Premises and Operations Liability,IA,DELETE,DB2-ACCESS,GPIADV01,GPIAC001,programs/PR/gpiadd01.cbl
GPIADV01,PR,Premises and Operations Liability,IA,DELETE,VSAM-ACCESS,,GPIAC001,programs/PR/gpiadv01.cbl
GPIARL01,PR,Premises and Operations Liability,IA,RATE,BUSINESS-LOGIC,GPIARD01,GPIAC001,programs/PR/gpiarl01.cbl
GPIARD01,PR,Premises and Operations Liability,IA,RATE,DB2-ACCESS,,GPIAC001,programs/PR/gpiard01.cbl
GPIARV01,PR,Premises and Operations Liability,IA,RATE,VSAM-ACCESS,,GPIAC001,programs/PR/gpiarv01.cbl
GPKSAL01,PR,Premises and Operations Liability,KS,ADD,BUSINESS-LOGIC,GPKSAD01,GPKSC001,programs/PR/gpksal01.cbl
GPKSAD01,PR,Premises and Operations Liability,KS,ADD,DB2-ACCESS,GPKSAV01,GPKSC001,programs/PR/gpksad01.cbl
GPKSAV01,PR,Premises and Operations Liability,KS,ADD,VSAM-ACCESS,,GPKSC001,programs/PR/gpksav01.cbl
GPKSIL01,PR,Premises and Operations Liability,KS,INQUIRE,BUSINESS-LOGIC,GPKSID01,GPKSC001,programs/PR/gpksil01.cbl
GPKSID01,PR,Premises and Operations Liability,KS,INQUIRE,DB2-ACCESS,,GPKSC001,programs/PR/gpksid01.cbl
GPKSIV01,PR,Premises and Operations Liability,KS,INQUIRE,VSAM-ACCESS,,GPKSC001,programs/PR/gpksiv01.cbl
GPKSUL01,PR,Premises and Operations Liability,KS,UPDATE,BUSINESS-LOGIC,GPKSUD01,GPKSC001,programs/PR/gpksul01.cbl
GPKSUD01,PR,Premises and Operations Liability,KS,UPDATE,DB2-ACCESS,GPKSUV01,GPKSC001,programs/PR/gpksud01.cbl
GPKSUV01,PR,Premises and Operations Liability,KS,UPDATE,VSAM-ACCESS,,GPKSC001,programs/PR/gpksuv01.cbl
GPKSDL01,PR,Premises and Operations Liability,KS,DELETE,BUSINESS-LOGIC,GPKSDD01,GPKSC001,programs/PR/gpksdl01.cbl
GPKSDD01,PR,Premises and Operations Liability,KS,DELETE,DB2-ACCESS,GPKSDV01,GPKSC001,programs/PR/gpksdd01.cbl
GPKSDV01,PR,Premises and Operations Liability,KS,DELETE,VSAM-ACCESS,,GPKSC001,programs/PR/gpksdv01.cbl
GPKSRL01,PR,Premises and Operations Liability,KS,RATE,BUSINESS-LOGIC,GPKSRD01,GPKSC001,programs/PR/gpksrl01.cbl
GPKSRD01,PR,Premises and Operations Liability,KS,RATE,DB2-ACCESS,,GPKSC001,programs/PR/gpksrd01.cbl
GPKSRV01,PR,Premises and Operations Liability,KS,RATE,VSAM-ACCESS,,GPKSC001,programs/PR/gpksrv01.cbl
GPKYAL01,PR,Premises and Operations Liability,KY,ADD,BUSINESS-LOGIC,GPKYAD01,GPKYC001,programs/PR/gpkyal01.cbl
GPKYAD01,PR,Premises and Operations Liability,KY,ADD,DB2-ACCESS,GPKYAV01,GPKYC001,programs/PR/gpkyad01.cbl
GPKYAV01,PR,Premises and Operations Liability,KY,ADD,VSAM-ACCESS,,GPKYC001,programs/PR/gpkyav01.cbl
GPKYIL01,PR,Premises and Operations Liability,KY,INQUIRE,BUSINESS-LOGIC,GPKYID01,GPKYC001,programs/PR/gpkyil01.cbl
GPKYID01,PR,Premises and Operations Liability,KY,INQUIRE,DB2-ACCESS,,GPKYC001,programs/PR/gpkyid01.cbl
GPKYIV01,PR,Premises and Operations Liability,KY,INQUIRE,VSAM-ACCESS,,GPKYC001,programs/PR/gpkyiv01.cbl
GPKYUL01,PR,Premises and Operations Liability,KY,UPDATE,BUSINESS-LOGIC,GPKYUD01,GPKYC001,programs/PR/gpkyul01.cbl
GPKYUD01,PR,Premises and Operations Liability,KY,UPDATE,DB2-ACCESS,GPKYUV01,GPKYC001,programs/PR/gpkyud01.cbl
GPKYUV01,PR,Premises and Operations Liability,KY,UPDATE,VSAM-ACCESS,,GPKYC001,programs/PR/gpkyuv01.cbl
GPKYDL01,PR,Premises and Operations Liability,KY,DELETE,BUSINESS-LOGIC,GPKYDD01,GPKYC001,programs/PR/gpkydl01.cbl
GPKYDD01,PR,Premises and Operations Liability,KY,DELETE,DB2-ACCESS,GPKYDV01,GPKYC001,programs/PR/gpkydd01.cbl
GPKYDV01,PR,Premises and Operations Liability,KY,DELETE,VSAM-ACCESS,,GPKYC001,programs/PR/gpkydv01.cbl
GPKYRL01,PR,Premises and Operations Liability,KY,RATE,BUSINESS-LOGIC,GPKYRD01,GPKYC001,programs/PR/gpkyrl01.cbl
GPKYRD01,PR,Premises and Operations Liability,KY,RATE,DB2-ACCESS,,GPKYC001,programs/PR/gpkyrd01.cbl
GPKYRV01,PR,Premises and Operations Liability,KY,RATE,VSAM-ACCESS,,GPKYC001,programs/PR/gpkyrv01.cbl
GPLAAL01,PR,Premises and Operations Liability,LA,ADD,BUSINESS-LOGIC,GPLAAD01,GPLAC001,programs/PR/gplaal01.cbl
GPLAAD01,PR,Premises and Operations Liability,LA,ADD,DB2-ACCESS,GPLAAV01,GPLAC001,programs/PR/gplaad01.cbl
GPLAAV01,PR,Premises and Operations Liability,LA,ADD,VSAM-ACCESS,,GPLAC001,programs/PR/gplaav01.cbl
GPLAIL01,PR,Premises and Operations Liability,LA,INQUIRE,BUSINESS-LOGIC,GPLAID01,GPLAC001,programs/PR/gplail01.cbl
GPLAID01,PR,Premises and Operations Liability,LA,INQUIRE,DB2-ACCESS,,GPLAC001,programs/PR/gplaid01.cbl
GPLAIV01,PR,Premises and Operations Liability,LA,INQUIRE,VSAM-ACCESS,,GPLAC001,programs/PR/gplaiv01.cbl
GPLAUL01,PR,Premises and Operations Liability,LA,UPDATE,BUSINESS-LOGIC,GPLAUD01,GPLAC001,programs/PR/gplaul01.cbl
GPLAUD01,PR,Premises and Operations Liability,LA,UPDATE,DB2-ACCESS,GPLAUV01,GPLAC001,programs/PR/gplaud01.cbl
GPLAUV01,PR,Premises and Operations Liability,LA,UPDATE,VSAM-ACCESS,,GPLAC001,programs/PR/gplauv01.cbl
GPLADL01,PR,Premises and Operations Liability,LA,DELETE,BUSINESS-LOGIC,GPLADD01,GPLAC001,programs/PR/gpladl01.cbl
GPLADD01,PR,Premises and Operations Liability,LA,DELETE,DB2-ACCESS,GPLADV01,GPLAC001,programs/PR/gpladd01.cbl
GPLADV01,PR,Premises and Operations Liability,LA,DELETE,VSAM-ACCESS,,GPLAC001,programs/PR/gpladv01.cbl
GPLARL01,PR,Premises and Operations Liability,LA,RATE,BUSINESS-LOGIC,GPLARD01,GPLAC001,programs/PR/gplarl01.cbl
GPLARD01,PR,Premises and Operations Liability,LA,RATE,DB2-ACCESS,,GPLAC001,programs/PR/gplard01.cbl
GPLARV01,PR,Premises and Operations Liability,LA,RATE,VSAM-ACCESS,,GPLAC001,programs/PR/gplarv01.cbl
GPMEAL01,PR,Premises and Operations Liability,ME,ADD,BUSINESS-LOGIC,GPMEAD01,GPMEC001,programs/PR/gpmeal01.cbl
GPMEAD01,PR,Premises and Operations Liability,ME,ADD,DB2-ACCESS,GPMEAV01,GPMEC001,programs/PR/gpmead01.cbl
GPMEAV01,PR,Premises and Operations Liability,ME,ADD,VSAM-ACCESS,,GPMEC001,programs/PR/gpmeav01.cbl
GPMEIL01,PR,Premises and Operations Liability,ME,INQUIRE,BUSINESS-LOGIC,GPMEID01,GPMEC001,programs/PR/gpmeil01.cbl
GPMEID01,PR,Premises and Operations Liability,ME,INQUIRE,DB2-ACCESS,,GPMEC001,programs/PR/gpmeid01.cbl
GPMEIV01,PR,Premises and Operations Liability,ME,INQUIRE,VSAM-ACCESS,,GPMEC001,programs/PR/gpmeiv01.cbl
GPMEUL01,PR,Premises and Operations Liability,ME,UPDATE,BUSINESS-LOGIC,GPMEUD01,GPMEC001,programs/PR/gpmeul01.cbl
GPMEUD01,PR,Premises and Operations Liability,ME,UPDATE,DB2-ACCESS,GPMEUV01,GPMEC001,programs/PR/gpmeud01.cbl
GPMEUV01,PR,Premises and Operations Liability,ME,UPDATE,VSAM-ACCESS,,GPMEC001,programs/PR/gpmeuv01.cbl
GPMEDL01,PR,Premises and Operations Liability,ME,DELETE,BUSINESS-LOGIC,GPMEDD01,GPMEC001,programs/PR/gpmedl01.cbl
GPMEDD01,PR,Premises and Operations Liability,ME,DELETE,DB2-ACCESS,GPMEDV01,GPMEC001,programs/PR/gpmedd01.cbl
GPMEDV01,PR,Premises and Operations Liability,ME,DELETE,VSAM-ACCESS,,GPMEC001,programs/PR/gpmedv01.cbl
GPMERL01,PR,Premises and Operations Liability,ME,RATE,BUSINESS-LOGIC,GPMERD01,GPMEC001,programs/PR/gpmerl01.cbl
GPMERD01,PR,Premises and Operations Liability,ME,RATE,DB2-ACCESS,,GPMEC001,programs/PR/gpmerd01.cbl
GPMERV01,PR,Premises and Operations Liability,ME,RATE,VSAM-ACCESS,,GPMEC001,programs/PR/gpmerv01.cbl
GPMDAL01,PR,Premises and Operations Liability,MD,ADD,BUSINESS-LOGIC,GPMDAD01,GPMDC001,programs/PR/gpmdal01.cbl
GPMDAD01,PR,Premises and Operations Liability,MD,ADD,DB2-ACCESS,GPMDAV01,GPMDC001,programs/PR/gpmdad01.cbl
GPMDAV01,PR,Premises and Operations Liability,MD,ADD,VSAM-ACCESS,,GPMDC001,programs/PR/gpmdav01.cbl
GPMDIL01,PR,Premises and Operations Liability,MD,INQUIRE,BUSINESS-LOGIC,GPMDID01,GPMDC001,programs/PR/gpmdil01.cbl
GPMDID01,PR,Premises and Operations Liability,MD,INQUIRE,DB2-ACCESS,,GPMDC001,programs/PR/gpmdid01.cbl
GPMDIV01,PR,Premises and Operations Liability,MD,INQUIRE,VSAM-ACCESS,,GPMDC001,programs/PR/gpmdiv01.cbl
GPMDUL01,PR,Premises and Operations Liability,MD,UPDATE,BUSINESS-LOGIC,GPMDUD01,GPMDC001,programs/PR/gpmdul01.cbl
GPMDUD01,PR,Premises and Operations Liability,MD,UPDATE,DB2-ACCESS,GPMDUV01,GPMDC001,programs/PR/gpmdud01.cbl
GPMDUV01,PR,Premises and Operations Liability,MD,UPDATE,VSAM-ACCESS,,GPMDC001,programs/PR/gpmduv01.cbl
GPMDDL01,PR,Premises and Operations Liability,MD,DELETE,BUSINESS-LOGIC,GPMDDD01,GPMDC001,programs/PR/gpmddl01.cbl
GPMDDD01,PR,Premises and Operations Liability,MD,DELETE,DB2-ACCESS,GPMDDV01,GPMDC001,programs/PR/gpmddd01.cbl
GPMDDV01,PR,Premises and Operations Liability,MD,DELETE,VSAM-ACCESS,,GPMDC001,programs/PR/gpmddv01.cbl
GPMDRL01,PR,Premises and Operations Liability,MD,RATE,BUSINESS-LOGIC,GPMDRD01,GPMDC001,programs/PR/gpmdrl01.cbl
GPMDRD01,PR,Premises and Operations Liability,MD,RATE,DB2-ACCESS,,GPMDC001,programs/PR/gpmdrd01.cbl
GPMDRV01,PR,Premises and Operations Liability,MD,RATE,VSAM-ACCESS,,GPMDC001,programs/PR/gpmdrv01.cbl
GPMAAL01,PR,Premises and Operations Liability,MA,ADD,BUSINESS-LOGIC,GPMAAD01,GPMAC001,programs/PR/gpmaal01.cbl
GPMAAD01,PR,Premises and Operations Liability,MA,ADD,DB2-ACCESS,GPMAAV01,GPMAC001,programs/PR/gpmaad01.cbl
GPMAAV01,PR,Premises and Operations Liability,MA,ADD,VSAM-ACCESS,,GPMAC001,programs/PR/gpmaav01.cbl
GPMAIL01,PR,Premises and Operations Liability,MA,INQUIRE,BUSINESS-LOGIC,GPMAID01,GPMAC001,programs/PR/gpmail01.cbl
GPMAID01,PR,Premises and Operations Liability,MA,INQUIRE,DB2-ACCESS,,GPMAC001,programs/PR/gpmaid01.cbl
GPMAIV01,PR,Premises and Operations Liability,MA,INQUIRE,VSAM-ACCESS,,GPMAC001,programs/PR/gpmaiv01.cbl
GPMAUL01,PR,Premises and Operations Liability,MA,UPDATE,BUSINESS-LOGIC,GPMAUD01,GPMAC001,programs/PR/gpmaul01.cbl
GPMAUD01,PR,Premises and Operations Liability,MA,UPDATE,DB2-ACCESS,GPMAUV01,GPMAC001,programs/PR/gpmaud01.cbl
GPMAUV01,PR,Premises and Operations Liability,MA,UPDATE,VSAM-ACCESS,,GPMAC001,programs/PR/gpmauv01.cbl
GPMADL01,PR,Premises and Operations Liability,MA,DELETE,BUSINESS-LOGIC,GPMADD01,GPMAC001,programs/PR/gpmadl01.cbl
GPMADD01,PR,Premises and Operations Liability,MA,DELETE,DB2-ACCESS,GPMADV01,GPMAC001,programs/PR/gpmadd01.cbl
GPMADV01,PR,Premises and Operations Liability,MA,DELETE,VSAM-ACCESS,,GPMAC001,programs/PR/gpmadv01.cbl
GPMARL01,PR,Premises and Operations Liability,MA,RATE,BUSINESS-LOGIC,GPMARD01,GPMAC001,programs/PR/gpmarl01.cbl
GPMARD01,PR,Premises and Operations Liability,MA,RATE,DB2-ACCESS,,GPMAC001,programs/PR/gpmard01.cbl
GPMARV01,PR,Premises and Operations Liability,MA,RATE,VSAM-ACCESS,,GPMAC001,programs/PR/gpmarv01.cbl
GPMIAL01,PR,Premises and Operations Liability,MI,ADD,BUSINESS-LOGIC,GPMIAD01,GPMIC001,programs/PR/gpmial01.cbl
GPMIAD01,PR,Premises and Operations Liability,MI,ADD,DB2-ACCESS,GPMIAV01,GPMIC001,programs/PR/gpmiad01.cbl
GPMIAV01,PR,Premises and Operations Liability,MI,ADD,VSAM-ACCESS,,GPMIC001,programs/PR/gpmiav01.cbl
GPMIIL01,PR,Premises and Operations Liability,MI,INQUIRE,BUSINESS-LOGIC,GPMIID01,GPMIC001,programs/PR/gpmiil01.cbl
GPMIID01,PR,Premises and Operations Liability,MI,INQUIRE,DB2-ACCESS,,GPMIC001,programs/PR/gpmiid01.cbl
GPMIIV01,PR,Premises and Operations Liability,MI,INQUIRE,VSAM-ACCESS,,GPMIC001,programs/PR/gpmiiv01.cbl
GPMIUL01,PR,Premises and Operations Liability,MI,UPDATE,BUSINESS-LOGIC,GPMIUD01,GPMIC001,programs/PR/gpmiul01.cbl
GPMIUD01,PR,Premises and Operations Liability,MI,UPDATE,DB2-ACCESS,GPMIUV01,GPMIC001,programs/PR/gpmiud01.cbl
GPMIUV01,PR,Premises and Operations Liability,MI,UPDATE,VSAM-ACCESS,,GPMIC001,programs/PR/gpmiuv01.cbl
GPMIDL01,PR,Premises and Operations Liability,MI,DELETE,BUSINESS-LOGIC,GPMIDD01,GPMIC001,programs/PR/gpmidl01.cbl
GPMIDD01,PR,Premises and Operations Liability,MI,DELETE,DB2-ACCESS,GPMIDV01,GPMIC001,programs/PR/gpmidd01.cbl
GPMIDV01,PR,Premises and Operations Liability,MI,DELETE,VSAM-ACCESS,,GPMIC001,programs/PR/gpmidv01.cbl
GPMIRL01,PR,Premises and Operations Liability,MI,RATE,BUSINESS-LOGIC,GPMIRD01,GPMIC001,programs/PR/gpmirl01.cbl
GPMIRD01,PR,Premises and Operations Liability,MI,RATE,DB2-ACCESS,,GPMIC001,programs/PR/gpmird01.cbl
GPMIRV01,PR,Premises and Operations Liability,MI,RATE,VSAM-ACCESS,,GPMIC001,programs/PR/gpmirv01.cbl
GPMNAL01,PR,Premises and Operations Liability,MN,ADD,BUSINESS-LOGIC,GPMNAD01,GPMNC001,programs/PR/gpmnal01.cbl
GPMNAD01,PR,Premises and Operations Liability,MN,ADD,DB2-ACCESS,GPMNAV01,GPMNC001,programs/PR/gpmnad01.cbl
GPMNAV01,PR,Premises and Operations Liability,MN,ADD,VSAM-ACCESS,,GPMNC001,programs/PR/gpmnav01.cbl
GPMNIL01,PR,Premises and Operations Liability,MN,INQUIRE,BUSINESS-LOGIC,GPMNID01,GPMNC001,programs/PR/gpmnil01.cbl
GPMNID01,PR,Premises and Operations Liability,MN,INQUIRE,DB2-ACCESS,,GPMNC001,programs/PR/gpmnid01.cbl
GPMNIV01,PR,Premises and Operations Liability,MN,INQUIRE,VSAM-ACCESS,,GPMNC001,programs/PR/gpmniv01.cbl
GPMNUL01,PR,Premises and Operations Liability,MN,UPDATE,BUSINESS-LOGIC,GPMNUD01,GPMNC001,programs/PR/gpmnul01.cbl
GPMNUD01,PR,Premises and Operations Liability,MN,UPDATE,DB2-ACCESS,GPMNUV01,GPMNC001,programs/PR/gpmnud01.cbl
GPMNUV01,PR,Premises and Operations Liability,MN,UPDATE,VSAM-ACCESS,,GPMNC001,programs/PR/gpmnuv01.cbl
GPMNDL01,PR,Premises and Operations Liability,MN,DELETE,BUSINESS-LOGIC,GPMNDD01,GPMNC001,programs/PR/gpmndl01.cbl
GPMNDD01,PR,Premises and Operations Liability,MN,DELETE,DB2-ACCESS,GPMNDV01,GPMNC001,programs/PR/gpmndd01.cbl
GPMNDV01,PR,Premises and Operations Liability,MN,DELETE,VSAM-ACCESS,,GPMNC001,programs/PR/gpmndv01.cbl
GPMNRL01,PR,Premises and Operations Liability,MN,RATE,BUSINESS-LOGIC,GPMNRD01,GPMNC001,programs/PR/gpmnrl01.cbl
GPMNRD01,PR,Premises and Operations Liability,MN,RATE,DB2-ACCESS,,GPMNC001,programs/PR/gpmnrd01.cbl
GPMNRV01,PR,Premises and Operations Liability,MN,RATE,VSAM-ACCESS,,GPMNC001,programs/PR/gpmnrv01.cbl
GPMSAL01,PR,Premises and Operations Liability,MS,ADD,BUSINESS-LOGIC,GPMSAD01,GPMSC001,programs/PR/gpmsal01.cbl
GPMSAD01,PR,Premises and Operations Liability,MS,ADD,DB2-ACCESS,GPMSAV01,GPMSC001,programs/PR/gpmsad01.cbl
GPMSAV01,PR,Premises and Operations Liability,MS,ADD,VSAM-ACCESS,,GPMSC001,programs/PR/gpmsav01.cbl
GPMSIL01,PR,Premises and Operations Liability,MS,INQUIRE,BUSINESS-LOGIC,GPMSID01,GPMSC001,programs/PR/gpmsil01.cbl
GPMSID01,PR,Premises and Operations Liability,MS,INQUIRE,DB2-ACCESS,,GPMSC001,programs/PR/gpmsid01.cbl
GPMSIV01,PR,Premises and Operations Liability,MS,INQUIRE,VSAM-ACCESS,,GPMSC001,programs/PR/gpmsiv01.cbl
GPMSUL01,PR,Premises and Operations Liability,MS,UPDATE,BUSINESS-LOGIC,GPMSUD01,GPMSC001,programs/PR/gpmsul01.cbl
GPMSUD01,PR,Premises and Operations Liability,MS,UPDATE,DB2-ACCESS,GPMSUV01,GPMSC001,programs/PR/gpmsud01.cbl
GPMSUV01,PR,Premises and Operations Liability,MS,UPDATE,VSAM-ACCESS,,GPMSC001,programs/PR/gpmsuv01.cbl
GPMSDL01,PR,Premises and Operations Liability,MS,DELETE,BUSINESS-LOGIC,GPMSDD01,GPMSC001,programs/PR/gpmsdl01.cbl
GPMSDD01,PR,Premises and Operations Liability,MS,DELETE,DB2-ACCESS,GPMSDV01,GPMSC001,programs/PR/gpmsdd01.cbl
GPMSDV01,PR,Premises and Operations Liability,MS,DELETE,VSAM-ACCESS,,GPMSC001,programs/PR/gpmsdv01.cbl
GPMSRL01,PR,Premises and Operations Liability,MS,RATE,BUSINESS-LOGIC,GPMSRD01,GPMSC001,programs/PR/gpmsrl01.cbl
GPMSRD01,PR,Premises and Operations Liability,MS,RATE,DB2-ACCESS,,GPMSC001,programs/PR/gpmsrd01.cbl
GPMSRV01,PR,Premises and Operations Liability,MS,RATE,VSAM-ACCESS,,GPMSC001,programs/PR/gpmsrv01.cbl
GPMOAL01,PR,Premises and Operations Liability,MO,ADD,BUSINESS-LOGIC,GPMOAD01,GPMOC001,programs/PR/gpmoal01.cbl
GPMOAD01,PR,Premises and Operations Liability,MO,ADD,DB2-ACCESS,GPMOAV01,GPMOC001,programs/PR/gpmoad01.cbl
GPMOAV01,PR,Premises and Operations Liability,MO,ADD,VSAM-ACCESS,,GPMOC001,programs/PR/gpmoav01.cbl
GPMOIL01,PR,Premises and Operations Liability,MO,INQUIRE,BUSINESS-LOGIC,GPMOID01,GPMOC001,programs/PR/gpmoil01.cbl
GPMOID01,PR,Premises and Operations Liability,MO,INQUIRE,DB2-ACCESS,,GPMOC001,programs/PR/gpmoid01.cbl
GPMOIV01,PR,Premises and Operations Liability,MO,INQUIRE,VSAM-ACCESS,,GPMOC001,programs/PR/gpmoiv01.cbl
GPMOUL01,PR,Premises and Operations Liability,MO,UPDATE,BUSINESS-LOGIC,GPMOUD01,GPMOC001,programs/PR/gpmoul01.cbl
GPMOUD01,PR,Premises and Operations Liability,MO,UPDATE,DB2-ACCESS,GPMOUV01,GPMOC001,programs/PR/gpmoud01.cbl
GPMOUV01,PR,Premises and Operations Liability,MO,UPDATE,VSAM-ACCESS,,GPMOC001,programs/PR/gpmouv01.cbl
GPMODL01,PR,Premises and Operations Liability,MO,DELETE,BUSINESS-LOGIC,GPMODD01,GPMOC001,programs/PR/gpmodl01.cbl
GPMODD01,PR,Premises and Operations Liability,MO,DELETE,DB2-ACCESS,GPMODV01,GPMOC001,programs/PR/gpmodd01.cbl
GPMODV01,PR,Premises and Operations Liability,MO,DELETE,VSAM-ACCESS,,GPMOC001,programs/PR/gpmodv01.cbl
GPMORL01,PR,Premises and Operations Liability,MO,RATE,BUSINESS-LOGIC,GPMORD01,GPMOC001,programs/PR/gpmorl01.cbl
GPMORD01,PR,Premises and Operations Liability,MO,RATE,DB2-ACCESS,,GPMOC001,programs/PR/gpmord01.cbl
GPMORV01,PR,Premises and Operations Liability,MO,RATE,VSAM-ACCESS,,GPMOC001,programs/PR/gpmorv01.cbl
GPMTAL01,PR,Premises and Operations Liability,MT,ADD,BUSINESS-LOGIC,GPMTAD01,GPMTC001,programs/PR/gpmtal01.cbl
GPMTAD01,PR,Premises and Operations Liability,MT,ADD,DB2-ACCESS,GPMTAV01,GPMTC001,programs/PR/gpmtad01.cbl
GPMTAV01,PR,Premises and Operations Liability,MT,ADD,VSAM-ACCESS,,GPMTC001,programs/PR/gpmtav01.cbl
GPMTIL01,PR,Premises and Operations Liability,MT,INQUIRE,BUSINESS-LOGIC,GPMTID01,GPMTC001,programs/PR/gpmtil01.cbl
GPMTID01,PR,Premises and Operations Liability,MT,INQUIRE,DB2-ACCESS,,GPMTC001,programs/PR/gpmtid01.cbl
GPMTIV01,PR,Premises and Operations Liability,MT,INQUIRE,VSAM-ACCESS,,GPMTC001,programs/PR/gpmtiv01.cbl
GPMTUL01,PR,Premises and Operations Liability,MT,UPDATE,BUSINESS-LOGIC,GPMTUD01,GPMTC001,programs/PR/gpmtul01.cbl
GPMTUD01,PR,Premises and Operations Liability,MT,UPDATE,DB2-ACCESS,GPMTUV01,GPMTC001,programs/PR/gpmtud01.cbl
GPMTUV01,PR,Premises and Operations Liability,MT,UPDATE,VSAM-ACCESS,,GPMTC001,programs/PR/gpmtuv01.cbl
GPMTDL01,PR,Premises and Operations Liability,MT,DELETE,BUSINESS-LOGIC,GPMTDD01,GPMTC001,programs/PR/gpmtdl01.cbl
GPMTDD01,PR,Premises and Operations Liability,MT,DELETE,DB2-ACCESS,GPMTDV01,GPMTC001,programs/PR/gpmtdd01.cbl
GPMTDV01,PR,Premises and Operations Liability,MT,DELETE,VSAM-ACCESS,,GPMTC001,programs/PR/gpmtdv01.cbl
GPMTRL01,PR,Premises and Operations Liability,MT,RATE,BUSINESS-LOGIC,GPMTRD01,GPMTC001,programs/PR/gpmtrl01.cbl
GPMTRD01,PR,Premises and Operations Liability,MT,RATE,DB2-ACCESS,,GPMTC001,programs/PR/gpmtrd01.cbl
GPMTRV01,PR,Premises and Operations Liability,MT,RATE,VSAM-ACCESS,,GPMTC001,programs/PR/gpmtrv01.cbl
GPNEAL01,PR,Premises and Operations Liability,NE,ADD,BUSINESS-LOGIC,GPNEAD01,GPNEC001,programs/PR/gpneal01.cbl
GPNEAD01,PR,Premises and Operations Liability,NE,ADD,DB2-ACCESS,GPNEAV01,GPNEC001,programs/PR/gpnead01.cbl
GPNEAV01,PR,Premises and Operations Liability,NE,ADD,VSAM-ACCESS,,GPNEC001,programs/PR/gpneav01.cbl
GPNEIL01,PR,Premises and Operations Liability,NE,INQUIRE,BUSINESS-LOGIC,GPNEID01,GPNEC001,programs/PR/gpneil01.cbl
GPNEID01,PR,Premises and Operations Liability,NE,INQUIRE,DB2-ACCESS,,GPNEC001,programs/PR/gpneid01.cbl
GPNEIV01,PR,Premises and Operations Liability,NE,INQUIRE,VSAM-ACCESS,,GPNEC001,programs/PR/gpneiv01.cbl
GPNEUL01,PR,Premises and Operations Liability,NE,UPDATE,BUSINESS-LOGIC,GPNEUD01,GPNEC001,programs/PR/gpneul01.cbl
GPNEUD01,PR,Premises and Operations Liability,NE,UPDATE,DB2-ACCESS,GPNEUV01,GPNEC001,programs/PR/gpneud01.cbl
GPNEUV01,PR,Premises and Operations Liability,NE,UPDATE,VSAM-ACCESS,,GPNEC001,programs/PR/gpneuv01.cbl
GPNEDL01,PR,Premises and Operations Liability,NE,DELETE,BUSINESS-LOGIC,GPNEDD01,GPNEC001,programs/PR/gpnedl01.cbl
GPNEDD01,PR,Premises and Operations Liability,NE,DELETE,DB2-ACCESS,GPNEDV01,GPNEC001,programs/PR/gpnedd01.cbl
GPNEDV01,PR,Premises and Operations Liability,NE,DELETE,VSAM-ACCESS,,GPNEC001,programs/PR/gpnedv01.cbl
GPNERL01,PR,Premises and Operations Liability,NE,RATE,BUSINESS-LOGIC,GPNERD01,GPNEC001,programs/PR/gpnerl01.cbl
GPNERD01,PR,Premises and Operations Liability,NE,RATE,DB2-ACCESS,,GPNEC001,programs/PR/gpnerd01.cbl
GPNERV01,PR,Premises and Operations Liability,NE,RATE,VSAM-ACCESS,,GPNEC001,programs/PR/gpnerv01.cbl
GPNVAL01,PR,Premises and Operations Liability,NV,ADD,BUSINESS-LOGIC,GPNVAD01,GPNVC001,programs/PR/gpnval01.cbl
GPNVAD01,PR,Premises and Operations Liability,NV,ADD,DB2-ACCESS,GPNVAV01,GPNVC001,programs/PR/gpnvad01.cbl
GPNVAV01,PR,Premises and Operations Liability,NV,ADD,VSAM-ACCESS,,GPNVC001,programs/PR/gpnvav01.cbl
GPNVIL01,PR,Premises and Operations Liability,NV,INQUIRE,BUSINESS-LOGIC,GPNVID01,GPNVC001,programs/PR/gpnvil01.cbl
GPNVID01,PR,Premises and Operations Liability,NV,INQUIRE,DB2-ACCESS,,GPNVC001,programs/PR/gpnvid01.cbl
GPNVIV01,PR,Premises and Operations Liability,NV,INQUIRE,VSAM-ACCESS,,GPNVC001,programs/PR/gpnviv01.cbl
GPNVUL01,PR,Premises and Operations Liability,NV,UPDATE,BUSINESS-LOGIC,GPNVUD01,GPNVC001,programs/PR/gpnvul01.cbl
GPNVUD01,PR,Premises and Operations Liability,NV,UPDATE,DB2-ACCESS,GPNVUV01,GPNVC001,programs/PR/gpnvud01.cbl
GPNVUV01,PR,Premises and Operations Liability,NV,UPDATE,VSAM-ACCESS,,GPNVC001,programs/PR/gpnvuv01.cbl
GPNVDL01,PR,Premises and Operations Liability,NV,DELETE,BUSINESS-LOGIC,GPNVDD01,GPNVC001,programs/PR/gpnvdl01.cbl
GPNVDD01,PR,Premises and Operations Liability,NV,DELETE,DB2-ACCESS,GPNVDV01,GPNVC001,programs/PR/gpnvdd01.cbl
GPNVDV01,PR,Premises and Operations Liability,NV,DELETE,VSAM-ACCESS,,GPNVC001,programs/PR/gpnvdv01.cbl
GPNVRL01,PR,Premises and Operations Liability,NV,RATE,BUSINESS-LOGIC,GPNVRD01,GPNVC001,programs/PR/gpnvrl01.cbl
GPNVRD01,PR,Premises and Operations Liability,NV,RATE,DB2-ACCESS,,GPNVC001,programs/PR/gpnvrd01.cbl
GPNVRV01,PR,Premises and Operations Liability,NV,RATE,VSAM-ACCESS,,GPNVC001,programs/PR/gpnvrv01.cbl
GPNHAL01,PR,Premises and Operations Liability,NH,ADD,BUSINESS-LOGIC,GPNHAD01,GPNHC001,programs/PR/gpnhal01.cbl
GPNHAD01,PR,Premises and Operations Liability,NH,ADD,DB2-ACCESS,GPNHAV01,GPNHC001,programs/PR/gpnhad01.cbl
GPNHAV01,PR,Premises and Operations Liability,NH,ADD,VSAM-ACCESS,,GPNHC001,programs/PR/gpnhav01.cbl
GPNHIL01,PR,Premises and Operations Liability,NH,INQUIRE,BUSINESS-LOGIC,GPNHID01,GPNHC001,programs/PR/gpnhil01.cbl
GPNHID01,PR,Premises and Operations Liability,NH,INQUIRE,DB2-ACCESS,,GPNHC001,programs/PR/gpnhid01.cbl
GPNHIV01,PR,Premises and Operations Liability,NH,INQUIRE,VSAM-ACCESS,,GPNHC001,programs/PR/gpnhiv01.cbl
GPNHUL01,PR,Premises and Operations Liability,NH,UPDATE,BUSINESS-LOGIC,GPNHUD01,GPNHC001,programs/PR/gpnhul01.cbl
GPNHUD01,PR,Premises and Operations Liability,NH,UPDATE,DB2-ACCESS,GPNHUV01,GPNHC001,programs/PR/gpnhud01.cbl
GPNHUV01,PR,Premises and Operations Liability,NH,UPDATE,VSAM-ACCESS,,GPNHC001,programs/PR/gpnhuv01.cbl
GPNHDL01,PR,Premises and Operations Liability,NH,DELETE,BUSINESS-LOGIC,GPNHDD01,GPNHC001,programs/PR/gpnhdl01.cbl
GPNHDD01,PR,Premises and Operations Liability,NH,DELETE,DB2-ACCESS,GPNHDV01,GPNHC001,programs/PR/gpnhdd01.cbl
GPNHDV01,PR,Premises and Operations Liability,NH,DELETE,VSAM-ACCESS,,GPNHC001,programs/PR/gpnhdv01.cbl
GPNHRL01,PR,Premises and Operations Liability,NH,RATE,BUSINESS-LOGIC,GPNHRD01,GPNHC001,programs/PR/gpnhrl01.cbl
GPNHRD01,PR,Premises and Operations Liability,NH,RATE,DB2-ACCESS,,GPNHC001,programs/PR/gpnhrd01.cbl
GPNHRV01,PR,Premises and Operations Liability,NH,RATE,VSAM-ACCESS,,GPNHC001,programs/PR/gpnhrv01.cbl
GPNJAL01,PR,Premises and Operations Liability,NJ,ADD,BUSINESS-LOGIC,GPNJAD01,GPNJC001,programs/PR/gpnjal01.cbl
GPNJAD01,PR,Premises and Operations Liability,NJ,ADD,DB2-ACCESS,GPNJAV01,GPNJC001,programs/PR/gpnjad01.cbl
GPNJAV01,PR,Premises and Operations Liability,NJ,ADD,VSAM-ACCESS,,GPNJC001,programs/PR/gpnjav01.cbl
GPNJIL01,PR,Premises and Operations Liability,NJ,INQUIRE,BUSINESS-LOGIC,GPNJID01,GPNJC001,programs/PR/gpnjil01.cbl
GPNJID01,PR,Premises and Operations Liability,NJ,INQUIRE,DB2-ACCESS,,GPNJC001,programs/PR/gpnjid01.cbl
GPNJIV01,PR,Premises and Operations Liability,NJ,INQUIRE,VSAM-ACCESS,,GPNJC001,programs/PR/gpnjiv01.cbl
GPNJUL01,PR,Premises and Operations Liability,NJ,UPDATE,BUSINESS-LOGIC,GPNJUD01,GPNJC001,programs/PR/gpnjul01.cbl
GPNJUD01,PR,Premises and Operations Liability,NJ,UPDATE,DB2-ACCESS,GPNJUV01,GPNJC001,programs/PR/gpnjud01.cbl
GPNJUV01,PR,Premises and Operations Liability,NJ,UPDATE,VSAM-ACCESS,,GPNJC001,programs/PR/gpnjuv01.cbl
GPNJDL01,PR,Premises and Operations Liability,NJ,DELETE,BUSINESS-LOGIC,GPNJDD01,GPNJC001,programs/PR/gpnjdl01.cbl
GPNJDD01,PR,Premises and Operations Liability,NJ,DELETE,DB2-ACCESS,GPNJDV01,GPNJC001,programs/PR/gpnjdd01.cbl
GPNJDV01,PR,Premises and Operations Liability,NJ,DELETE,VSAM-ACCESS,,GPNJC001,programs/PR/gpnjdv01.cbl
GPNJRL01,PR,Premises and Operations Liability,NJ,RATE,BUSINESS-LOGIC,GPNJRD01,GPNJC001,programs/PR/gpnjrl01.cbl
GPNJRD01,PR,Premises and Operations Liability,NJ,RATE,DB2-ACCESS,,GPNJC001,programs/PR/gpnjrd01.cbl
GPNJRV01,PR,Premises and Operations Liability,NJ,RATE,VSAM-ACCESS,,GPNJC001,programs/PR/gpnjrv01.cbl
GPNMAL01,PR,Premises and Operations Liability,NM,ADD,BUSINESS-LOGIC,GPNMAD01,GPNMC001,programs/PR/gpnmal01.cbl
GPNMAD01,PR,Premises and Operations Liability,NM,ADD,DB2-ACCESS,GPNMAV01,GPNMC001,programs/PR/gpnmad01.cbl
GPNMAV01,PR,Premises and Operations Liability,NM,ADD,VSAM-ACCESS,,GPNMC001,programs/PR/gpnmav01.cbl
GPNMIL01,PR,Premises and Operations Liability,NM,INQUIRE,BUSINESS-LOGIC,GPNMID01,GPNMC001,programs/PR/gpnmil01.cbl
GPNMID01,PR,Premises and Operations Liability,NM,INQUIRE,DB2-ACCESS,,GPNMC001,programs/PR/gpnmid01.cbl
GPNMIV01,PR,Premises and Operations Liability,NM,INQUIRE,VSAM-ACCESS,,GPNMC001,programs/PR/gpnmiv01.cbl
GPNMUL01,PR,Premises and Operations Liability,NM,UPDATE,BUSINESS-LOGIC,GPNMUD01,GPNMC001,programs/PR/gpnmul01.cbl
GPNMUD01,PR,Premises and Operations Liability,NM,UPDATE,DB2-ACCESS,GPNMUV01,GPNMC001,programs/PR/gpnmud01.cbl
GPNMUV01,PR,Premises and Operations Liability,NM,UPDATE,VSAM-ACCESS,,GPNMC001,programs/PR/gpnmuv01.cbl
GPNMDL01,PR,Premises and Operations Liability,NM,DELETE,BUSINESS-LOGIC,GPNMDD01,GPNMC001,programs/PR/gpnmdl01.cbl
GPNMDD01,PR,Premises and Operations Liability,NM,DELETE,DB2-ACCESS,GPNMDV01,GPNMC001,programs/PR/gpnmdd01.cbl
GPNMDV01,PR,Premises and Operations Liability,NM,DELETE,VSAM-ACCESS,,GPNMC001,programs/PR/gpnmdv01.cbl
GPNMRL01,PR,Premises and Operations Liability,NM,RATE,BUSINESS-LOGIC,GPNMRD01,GPNMC001,programs/PR/gpnmrl01.cbl
GPNMRD01,PR,Premises and Operations Liability,NM,RATE,DB2-ACCESS,,GPNMC001,programs/PR/gpnmrd01.cbl
GPNMRV01,PR,Premises and Operations Liability,NM,RATE,VSAM-ACCESS,,GPNMC001,programs/PR/gpnmrv01.cbl
GPNYAL01,PR,Premises and Operations Liability,NY,ADD,BUSINESS-LOGIC,GPNYAD01,GPNYC001,programs/PR/gpnyal01.cbl
GPNYAD01,PR,Premises and Operations Liability,NY,ADD,DB2-ACCESS,GPNYAV01,GPNYC001,programs/PR/gpnyad01.cbl
GPNYAV01,PR,Premises and Operations Liability,NY,ADD,VSAM-ACCESS,,GPNYC001,programs/PR/gpnyav01.cbl
GPNYIL01,PR,Premises and Operations Liability,NY,INQUIRE,BUSINESS-LOGIC,GPNYID01,GPNYC001,programs/PR/gpnyil01.cbl
GPNYID01,PR,Premises and Operations Liability,NY,INQUIRE,DB2-ACCESS,,GPNYC001,programs/PR/gpnyid01.cbl
GPNYIV01,PR,Premises and Operations Liability,NY,INQUIRE,VSAM-ACCESS,,GPNYC001,programs/PR/gpnyiv01.cbl
GPNYUL01,PR,Premises and Operations Liability,NY,UPDATE,BUSINESS-LOGIC,GPNYUD01,GPNYC001,programs/PR/gpnyul01.cbl
GPNYUD01,PR,Premises and Operations Liability,NY,UPDATE,DB2-ACCESS,GPNYUV01,GPNYC001,programs/PR/gpnyud01.cbl
GPNYUV01,PR,Premises and Operations Liability,NY,UPDATE,VSAM-ACCESS,,GPNYC001,programs/PR/gpnyuv01.cbl
GPNYDL01,PR,Premises and Operations Liability,NY,DELETE,BUSINESS-LOGIC,GPNYDD01,GPNYC001,programs/PR/gpnydl01.cbl
GPNYDD01,PR,Premises and Operations Liability,NY,DELETE,DB2-ACCESS,GPNYDV01,GPNYC001,programs/PR/gpnydd01.cbl
GPNYDV01,PR,Premises and Operations Liability,NY,DELETE,VSAM-ACCESS,,GPNYC001,programs/PR/gpnydv01.cbl
GPNYRL01,PR,Premises and Operations Liability,NY,RATE,BUSINESS-LOGIC,GPNYRD01,GPNYC001,programs/PR/gpnyrl01.cbl
GPNYRD01,PR,Premises and Operations Liability,NY,RATE,DB2-ACCESS,,GPNYC001,programs/PR/gpnyrd01.cbl
GPNYRV01,PR,Premises and Operations Liability,NY,RATE,VSAM-ACCESS,,GPNYC001,programs/PR/gpnyrv01.cbl
GPNCAL01,PR,Premises and Operations Liability,NC,ADD,BUSINESS-LOGIC,GPNCAD01,GPNCC001,programs/PR/gpncal01.cbl
GPNCAD01,PR,Premises and Operations Liability,NC,ADD,DB2-ACCESS,GPNCAV01,GPNCC001,programs/PR/gpncad01.cbl
GPNCAV01,PR,Premises and Operations Liability,NC,ADD,VSAM-ACCESS,,GPNCC001,programs/PR/gpncav01.cbl
GPNCIL01,PR,Premises and Operations Liability,NC,INQUIRE,BUSINESS-LOGIC,GPNCID01,GPNCC001,programs/PR/gpncil01.cbl
GPNCID01,PR,Premises and Operations Liability,NC,INQUIRE,DB2-ACCESS,,GPNCC001,programs/PR/gpncid01.cbl
GPNCIV01,PR,Premises and Operations Liability,NC,INQUIRE,VSAM-ACCESS,,GPNCC001,programs/PR/gpnciv01.cbl
GPNCUL01,PR,Premises and Operations Liability,NC,UPDATE,BUSINESS-LOGIC,GPNCUD01,GPNCC001,programs/PR/gpncul01.cbl
GPNCUD01,PR,Premises and Operations Liability,NC,UPDATE,DB2-ACCESS,GPNCUV01,GPNCC001,programs/PR/gpncud01.cbl
GPNCUV01,PR,Premises and Operations Liability,NC,UPDATE,VSAM-ACCESS,,GPNCC001,programs/PR/gpncuv01.cbl
GPNCDL01,PR,Premises and Operations Liability,NC,DELETE,BUSINESS-LOGIC,GPNCDD01,GPNCC001,programs/PR/gpncdl01.cbl
GPNCDD01,PR,Premises and Operations Liability,NC,DELETE,DB2-ACCESS,GPNCDV01,GPNCC001,programs/PR/gpncdd01.cbl
GPNCDV01,PR,Premises and Operations Liability,NC,DELETE,VSAM-ACCESS,,GPNCC001,programs/PR/gpncdv01.cbl
GPNCRL01,PR,Premises and Operations Liability,NC,RATE,BUSINESS-LOGIC,GPNCRD01,GPNCC001,programs/PR/gpncrl01.cbl
GPNCRD01,PR,Premises and Operations Liability,NC,RATE,DB2-ACCESS,,GPNCC001,programs/PR/gpncrd01.cbl
GPNCRV01,PR,Premises and Operations Liability,NC,RATE,VSAM-ACCESS,,GPNCC001,programs/PR/gpncrv01.cbl
GPNDAL01,PR,Premises and Operations Liability,ND,ADD,BUSINESS-LOGIC,GPNDAD01,GPNDC001,programs/PR/gpndal01.cbl
GPNDAD01,PR,Premises and Operations Liability,ND,ADD,DB2-ACCESS,GPNDAV01,GPNDC001,programs/PR/gpndad01.cbl
GPNDAV01,PR,Premises and Operations Liability,ND,ADD,VSAM-ACCESS,,GPNDC001,programs/PR/gpndav01.cbl
GPNDIL01,PR,Premises and Operations Liability,ND,INQUIRE,BUSINESS-LOGIC,GPNDID01,GPNDC001,programs/PR/gpndil01.cbl
GPNDID01,PR,Premises and Operations Liability,ND,INQUIRE,DB2-ACCESS,,GPNDC001,programs/PR/gpndid01.cbl
GPNDIV01,PR,Premises and Operations Liability,ND,INQUIRE,VSAM-ACCESS,,GPNDC001,programs/PR/gpndiv01.cbl
GPNDUL01,PR,Premises and Operations Liability,ND,UPDATE,BUSINESS-LOGIC,GPNDUD01,GPNDC001,programs/PR/gpndul01.cbl
GPNDUD01,PR,Premises and Operations Liability,ND,UPDATE,DB2-ACCESS,GPNDUV01,GPNDC001,programs/PR/gpndud01.cbl
GPNDUV01,PR,Premises and Operations Liability,ND,UPDATE,VSAM-ACCESS,,GPNDC001,programs/PR/gpnduv01.cbl
GPNDDL01,PR,Premises and Operations Liability,ND,DELETE,BUSINESS-LOGIC,GPNDDD01,GPNDC001,programs/PR/gpnddl01.cbl
GPNDDD01,PR,Premises and Operations Liability,ND,DELETE,DB2-ACCESS,GPNDDV01,GPNDC001,programs/PR/gpnddd01.cbl
GPNDDV01,PR,Premises and Operations Liability,ND,DELETE,VSAM-ACCESS,,GPNDC001,programs/PR/gpnddv01.cbl
GPNDRL01,PR,Premises and Operations Liability,ND,RATE,BUSINESS-LOGIC,GPNDRD01,GPNDC001,programs/PR/gpndrl01.cbl
GPNDRD01,PR,Premises and Operations Liability,ND,RATE,DB2-ACCESS,,GPNDC001,programs/PR/gpndrd01.cbl
GPNDRV01,PR,Premises and Operations Liability,ND,RATE,VSAM-ACCESS,,GPNDC001,programs/PR/gpndrv01.cbl
GPOHAL01,PR,Premises and Operations Liability,OH,ADD,BUSINESS-LOGIC,GPOHAD01,GPOHC001,programs/PR/gpohal01.cbl
GPOHAD01,PR,Premises and Operations Liability,OH,ADD,DB2-ACCESS,GPOHAV01,GPOHC001,programs/PR/gpohad01.cbl
GPOHAV01,PR,Premises and Operations Liability,OH,ADD,VSAM-ACCESS,,GPOHC001,programs/PR/gpohav01.cbl
GPOHIL01,PR,Premises and Operations Liability,OH,INQUIRE,BUSINESS-LOGIC,GPOHID01,GPOHC001,programs/PR/gpohil01.cbl
GPOHID01,PR,Premises and Operations Liability,OH,INQUIRE,DB2-ACCESS,,GPOHC001,programs/PR/gpohid01.cbl
GPOHIV01,PR,Premises and Operations Liability,OH,INQUIRE,VSAM-ACCESS,,GPOHC001,programs/PR/gpohiv01.cbl
GPOHUL01,PR,Premises and Operations Liability,OH,UPDATE,BUSINESS-LOGIC,GPOHUD01,GPOHC001,programs/PR/gpohul01.cbl
GPOHUD01,PR,Premises and Operations Liability,OH,UPDATE,DB2-ACCESS,GPOHUV01,GPOHC001,programs/PR/gpohud01.cbl
GPOHUV01,PR,Premises and Operations Liability,OH,UPDATE,VSAM-ACCESS,,GPOHC001,programs/PR/gpohuv01.cbl
GPOHDL01,PR,Premises and Operations Liability,OH,DELETE,BUSINESS-LOGIC,GPOHDD01,GPOHC001,programs/PR/gpohdl01.cbl
GPOHDD01,PR,Premises and Operations Liability,OH,DELETE,DB2-ACCESS,GPOHDV01,GPOHC001,programs/PR/gpohdd01.cbl
GPOHDV01,PR,Premises and Operations Liability,OH,DELETE,VSAM-ACCESS,,GPOHC001,programs/PR/gpohdv01.cbl
GPOHRL01,PR,Premises and Operations Liability,OH,RATE,BUSINESS-LOGIC,GPOHRD01,GPOHC001,programs/PR/gpohrl01.cbl
GPOHRD01,PR,Premises and Operations Liability,OH,RATE,DB2-ACCESS,,GPOHC001,programs/PR/gpohrd01.cbl
GPOHRV01,PR,Premises and Operations Liability,OH,RATE,VSAM-ACCESS,,GPOHC001,programs/PR/gpohrv01.cbl
GPOKAL01,PR,Premises and Operations Liability,OK,ADD,BUSINESS-LOGIC,GPOKAD01,GPOKC001,programs/PR/gpokal01.cbl
GPOKAD01,PR,Premises and Operations Liability,OK,ADD,DB2-ACCESS,GPOKAV01,GPOKC001,programs/PR/gpokad01.cbl
GPOKAV01,PR,Premises and Operations Liability,OK,ADD,VSAM-ACCESS,,GPOKC001,programs/PR/gpokav01.cbl
GPOKIL01,PR,Premises and Operations Liability,OK,INQUIRE,BUSINESS-LOGIC,GPOKID01,GPOKC001,programs/PR/gpokil01.cbl
GPOKID01,PR,Premises and Operations Liability,OK,INQUIRE,DB2-ACCESS,,GPOKC001,programs/PR/gpokid01.cbl
GPOKIV01,PR,Premises and Operations Liability,OK,INQUIRE,VSAM-ACCESS,,GPOKC001,programs/PR/gpokiv01.cbl
GPOKUL01,PR,Premises and Operations Liability,OK,UPDATE,BUSINESS-LOGIC,GPOKUD01,GPOKC001,programs/PR/gpokul01.cbl
GPOKUD01,PR,Premises and Operations Liability,OK,UPDATE,DB2-ACCESS,GPOKUV01,GPOKC001,programs/PR/gpokud01.cbl
GPOKUV01,PR,Premises and Operations Liability,OK,UPDATE,VSAM-ACCESS,,GPOKC001,programs/PR/gpokuv01.cbl
GPOKDL01,PR,Premises and Operations Liability,OK,DELETE,BUSINESS-LOGIC,GPOKDD01,GPOKC001,programs/PR/gpokdl01.cbl
GPOKDD01,PR,Premises and Operations Liability,OK,DELETE,DB2-ACCESS,GPOKDV01,GPOKC001,programs/PR/gpokdd01.cbl
GPOKDV01,PR,Premises and Operations Liability,OK,DELETE,VSAM-ACCESS,,GPOKC001,programs/PR/gpokdv01.cbl
GPOKRL01,PR,Premises and Operations Liability,OK,RATE,BUSINESS-LOGIC,GPOKRD01,GPOKC001,programs/PR/gpokrl01.cbl
GPOKRD01,PR,Premises and Operations Liability,OK,RATE,DB2-ACCESS,,GPOKC001,programs/PR/gpokrd01.cbl
GPOKRV01,PR,Premises and Operations Liability,OK,RATE,VSAM-ACCESS,,GPOKC001,programs/PR/gpokrv01.cbl
GPORAL01,PR,Premises and Operations Liability,OR,ADD,BUSINESS-LOGIC,GPORAD01,GPORC001,programs/PR/gporal01.cbl
GPORAD01,PR,Premises and Operations Liability,OR,ADD,DB2-ACCESS,GPORAV01,GPORC001,programs/PR/gporad01.cbl
GPORAV01,PR,Premises and Operations Liability,OR,ADD,VSAM-ACCESS,,GPORC001,programs/PR/gporav01.cbl
GPORIL01,PR,Premises and Operations Liability,OR,INQUIRE,BUSINESS-LOGIC,GPORID01,GPORC001,programs/PR/gporil01.cbl
GPORID01,PR,Premises and Operations Liability,OR,INQUIRE,DB2-ACCESS,,GPORC001,programs/PR/gporid01.cbl
GPORIV01,PR,Premises and Operations Liability,OR,INQUIRE,VSAM-ACCESS,,GPORC001,programs/PR/gporiv01.cbl
GPORUL01,PR,Premises and Operations Liability,OR,UPDATE,BUSINESS-LOGIC,GPORUD01,GPORC001,programs/PR/gporul01.cbl
GPORUD01,PR,Premises and Operations Liability,OR,UPDATE,DB2-ACCESS,GPORUV01,GPORC001,programs/PR/gporud01.cbl
GPORUV01,PR,Premises and Operations Liability,OR,UPDATE,VSAM-ACCESS,,GPORC001,programs/PR/gporuv01.cbl
GPORDL01,PR,Premises and Operations Liability,OR,DELETE,BUSINESS-LOGIC,GPORDD01,GPORC001,programs/PR/gpordl01.cbl
GPORDD01,PR,Premises and Operations Liability,OR,DELETE,DB2-ACCESS,GPORDV01,GPORC001,programs/PR/gpordd01.cbl
GPORDV01,PR,Premises and Operations Liability,OR,DELETE,VSAM-ACCESS,,GPORC001,programs/PR/gpordv01.cbl
GPORRL01,PR,Premises and Operations Liability,OR,RATE,BUSINESS-LOGIC,GPORRD01,GPORC001,programs/PR/gporrl01.cbl
GPORRD01,PR,Premises and Operations Liability,OR,RATE,DB2-ACCESS,,GPORC001,programs/PR/gporrd01.cbl
GPORRV01,PR,Premises and Operations Liability,OR,RATE,VSAM-ACCESS,,GPORC001,programs/PR/gporrv01.cbl
GPPAAL01,PR,Premises and Operations Liability,PA,ADD,BUSINESS-LOGIC,GPPAAD01,GPPAC001,programs/PR/gppaal01.cbl
GPPAAD01,PR,Premises and Operations Liability,PA,ADD,DB2-ACCESS,GPPAAV01,GPPAC001,programs/PR/gppaad01.cbl
GPPAAV01,PR,Premises and Operations Liability,PA,ADD,VSAM-ACCESS,,GPPAC001,programs/PR/gppaav01.cbl
GPPAIL01,PR,Premises and Operations Liability,PA,INQUIRE,BUSINESS-LOGIC,GPPAID01,GPPAC001,programs/PR/gppail01.cbl
GPPAID01,PR,Premises and Operations Liability,PA,INQUIRE,DB2-ACCESS,,GPPAC001,programs/PR/gppaid01.cbl
GPPAIV01,PR,Premises and Operations Liability,PA,INQUIRE,VSAM-ACCESS,,GPPAC001,programs/PR/gppaiv01.cbl
GPPAUL01,PR,Premises and Operations Liability,PA,UPDATE,BUSINESS-LOGIC,GPPAUD01,GPPAC001,programs/PR/gppaul01.cbl
GPPAUD01,PR,Premises and Operations Liability,PA,UPDATE,DB2-ACCESS,GPPAUV01,GPPAC001,programs/PR/gppaud01.cbl
GPPAUV01,PR,Premises and Operations Liability,PA,UPDATE,VSAM-ACCESS,,GPPAC001,programs/PR/gppauv01.cbl
GPPADL01,PR,Premises and Operations Liability,PA,DELETE,BUSINESS-LOGIC,GPPADD01,GPPAC001,programs/PR/gppadl01.cbl
GPPADD01,PR,Premises and Operations Liability,PA,DELETE,DB2-ACCESS,GPPADV01,GPPAC001,programs/PR/gppadd01.cbl
GPPADV01,PR,Premises and Operations Liability,PA,DELETE,VSAM-ACCESS,,GPPAC001,programs/PR/gppadv01.cbl
GPPARL01,PR,Premises and Operations Liability,PA,RATE,BUSINESS-LOGIC,GPPARD01,GPPAC001,programs/PR/gpparl01.cbl
GPPARD01,PR,Premises and Operations Liability,PA,RATE,DB2-ACCESS,,GPPAC001,programs/PR/gppard01.cbl
GPPARV01,PR,Premises and Operations Liability,PA,RATE,VSAM-ACCESS,,GPPAC001,programs/PR/gpparv01.cbl
GPRIAL01,PR,Premises and Operations Liability,RI,ADD,BUSINESS-LOGIC,GPRIAD01,GPRIC001,programs/PR/gprial01.cbl
GPRIAD01,PR,Premises and Operations Liability,RI,ADD,DB2-ACCESS,GPRIAV01,GPRIC001,programs/PR/gpriad01.cbl
GPRIAV01,PR,Premises and Operations Liability,RI,ADD,VSAM-ACCESS,,GPRIC001,programs/PR/gpriav01.cbl
GPRIIL01,PR,Premises and Operations Liability,RI,INQUIRE,BUSINESS-LOGIC,GPRIID01,GPRIC001,programs/PR/gpriil01.cbl
GPRIID01,PR,Premises and Operations Liability,RI,INQUIRE,DB2-ACCESS,,GPRIC001,programs/PR/gpriid01.cbl
GPRIIV01,PR,Premises and Operations Liability,RI,INQUIRE,VSAM-ACCESS,,GPRIC001,programs/PR/gpriiv01.cbl
GPRIUL01,PR,Premises and Operations Liability,RI,UPDATE,BUSINESS-LOGIC,GPRIUD01,GPRIC001,programs/PR/gpriul01.cbl
GPRIUD01,PR,Premises and Operations Liability,RI,UPDATE,DB2-ACCESS,GPRIUV01,GPRIC001,programs/PR/gpriud01.cbl
GPRIUV01,PR,Premises and Operations Liability,RI,UPDATE,VSAM-ACCESS,,GPRIC001,programs/PR/gpriuv01.cbl
GPRIDL01,PR,Premises and Operations Liability,RI,DELETE,BUSINESS-LOGIC,GPRIDD01,GPRIC001,programs/PR/gpridl01.cbl
GPRIDD01,PR,Premises and Operations Liability,RI,DELETE,DB2-ACCESS,GPRIDV01,GPRIC001,programs/PR/gpridd01.cbl
GPRIDV01,PR,Premises and Operations Liability,RI,DELETE,VSAM-ACCESS,,GPRIC001,programs/PR/gpridv01.cbl
GPRIRL01,PR,Premises and Operations Liability,RI,RATE,BUSINESS-LOGIC,GPRIRD01,GPRIC001,programs/PR/gprirl01.cbl
GPRIRD01,PR,Premises and Operations Liability,RI,RATE,DB2-ACCESS,,GPRIC001,programs/PR/gprird01.cbl
GPRIRV01,PR,Premises and Operations Liability,RI,RATE,VSAM-ACCESS,,GPRIC001,programs/PR/gprirv01.cbl
GPSCAL01,PR,Premises and Operations Liability,SC,ADD,BUSINESS-LOGIC,GPSCAD01,GPSCC001,programs/PR/gpscal01.cbl
GPSCAD01,PR,Premises and Operations Liability,SC,ADD,DB2-ACCESS,GPSCAV01,GPSCC001,programs/PR/gpscad01.cbl
GPSCAV01,PR,Premises and Operations Liability,SC,ADD,VSAM-ACCESS,,GPSCC001,programs/PR/gpscav01.cbl
GPSCIL01,PR,Premises and Operations Liability,SC,INQUIRE,BUSINESS-LOGIC,GPSCID01,GPSCC001,programs/PR/gpscil01.cbl
GPSCID01,PR,Premises and Operations Liability,SC,INQUIRE,DB2-ACCESS,,GPSCC001,programs/PR/gpscid01.cbl
GPSCIV01,PR,Premises and Operations Liability,SC,INQUIRE,VSAM-ACCESS,,GPSCC001,programs/PR/gpsciv01.cbl
GPSCUL01,PR,Premises and Operations Liability,SC,UPDATE,BUSINESS-LOGIC,GPSCUD01,GPSCC001,programs/PR/gpscul01.cbl
GPSCUD01,PR,Premises and Operations Liability,SC,UPDATE,DB2-ACCESS,GPSCUV01,GPSCC001,programs/PR/gpscud01.cbl
GPSCUV01,PR,Premises and Operations Liability,SC,UPDATE,VSAM-ACCESS,,GPSCC001,programs/PR/gpscuv01.cbl
GPSCDL01,PR,Premises and Operations Liability,SC,DELETE,BUSINESS-LOGIC,GPSCDD01,GPSCC001,programs/PR/gpscdl01.cbl
GPSCDD01,PR,Premises and Operations Liability,SC,DELETE,DB2-ACCESS,GPSCDV01,GPSCC001,programs/PR/gpscdd01.cbl
GPSCDV01,PR,Premises and Operations Liability,SC,DELETE,VSAM-ACCESS,,GPSCC001,programs/PR/gpscdv01.cbl
GPSCRL01,PR,Premises and Operations Liability,SC,RATE,BUSINESS-LOGIC,GPSCRD01,GPSCC001,programs/PR/gpscrl01.cbl
GPSCRD01,PR,Premises and Operations Liability,SC,RATE,DB2-ACCESS,,GPSCC001,programs/PR/gpscrd01.cbl
GPSCRV01,PR,Premises and Operations Liability,SC,RATE,VSAM-ACCESS,,GPSCC001,programs/PR/gpscrv01.cbl
GPSDAL01,PR,Premises and Operations Liability,SD,ADD,BUSINESS-LOGIC,GPSDAD01,GPSDC001,programs/PR/gpsdal01.cbl
GPSDAD01,PR,Premises and Operations Liability,SD,ADD,DB2-ACCESS,GPSDAV01,GPSDC001,programs/PR/gpsdad01.cbl
GPSDAV01,PR,Premises and Operations Liability,SD,ADD,VSAM-ACCESS,,GPSDC001,programs/PR/gpsdav01.cbl
GPSDIL01,PR,Premises and Operations Liability,SD,INQUIRE,BUSINESS-LOGIC,GPSDID01,GPSDC001,programs/PR/gpsdil01.cbl
GPSDID01,PR,Premises and Operations Liability,SD,INQUIRE,DB2-ACCESS,,GPSDC001,programs/PR/gpsdid01.cbl
GPSDIV01,PR,Premises and Operations Liability,SD,INQUIRE,VSAM-ACCESS,,GPSDC001,programs/PR/gpsdiv01.cbl
GPSDUL01,PR,Premises and Operations Liability,SD,UPDATE,BUSINESS-LOGIC,GPSDUD01,GPSDC001,programs/PR/gpsdul01.cbl
GPSDUD01,PR,Premises and Operations Liability,SD,UPDATE,DB2-ACCESS,GPSDUV01,GPSDC001,programs/PR/gpsdud01.cbl
GPSDUV01,PR,Premises and Operations Liability,SD,UPDATE,VSAM-ACCESS,,GPSDC001,programs/PR/gpsduv01.cbl
GPSDDL01,PR,Premises and Operations Liability,SD,DELETE,BUSINESS-LOGIC,GPSDDD01,GPSDC001,programs/PR/gpsddl01.cbl
GPSDDD01,PR,Premises and Operations Liability,SD,DELETE,DB2-ACCESS,GPSDDV01,GPSDC001,programs/PR/gpsddd01.cbl
GPSDDV01,PR,Premises and Operations Liability,SD,DELETE,VSAM-ACCESS,,GPSDC001,programs/PR/gpsddv01.cbl
GPSDRL01,PR,Premises and Operations Liability,SD,RATE,BUSINESS-LOGIC,GPSDRD01,GPSDC001,programs/PR/gpsdrl01.cbl
GPSDRD01,PR,Premises and Operations Liability,SD,RATE,DB2-ACCESS,,GPSDC001,programs/PR/gpsdrd01.cbl
GPSDRV01,PR,Premises and Operations Liability,SD,RATE,VSAM-ACCESS,,GPSDC001,programs/PR/gpsdrv01.cbl
GPTNAL01,PR,Premises and Operations Liability,TN,ADD,BUSINESS-LOGIC,GPTNAD01,GPTNC001,programs/PR/gptnal01.cbl
GPTNAD01,PR,Premises and Operations Liability,TN,ADD,DB2-ACCESS,GPTNAV01,GPTNC001,programs/PR/gptnad01.cbl
GPTNAV01,PR,Premises and Operations Liability,TN,ADD,VSAM-ACCESS,,GPTNC001,programs/PR/gptnav01.cbl
GPTNIL01,PR,Premises and Operations Liability,TN,INQUIRE,BUSINESS-LOGIC,GPTNID01,GPTNC001,programs/PR/gptnil01.cbl
GPTNID01,PR,Premises and Operations Liability,TN,INQUIRE,DB2-ACCESS,,GPTNC001,programs/PR/gptnid01.cbl
GPTNIV01,PR,Premises and Operations Liability,TN,INQUIRE,VSAM-ACCESS,,GPTNC001,programs/PR/gptniv01.cbl
GPTNUL01,PR,Premises and Operations Liability,TN,UPDATE,BUSINESS-LOGIC,GPTNUD01,GPTNC001,programs/PR/gptnul01.cbl
GPTNUD01,PR,Premises and Operations Liability,TN,UPDATE,DB2-ACCESS,GPTNUV01,GPTNC001,programs/PR/gptnud01.cbl
GPTNUV01,PR,Premises and Operations Liability,TN,UPDATE,VSAM-ACCESS,,GPTNC001,programs/PR/gptnuv01.cbl
GPTNDL01,PR,Premises and Operations Liability,TN,DELETE,BUSINESS-LOGIC,GPTNDD01,GPTNC001,programs/PR/gptndl01.cbl
GPTNDD01,PR,Premises and Operations Liability,TN,DELETE,DB2-ACCESS,GPTNDV01,GPTNC001,programs/PR/gptndd01.cbl
GPTNDV01,PR,Premises and Operations Liability,TN,DELETE,VSAM-ACCESS,,GPTNC001,programs/PR/gptndv01.cbl
GPTNRL01,PR,Premises and Operations Liability,TN,RATE,BUSINESS-LOGIC,GPTNRD01,GPTNC001,programs/PR/gptnrl01.cbl
GPTNRD01,PR,Premises and Operations Liability,TN,RATE,DB2-ACCESS,,GPTNC001,programs/PR/gptnrd01.cbl
GPTNRV01,PR,Premises and Operations Liability,TN,RATE,VSAM-ACCESS,,GPTNC001,programs/PR/gptnrv01.cbl
GPTXAL01,PR,Premises and Operations Liability,TX,ADD,BUSINESS-LOGIC,GPTXAD01,GPTXC001,programs/PR/gptxal01.cbl
GPTXAD01,PR,Premises and Operations Liability,TX,ADD,DB2-ACCESS,GPTXAV01,GPTXC001,programs/PR/gptxad01.cbl
GPTXAV01,PR,Premises and Operations Liability,TX,ADD,VSAM-ACCESS,,GPTXC001,programs/PR/gptxav01.cbl
GPTXIL01,PR,Premises and Operations Liability,TX,INQUIRE,BUSINESS-LOGIC,GPTXID01,GPTXC001,programs/PR/gptxil01.cbl
GPTXID01,PR,Premises and Operations Liability,TX,INQUIRE,DB2-ACCESS,,GPTXC001,programs/PR/gptxid01.cbl
GPTXIV01,PR,Premises and Operations Liability,TX,INQUIRE,VSAM-ACCESS,,GPTXC001,programs/PR/gptxiv01.cbl
GPTXUL01,PR,Premises and Operations Liability,TX,UPDATE,BUSINESS-LOGIC,GPTXUD01,GPTXC001,programs/PR/gptxul01.cbl
GPTXUD01,PR,Premises and Operations Liability,TX,UPDATE,DB2-ACCESS,GPTXUV01,GPTXC001,programs/PR/gptxud01.cbl
GPTXUV01,PR,Premises and Operations Liability,TX,UPDATE,VSAM-ACCESS,,GPTXC001,programs/PR/gptxuv01.cbl
GPTXDL01,PR,Premises and Operations Liability,TX,DELETE,BUSINESS-LOGIC,GPTXDD01,GPTXC001,programs/PR/gptxdl01.cbl
GPTXDD01,PR,Premises and Operations Liability,TX,DELETE,DB2-ACCESS,GPTXDV01,GPTXC001,programs/PR/gptxdd01.cbl
GPTXDV01,PR,Premises and Operations Liability,TX,DELETE,VSAM-ACCESS,,GPTXC001,programs/PR/gptxdv01.cbl
GPTXRL01,PR,Premises and Operations Liability,TX,RATE,BUSINESS-LOGIC,GPTXRD01,GPTXC001,programs/PR/gptxrl01.cbl
GPTXRD01,PR,Premises and Operations Liability,TX,RATE,DB2-ACCESS,,GPTXC001,programs/PR/gptxrd01.cbl
GPTXRV01,PR,Premises and Operations Liability,TX,RATE,VSAM-ACCESS,,GPTXC001,programs/PR/gptxrv01.cbl
GPUTAL01,PR,Premises and Operations Liability,UT,ADD,BUSINESS-LOGIC,GPUTAD01,GPUTC001,programs/PR/gputal01.cbl
GPUTAD01,PR,Premises and Operations Liability,UT,ADD,DB2-ACCESS,GPUTAV01,GPUTC001,programs/PR/gputad01.cbl
GPUTAV01,PR,Premises and Operations Liability,UT,ADD,VSAM-ACCESS,,GPUTC001,programs/PR/gputav01.cbl
GPUTIL01,PR,Premises and Operations Liability,UT,INQUIRE,BUSINESS-LOGIC,GPUTID01,GPUTC001,programs/PR/gputil01.cbl
GPUTID01,PR,Premises and Operations Liability,UT,INQUIRE,DB2-ACCESS,,GPUTC001,programs/PR/gputid01.cbl
GPUTIV01,PR,Premises and Operations Liability,UT,INQUIRE,VSAM-ACCESS,,GPUTC001,programs/PR/gputiv01.cbl
GPUTUL01,PR,Premises and Operations Liability,UT,UPDATE,BUSINESS-LOGIC,GPUTUD01,GPUTC001,programs/PR/gputul01.cbl
GPUTUD01,PR,Premises and Operations Liability,UT,UPDATE,DB2-ACCESS,GPUTUV01,GPUTC001,programs/PR/gputud01.cbl
GPUTUV01,PR,Premises and Operations Liability,UT,UPDATE,VSAM-ACCESS,,GPUTC001,programs/PR/gputuv01.cbl
GPUTDL01,PR,Premises and Operations Liability,UT,DELETE,BUSINESS-LOGIC,GPUTDD01,GPUTC001,programs/PR/gputdl01.cbl
GPUTDD01,PR,Premises and Operations Liability,UT,DELETE,DB2-ACCESS,GPUTDV01,GPUTC001,programs/PR/gputdd01.cbl
GPUTDV01,PR,Premises and Operations Liability,UT,DELETE,VSAM-ACCESS,,GPUTC001,programs/PR/gputdv01.cbl
GPUTRL01,PR,Premises and Operations Liability,UT,RATE,BUSINESS-LOGIC,GPUTRD01,GPUTC001,programs/PR/gputrl01.cbl
GPUTRD01,PR,Premises and Operations Liability,UT,RATE,DB2-ACCESS,,GPUTC001,programs/PR/gputrd01.cbl
GPUTRV01,PR,Premises and Operations Liability,UT,RATE,VSAM-ACCESS,,GPUTC001,programs/PR/gputrv01.cbl
GPVTAL01,PR,Premises and Operations Liability,VT,ADD,BUSINESS-LOGIC,GPVTAD01,GPVTC001,programs/PR/gpvtal01.cbl
GPVTAD01,PR,Premises and Operations Liability,VT,ADD,DB2-ACCESS,GPVTAV01,GPVTC001,programs/PR/gpvtad01.cbl
GPVTAV01,PR,Premises and Operations Liability,VT,ADD,VSAM-ACCESS,,GPVTC001,programs/PR/gpvtav01.cbl
GPVTIL01,PR,Premises and Operations Liability,VT,INQUIRE,BUSINESS-LOGIC,GPVTID01,GPVTC001,programs/PR/gpvtil01.cbl
GPVTID01,PR,Premises and Operations Liability,VT,INQUIRE,DB2-ACCESS,,GPVTC001,programs/PR/gpvtid01.cbl
GPVTIV01,PR,Premises and Operations Liability,VT,INQUIRE,VSAM-ACCESS,,GPVTC001,programs/PR/gpvtiv01.cbl
GPVTUL01,PR,Premises and Operations Liability,VT,UPDATE,BUSINESS-LOGIC,GPVTUD01,GPVTC001,programs/PR/gpvtul01.cbl
GPVTUD01,PR,Premises and Operations Liability,VT,UPDATE,DB2-ACCESS,GPVTUV01,GPVTC001,programs/PR/gpvtud01.cbl
GPVTUV01,PR,Premises and Operations Liability,VT,UPDATE,VSAM-ACCESS,,GPVTC001,programs/PR/gpvtuv01.cbl
GPVTDL01,PR,Premises and Operations Liability,VT,DELETE,BUSINESS-LOGIC,GPVTDD01,GPVTC001,programs/PR/gpvtdl01.cbl
GPVTDD01,PR,Premises and Operations Liability,VT,DELETE,DB2-ACCESS,GPVTDV01,GPVTC001,programs/PR/gpvtdd01.cbl
GPVTDV01,PR,Premises and Operations Liability,VT,DELETE,VSAM-ACCESS,,GPVTC001,programs/PR/gpvtdv01.cbl
GPVTRL01,PR,Premises and Operations Liability,VT,RATE,BUSINESS-LOGIC,GPVTRD01,GPVTC001,programs/PR/gpvtrl01.cbl
GPVTRD01,PR,Premises and Operations Liability,VT,RATE,DB2-ACCESS,,GPVTC001,programs/PR/gpvtrd01.cbl
GPVTRV01,PR,Premises and Operations Liability,VT,RATE,VSAM-ACCESS,,GPVTC001,programs/PR/gpvtrv01.cbl
GPVAAL01,PR,Premises and Operations Liability,VA,ADD,BUSINESS-LOGIC,GPVAAD01,GPVAC001,programs/PR/gpvaal01.cbl
GPVAAD01,PR,Premises and Operations Liability,VA,ADD,DB2-ACCESS,GPVAAV01,GPVAC001,programs/PR/gpvaad01.cbl
GPVAAV01,PR,Premises and Operations Liability,VA,ADD,VSAM-ACCESS,,GPVAC001,programs/PR/gpvaav01.cbl
GPVAIL01,PR,Premises and Operations Liability,VA,INQUIRE,BUSINESS-LOGIC,GPVAID01,GPVAC001,programs/PR/gpvail01.cbl
GPVAID01,PR,Premises and Operations Liability,VA,INQUIRE,DB2-ACCESS,,GPVAC001,programs/PR/gpvaid01.cbl
GPVAIV01,PR,Premises and Operations Liability,VA,INQUIRE,VSAM-ACCESS,,GPVAC001,programs/PR/gpvaiv01.cbl
GPVAUL01,PR,Premises and Operations Liability,VA,UPDATE,BUSINESS-LOGIC,GPVAUD01,GPVAC001,programs/PR/gpvaul01.cbl
GPVAUD01,PR,Premises and Operations Liability,VA,UPDATE,DB2-ACCESS,GPVAUV01,GPVAC001,programs/PR/gpvaud01.cbl
GPVAUV01,PR,Premises and Operations Liability,VA,UPDATE,VSAM-ACCESS,,GPVAC001,programs/PR/gpvauv01.cbl
GPVADL01,PR,Premises and Operations Liability,VA,DELETE,BUSINESS-LOGIC,GPVADD01,GPVAC001,programs/PR/gpvadl01.cbl
GPVADD01,PR,Premises and Operations Liability,VA,DELETE,DB2-ACCESS,GPVADV01,GPVAC001,programs/PR/gpvadd01.cbl
GPVADV01,PR,Premises and Operations Liability,VA,DELETE,VSAM-ACCESS,,GPVAC001,programs/PR/gpvadv01.cbl
GPVARL01,PR,Premises and Operations Liability,VA,RATE,BUSINESS-LOGIC,GPVARD01,GPVAC001,programs/PR/gpvarl01.cbl
GPVARD01,PR,Premises and Operations Liability,VA,RATE,DB2-ACCESS,,GPVAC001,programs/PR/gpvard01.cbl
GPVARV01,PR,Premises and Operations Liability,VA,RATE,VSAM-ACCESS,,GPVAC001,programs/PR/gpvarv01.cbl
GPWAAL01,PR,Premises and Operations Liability,WA,ADD,BUSINESS-LOGIC,GPWAAD01,GPWAC001,programs/PR/gpwaal01.cbl
GPWAAD01,PR,Premises and Operations Liability,WA,ADD,DB2-ACCESS,GPWAAV01,GPWAC001,programs/PR/gpwaad01.cbl
GPWAAV01,PR,Premises and Operations Liability,WA,ADD,VSAM-ACCESS,,GPWAC001,programs/PR/gpwaav01.cbl
GPWAIL01,PR,Premises and Operations Liability,WA,INQUIRE,BUSINESS-LOGIC,GPWAID01,GPWAC001,programs/PR/gpwail01.cbl
GPWAID01,PR,Premises and Operations Liability,WA,INQUIRE,DB2-ACCESS,,GPWAC001,programs/PR/gpwaid01.cbl
GPWAIV01,PR,Premises and Operations Liability,WA,INQUIRE,VSAM-ACCESS,,GPWAC001,programs/PR/gpwaiv01.cbl
GPWAUL01,PR,Premises and Operations Liability,WA,UPDATE,BUSINESS-LOGIC,GPWAUD01,GPWAC001,programs/PR/gpwaul01.cbl
GPWAUD01,PR,Premises and Operations Liability,WA,UPDATE,DB2-ACCESS,GPWAUV01,GPWAC001,programs/PR/gpwaud01.cbl
GPWAUV01,PR,Premises and Operations Liability,WA,UPDATE,VSAM-ACCESS,,GPWAC001,programs/PR/gpwauv01.cbl
GPWADL01,PR,Premises and Operations Liability,WA,DELETE,BUSINESS-LOGIC,GPWADD01,GPWAC001,programs/PR/gpwadl01.cbl
GPWADD01,PR,Premises and Operations Liability,WA,DELETE,DB2-ACCESS,GPWADV01,GPWAC001,programs/PR/gpwadd01.cbl
GPWADV01,PR,Premises and Operations Liability,WA,DELETE,VSAM-ACCESS,,GPWAC001,programs/PR/gpwadv01.cbl
GPWARL01,PR,Premises and Operations Liability,WA,RATE,BUSINESS-LOGIC,GPWARD01,GPWAC001,programs/PR/gpwarl01.cbl
GPWARD01,PR,Premises and Operations Liability,WA,RATE,DB2-ACCESS,,GPWAC001,programs/PR/gpward01.cbl
GPWARV01,PR,Premises and Operations Liability,WA,RATE,VSAM-ACCESS,,GPWAC001,programs/PR/gpwarv01.cbl
GPWVAL01,PR,Premises and Operations Liability,WV,ADD,BUSINESS-LOGIC,GPWVAD01,GPWVC001,programs/PR/gpwval01.cbl
GPWVAD01,PR,Premises and Operations Liability,WV,ADD,DB2-ACCESS,GPWVAV01,GPWVC001,programs/PR/gpwvad01.cbl
GPWVAV01,PR,Premises and Operations Liability,WV,ADD,VSAM-ACCESS,,GPWVC001,programs/PR/gpwvav01.cbl
GPWVIL01,PR,Premises and Operations Liability,WV,INQUIRE,BUSINESS-LOGIC,GPWVID01,GPWVC001,programs/PR/gpwvil01.cbl
GPWVID01,PR,Premises and Operations Liability,WV,INQUIRE,DB2-ACCESS,,GPWVC001,programs/PR/gpwvid01.cbl
GPWVIV01,PR,Premises and Operations Liability,WV,INQUIRE,VSAM-ACCESS,,GPWVC001,programs/PR/gpwviv01.cbl
GPWVUL01,PR,Premises and Operations Liability,WV,UPDATE,BUSINESS-LOGIC,GPWVUD01,GPWVC001,programs/PR/gpwvul01.cbl
GPWVUD01,PR,Premises and Operations Liability,WV,UPDATE,DB2-ACCESS,GPWVUV01,GPWVC001,programs/PR/gpwvud01.cbl
GPWVUV01,PR,Premises and Operations Liability,WV,UPDATE,VSAM-ACCESS,,GPWVC001,programs/PR/gpwvuv01.cbl
GPWVDL01,PR,Premises and Operations Liability,WV,DELETE,BUSINESS-LOGIC,GPWVDD01,GPWVC001,programs/PR/gpwvdl01.cbl
GPWVDD01,PR,Premises and Operations Liability,WV,DELETE,DB2-ACCESS,GPWVDV01,GPWVC001,programs/PR/gpwvdd01.cbl
GPWVDV01,PR,Premises and Operations Liability,WV,DELETE,VSAM-ACCESS,,GPWVC001,programs/PR/gpwvdv01.cbl
GPWVRL01,PR,Premises and Operations Liability,WV,RATE,BUSINESS-LOGIC,GPWVRD01,GPWVC001,programs/PR/gpwvrl01.cbl
GPWVRD01,PR,Premises and Operations Liability,WV,RATE,DB2-ACCESS,,GPWVC001,programs/PR/gpwvrd01.cbl
GPWVRV01,PR,Premises and Operations Liability,WV,RATE,VSAM-ACCESS,,GPWVC001,programs/PR/gpwvrv01.cbl
GPWIAL01,PR,Premises and Operations Liability,WI,ADD,BUSINESS-LOGIC,GPWIAD01,GPWIC001,programs/PR/gpwial01.cbl
GPWIAD01,PR,Premises and Operations Liability,WI,ADD,DB2-ACCESS,GPWIAV01,GPWIC001,programs/PR/gpwiad01.cbl
GPWIAV01,PR,Premises and Operations Liability,WI,ADD,VSAM-ACCESS,,GPWIC001,programs/PR/gpwiav01.cbl
GPWIIL01,PR,Premises and Operations Liability,WI,INQUIRE,BUSINESS-LOGIC,GPWIID01,GPWIC001,programs/PR/gpwiil01.cbl
GPWIID01,PR,Premises and Operations Liability,WI,INQUIRE,DB2-ACCESS,,GPWIC001,programs/PR/gpwiid01.cbl
GPWIIV01,PR,Premises and Operations Liability,WI,INQUIRE,VSAM-ACCESS,,GPWIC001,programs/PR/gpwiiv01.cbl
GPWIUL01,PR,Premises and Operations Liability,WI,UPDATE,BUSINESS-LOGIC,GPWIUD01,GPWIC001,programs/PR/gpwiul01.cbl
GPWIUD01,PR,Premises and Operations Liability,WI,UPDATE,DB2-ACCESS,GPWIUV01,GPWIC001,programs/PR/gpwiud01.cbl
GPWIUV01,PR,Premises and Operations Liability,WI,UPDATE,VSAM-ACCESS,,GPWIC001,programs/PR/gpwiuv01.cbl
GPWIDL01,PR,Premises and Operations Liability,WI,DELETE,BUSINESS-LOGIC,GPWIDD01,GPWIC001,programs/PR/gpwidl01.cbl
GPWIDD01,PR,Premises and Operations Liability,WI,DELETE,DB2-ACCESS,GPWIDV01,GPWIC001,programs/PR/gpwidd01.cbl
GPWIDV01,PR,Premises and Operations Liability,WI,DELETE,VSAM-ACCESS,,GPWIC001,programs/PR/gpwidv01.cbl
GPWIRL01,PR,Premises and Operations Liability,WI,RATE,BUSINESS-LOGIC,GPWIRD01,GPWIC001,programs/PR/gpwirl01.cbl
GPWIRD01,PR,Premises and Operations Liability,WI,RATE,DB2-ACCESS,,GPWIC001,programs/PR/gpwird01.cbl
GPWIRV01,PR,Premises and Operations Liability,WI,RATE,VSAM-ACCESS,,GPWIC001,programs/PR/gpwirv01.cbl
GPWYAL01,PR,Premises and Operations Liability,WY,ADD,BUSINESS-LOGIC,GPWYAD01,GPWYC001,programs/PR/gpwyal01.cbl
GPWYAD01,PR,Premises and Operations Liability,WY,ADD,DB2-ACCESS,GPWYAV01,GPWYC001,programs/PR/gpwyad01.cbl
GPWYAV01,PR,Premises and Operations Liability,WY,ADD,VSAM-ACCESS,,GPWYC001,programs/PR/gpwyav01.cbl
GPWYIL01,PR,Premises and Operations Liability,WY,INQUIRE,BUSINESS-LOGIC,GPWYID01,GPWYC001,programs/PR/gpwyil01.cbl
GPWYID01,PR,Premises and Operations Liability,WY,INQUIRE,DB2-ACCESS,,GPWYC001,programs/PR/gpwyid01.cbl
GPWYIV01,PR,Premises and Operations Liability,WY,INQUIRE,VSAM-ACCESS,,GPWYC001,programs/PR/gpwyiv01.cbl
GPWYUL01,PR,Premises and Operations Liability,WY,UPDATE,BUSINESS-LOGIC,GPWYUD01,GPWYC001,programs/PR/gpwyul01.cbl
GPWYUD01,PR,Premises and Operations Liability,WY,UPDATE,DB2-ACCESS,GPWYUV01,GPWYC001,programs/PR/gpwyud01.cbl
GPWYUV01,PR,Premises and Operations Liability,WY,UPDATE,VSAM-ACCESS,,GPWYC001,programs/PR/gpwyuv01.cbl
GPWYDL01,PR,Premises and Operations Liability,WY,DELETE,BUSINESS-LOGIC,GPWYDD01,GPWYC001,programs/PR/gpwydl01.cbl
GPWYDD01,PR,Premises and Operations Liability,WY,DELETE,DB2-ACCESS,GPWYDV01,GPWYC001,programs/PR/gpwydd01.cbl
GPWYDV01,PR,Premises and Operations Liability,WY,DELETE,VSAM-ACCESS,,GPWYC001,programs/PR/gpwydv01.cbl
GPWYRL01,PR,Premises and Operations Liability,WY,RATE,BUSINESS-LOGIC,GPWYRD01,GPWYC001,programs/PR/gpwyrl01.cbl
GPWYRD01,PR,Premises and Operations Liability,WY,RATE,DB2-ACCESS,,GPWYC001,programs/PR/gpwyrd01.cbl
GPWYRV01,PR,Premises and Operations Liability,WY,RATE,VSAM-ACCESS,,GPWYC001,programs/PR/gpwyrv01.cbl
GRALAL01,PC,Products and Completed Operations Liability,AL,ADD,BUSINESS-LOGIC,GRALAD01,GRALC001,programs/PC/gralal01.cbl
GRALAD01,PC,Products and Completed Operations Liability,AL,ADD,DB2-ACCESS,GRALAV01,GRALC001,programs/PC/gralad01.cbl
GRALAV01,PC,Products and Completed Operations Liability,AL,ADD,VSAM-ACCESS,,GRALC001,programs/PC/gralav01.cbl
GRALIL01,PC,Products and Completed Operations Liability,AL,INQUIRE,BUSINESS-LOGIC,GRALID01,GRALC001,programs/PC/gralil01.cbl
GRALID01,PC,Products and Completed Operations Liability,AL,INQUIRE,DB2-ACCESS,,GRALC001,programs/PC/gralid01.cbl
GRALIV01,PC,Products and Completed Operations Liability,AL,INQUIRE,VSAM-ACCESS,,GRALC001,programs/PC/graliv01.cbl
GRALUL01,PC,Products and Completed Operations Liability,AL,UPDATE,BUSINESS-LOGIC,GRALUD01,GRALC001,programs/PC/gralul01.cbl
GRALUD01,PC,Products and Completed Operations Liability,AL,UPDATE,DB2-ACCESS,GRALUV01,GRALC001,programs/PC/gralud01.cbl
GRALUV01,PC,Products and Completed Operations Liability,AL,UPDATE,VSAM-ACCESS,,GRALC001,programs/PC/graluv01.cbl
GRALDL01,PC,Products and Completed Operations Liability,AL,DELETE,BUSINESS-LOGIC,GRALDD01,GRALC001,programs/PC/graldl01.cbl
GRALDD01,PC,Products and Completed Operations Liability,AL,DELETE,DB2-ACCESS,GRALDV01,GRALC001,programs/PC/graldd01.cbl
GRALDV01,PC,Products and Completed Operations Liability,AL,DELETE,VSAM-ACCESS,,GRALC001,programs/PC/graldv01.cbl
GRALRL01,PC,Products and Completed Operations Liability,AL,RATE,BUSINESS-LOGIC,GRALRD01,GRALC001,programs/PC/gralrl01.cbl
GRALRD01,PC,Products and Completed Operations Liability,AL,RATE,DB2-ACCESS,,GRALC001,programs/PC/gralrd01.cbl
GRALRV01,PC,Products and Completed Operations Liability,AL,RATE,VSAM-ACCESS,,GRALC001,programs/PC/gralrv01.cbl
GRAKAL01,PC,Products and Completed Operations Liability,AK,ADD,BUSINESS-LOGIC,GRAKAD01,GRAKC001,programs/PC/grakal01.cbl
GRAKAD01,PC,Products and Completed Operations Liability,AK,ADD,DB2-ACCESS,GRAKAV01,GRAKC001,programs/PC/grakad01.cbl
GRAKAV01,PC,Products and Completed Operations Liability,AK,ADD,VSAM-ACCESS,,GRAKC001,programs/PC/grakav01.cbl
GRAKIL01,PC,Products and Completed Operations Liability,AK,INQUIRE,BUSINESS-LOGIC,GRAKID01,GRAKC001,programs/PC/grakil01.cbl
GRAKID01,PC,Products and Completed Operations Liability,AK,INQUIRE,DB2-ACCESS,,GRAKC001,programs/PC/grakid01.cbl
GRAKIV01,PC,Products and Completed Operations Liability,AK,INQUIRE,VSAM-ACCESS,,GRAKC001,programs/PC/grakiv01.cbl
GRAKUL01,PC,Products and Completed Operations Liability,AK,UPDATE,BUSINESS-LOGIC,GRAKUD01,GRAKC001,programs/PC/grakul01.cbl
GRAKUD01,PC,Products and Completed Operations Liability,AK,UPDATE,DB2-ACCESS,GRAKUV01,GRAKC001,programs/PC/grakud01.cbl
GRAKUV01,PC,Products and Completed Operations Liability,AK,UPDATE,VSAM-ACCESS,,GRAKC001,programs/PC/grakuv01.cbl
GRAKDL01,PC,Products and Completed Operations Liability,AK,DELETE,BUSINESS-LOGIC,GRAKDD01,GRAKC001,programs/PC/grakdl01.cbl
GRAKDD01,PC,Products and Completed Operations Liability,AK,DELETE,DB2-ACCESS,GRAKDV01,GRAKC001,programs/PC/grakdd01.cbl
GRAKDV01,PC,Products and Completed Operations Liability,AK,DELETE,VSAM-ACCESS,,GRAKC001,programs/PC/grakdv01.cbl
GRAKRL01,PC,Products and Completed Operations Liability,AK,RATE,BUSINESS-LOGIC,GRAKRD01,GRAKC001,programs/PC/grakrl01.cbl
GRAKRD01,PC,Products and Completed Operations Liability,AK,RATE,DB2-ACCESS,,GRAKC001,programs/PC/grakrd01.cbl
GRAKRV01,PC,Products and Completed Operations Liability,AK,RATE,VSAM-ACCESS,,GRAKC001,programs/PC/grakrv01.cbl
GRAZAL01,PC,Products and Completed Operations Liability,AZ,ADD,BUSINESS-LOGIC,GRAZAD01,GRAZC001,programs/PC/grazal01.cbl
GRAZAD01,PC,Products and Completed Operations Liability,AZ,ADD,DB2-ACCESS,GRAZAV01,GRAZC001,programs/PC/grazad01.cbl
GRAZAV01,PC,Products and Completed Operations Liability,AZ,ADD,VSAM-ACCESS,,GRAZC001,programs/PC/grazav01.cbl
GRAZIL01,PC,Products and Completed Operations Liability,AZ,INQUIRE,BUSINESS-LOGIC,GRAZID01,GRAZC001,programs/PC/grazil01.cbl
GRAZID01,PC,Products and Completed Operations Liability,AZ,INQUIRE,DB2-ACCESS,,GRAZC001,programs/PC/grazid01.cbl
GRAZIV01,PC,Products and Completed Operations Liability,AZ,INQUIRE,VSAM-ACCESS,,GRAZC001,programs/PC/graziv01.cbl
GRAZUL01,PC,Products and Completed Operations Liability,AZ,UPDATE,BUSINESS-LOGIC,GRAZUD01,GRAZC001,programs/PC/grazul01.cbl
GRAZUD01,PC,Products and Completed Operations Liability,AZ,UPDATE,DB2-ACCESS,GRAZUV01,GRAZC001,programs/PC/grazud01.cbl
GRAZUV01,PC,Products and Completed Operations Liability,AZ,UPDATE,VSAM-ACCESS,,GRAZC001,programs/PC/grazuv01.cbl
GRAZDL01,PC,Products and Completed Operations Liability,AZ,DELETE,BUSINESS-LOGIC,GRAZDD01,GRAZC001,programs/PC/grazdl01.cbl
GRAZDD01,PC,Products and Completed Operations Liability,AZ,DELETE,DB2-ACCESS,GRAZDV01,GRAZC001,programs/PC/grazdd01.cbl
GRAZDV01,PC,Products and Completed Operations Liability,AZ,DELETE,VSAM-ACCESS,,GRAZC001,programs/PC/grazdv01.cbl
GRAZRL01,PC,Products and Completed Operations Liability,AZ,RATE,BUSINESS-LOGIC,GRAZRD01,GRAZC001,programs/PC/grazrl01.cbl
GRAZRD01,PC,Products and Completed Operations Liability,AZ,RATE,DB2-ACCESS,,GRAZC001,programs/PC/grazrd01.cbl
GRAZRV01,PC,Products and Completed Operations Liability,AZ,RATE,VSAM-ACCESS,,GRAZC001,programs/PC/grazrv01.cbl
GRARAL01,PC,Products and Completed Operations Liability,AR,ADD,BUSINESS-LOGIC,GRARAD01,GRARC001,programs/PC/graral01.cbl
GRARAD01,PC,Products and Completed Operations Liability,AR,ADD,DB2-ACCESS,GRARAV01,GRARC001,programs/PC/grarad01.cbl
GRARAV01,PC,Products and Completed Operations Liability,AR,ADD,VSAM-ACCESS,,GRARC001,programs/PC/grarav01.cbl
GRARIL01,PC,Products and Completed Operations Liability,AR,INQUIRE,BUSINESS-LOGIC,GRARID01,GRARC001,programs/PC/graril01.cbl
GRARID01,PC,Products and Completed Operations Liability,AR,INQUIRE,DB2-ACCESS,,GRARC001,programs/PC/grarid01.cbl
GRARIV01,PC,Products and Completed Operations Liability,AR,INQUIRE,VSAM-ACCESS,,GRARC001,programs/PC/grariv01.cbl
GRARUL01,PC,Products and Completed Operations Liability,AR,UPDATE,BUSINESS-LOGIC,GRARUD01,GRARC001,programs/PC/grarul01.cbl
GRARUD01,PC,Products and Completed Operations Liability,AR,UPDATE,DB2-ACCESS,GRARUV01,GRARC001,programs/PC/grarud01.cbl
GRARUV01,PC,Products and Completed Operations Liability,AR,UPDATE,VSAM-ACCESS,,GRARC001,programs/PC/graruv01.cbl
GRARDL01,PC,Products and Completed Operations Liability,AR,DELETE,BUSINESS-LOGIC,GRARDD01,GRARC001,programs/PC/grardl01.cbl
GRARDD01,PC,Products and Completed Operations Liability,AR,DELETE,DB2-ACCESS,GRARDV01,GRARC001,programs/PC/grardd01.cbl
GRARDV01,PC,Products and Completed Operations Liability,AR,DELETE,VSAM-ACCESS,,GRARC001,programs/PC/grardv01.cbl
GRARRL01,PC,Products and Completed Operations Liability,AR,RATE,BUSINESS-LOGIC,GRARRD01,GRARC001,programs/PC/grarrl01.cbl
GRARRD01,PC,Products and Completed Operations Liability,AR,RATE,DB2-ACCESS,,GRARC001,programs/PC/grarrd01.cbl
GRARRV01,PC,Products and Completed Operations Liability,AR,RATE,VSAM-ACCESS,,GRARC001,programs/PC/grarrv01.cbl
GRCAAL01,PC,Products and Completed Operations Liability,CA,ADD,BUSINESS-LOGIC,GRCAAD01,GRCAC001,programs/PC/grcaal01.cbl
GRCAAD01,PC,Products and Completed Operations Liability,CA,ADD,DB2-ACCESS,GRCAAV01,GRCAC001,programs/PC/grcaad01.cbl
GRCAAV01,PC,Products and Completed Operations Liability,CA,ADD,VSAM-ACCESS,,GRCAC001,programs/PC/grcaav01.cbl
GRCAIL01,PC,Products and Completed Operations Liability,CA,INQUIRE,BUSINESS-LOGIC,GRCAID01,GRCAC001,programs/PC/grcail01.cbl
GRCAID01,PC,Products and Completed Operations Liability,CA,INQUIRE,DB2-ACCESS,,GRCAC001,programs/PC/grcaid01.cbl
GRCAIV01,PC,Products and Completed Operations Liability,CA,INQUIRE,VSAM-ACCESS,,GRCAC001,programs/PC/grcaiv01.cbl
GRCAUL01,PC,Products and Completed Operations Liability,CA,UPDATE,BUSINESS-LOGIC,GRCAUD01,GRCAC001,programs/PC/grcaul01.cbl
GRCAUD01,PC,Products and Completed Operations Liability,CA,UPDATE,DB2-ACCESS,GRCAUV01,GRCAC001,programs/PC/grcaud01.cbl
GRCAUV01,PC,Products and Completed Operations Liability,CA,UPDATE,VSAM-ACCESS,,GRCAC001,programs/PC/grcauv01.cbl
GRCADL01,PC,Products and Completed Operations Liability,CA,DELETE,BUSINESS-LOGIC,GRCADD01,GRCAC001,programs/PC/grcadl01.cbl
GRCADD01,PC,Products and Completed Operations Liability,CA,DELETE,DB2-ACCESS,GRCADV01,GRCAC001,programs/PC/grcadd01.cbl
GRCADV01,PC,Products and Completed Operations Liability,CA,DELETE,VSAM-ACCESS,,GRCAC001,programs/PC/grcadv01.cbl
GRCARL01,PC,Products and Completed Operations Liability,CA,RATE,BUSINESS-LOGIC,GRCARD01,GRCAC001,programs/PC/grcarl01.cbl
GRCARD01,PC,Products and Completed Operations Liability,CA,RATE,DB2-ACCESS,,GRCAC001,programs/PC/grcard01.cbl
GRCARV01,PC,Products and Completed Operations Liability,CA,RATE,VSAM-ACCESS,,GRCAC001,programs/PC/grcarv01.cbl
GRCOAL01,PC,Products and Completed Operations Liability,CO,ADD,BUSINESS-LOGIC,GRCOAD01,GRCOC001,programs/PC/grcoal01.cbl
GRCOAD01,PC,Products and Completed Operations Liability,CO,ADD,DB2-ACCESS,GRCOAV01,GRCOC001,programs/PC/grcoad01.cbl
GRCOAV01,PC,Products and Completed Operations Liability,CO,ADD,VSAM-ACCESS,,GRCOC001,programs/PC/grcoav01.cbl
GRCOIL01,PC,Products and Completed Operations Liability,CO,INQUIRE,BUSINESS-LOGIC,GRCOID01,GRCOC001,programs/PC/grcoil01.cbl
GRCOID01,PC,Products and Completed Operations Liability,CO,INQUIRE,DB2-ACCESS,,GRCOC001,programs/PC/grcoid01.cbl
GRCOIV01,PC,Products and Completed Operations Liability,CO,INQUIRE,VSAM-ACCESS,,GRCOC001,programs/PC/grcoiv01.cbl
GRCOUL01,PC,Products and Completed Operations Liability,CO,UPDATE,BUSINESS-LOGIC,GRCOUD01,GRCOC001,programs/PC/grcoul01.cbl
GRCOUD01,PC,Products and Completed Operations Liability,CO,UPDATE,DB2-ACCESS,GRCOUV01,GRCOC001,programs/PC/grcoud01.cbl
GRCOUV01,PC,Products and Completed Operations Liability,CO,UPDATE,VSAM-ACCESS,,GRCOC001,programs/PC/grcouv01.cbl
GRCODL01,PC,Products and Completed Operations Liability,CO,DELETE,BUSINESS-LOGIC,GRCODD01,GRCOC001,programs/PC/grcodl01.cbl
GRCODD01,PC,Products and Completed Operations Liability,CO,DELETE,DB2-ACCESS,GRCODV01,GRCOC001,programs/PC/grcodd01.cbl
GRCODV01,PC,Products and Completed Operations Liability,CO,DELETE,VSAM-ACCESS,,GRCOC001,programs/PC/grcodv01.cbl
GRCORL01,PC,Products and Completed Operations Liability,CO,RATE,BUSINESS-LOGIC,GRCORD01,GRCOC001,programs/PC/grcorl01.cbl
GRCORD01,PC,Products and Completed Operations Liability,CO,RATE,DB2-ACCESS,,GRCOC001,programs/PC/grcord01.cbl
GRCORV01,PC,Products and Completed Operations Liability,CO,RATE,VSAM-ACCESS,,GRCOC001,programs/PC/grcorv01.cbl
GRCTAL01,PC,Products and Completed Operations Liability,CT,ADD,BUSINESS-LOGIC,GRCTAD01,GRCTC001,programs/PC/grctal01.cbl
GRCTAD01,PC,Products and Completed Operations Liability,CT,ADD,DB2-ACCESS,GRCTAV01,GRCTC001,programs/PC/grctad01.cbl
GRCTAV01,PC,Products and Completed Operations Liability,CT,ADD,VSAM-ACCESS,,GRCTC001,programs/PC/grctav01.cbl
GRCTIL01,PC,Products and Completed Operations Liability,CT,INQUIRE,BUSINESS-LOGIC,GRCTID01,GRCTC001,programs/PC/grctil01.cbl
GRCTID01,PC,Products and Completed Operations Liability,CT,INQUIRE,DB2-ACCESS,,GRCTC001,programs/PC/grctid01.cbl
GRCTIV01,PC,Products and Completed Operations Liability,CT,INQUIRE,VSAM-ACCESS,,GRCTC001,programs/PC/grctiv01.cbl
GRCTUL01,PC,Products and Completed Operations Liability,CT,UPDATE,BUSINESS-LOGIC,GRCTUD01,GRCTC001,programs/PC/grctul01.cbl
GRCTUD01,PC,Products and Completed Operations Liability,CT,UPDATE,DB2-ACCESS,GRCTUV01,GRCTC001,programs/PC/grctud01.cbl
GRCTUV01,PC,Products and Completed Operations Liability,CT,UPDATE,VSAM-ACCESS,,GRCTC001,programs/PC/grctuv01.cbl
GRCTDL01,PC,Products and Completed Operations Liability,CT,DELETE,BUSINESS-LOGIC,GRCTDD01,GRCTC001,programs/PC/grctdl01.cbl
GRCTDD01,PC,Products and Completed Operations Liability,CT,DELETE,DB2-ACCESS,GRCTDV01,GRCTC001,programs/PC/grctdd01.cbl
GRCTDV01,PC,Products and Completed Operations Liability,CT,DELETE,VSAM-ACCESS,,GRCTC001,programs/PC/grctdv01.cbl
GRCTRL01,PC,Products and Completed Operations Liability,CT,RATE,BUSINESS-LOGIC,GRCTRD01,GRCTC001,programs/PC/grctrl01.cbl
GRCTRD01,PC,Products and Completed Operations Liability,CT,RATE,DB2-ACCESS,,GRCTC001,programs/PC/grctrd01.cbl
GRCTRV01,PC,Products and Completed Operations Liability,CT,RATE,VSAM-ACCESS,,GRCTC001,programs/PC/grctrv01.cbl
GRDEAL01,PC,Products and Completed Operations Liability,DE,ADD,BUSINESS-LOGIC,GRDEAD01,GRDEC001,programs/PC/grdeal01.cbl
GRDEAD01,PC,Products and Completed Operations Liability,DE,ADD,DB2-ACCESS,GRDEAV01,GRDEC001,programs/PC/grdead01.cbl
GRDEAV01,PC,Products and Completed Operations Liability,DE,ADD,VSAM-ACCESS,,GRDEC001,programs/PC/grdeav01.cbl
GRDEIL01,PC,Products and Completed Operations Liability,DE,INQUIRE,BUSINESS-LOGIC,GRDEID01,GRDEC001,programs/PC/grdeil01.cbl
GRDEID01,PC,Products and Completed Operations Liability,DE,INQUIRE,DB2-ACCESS,,GRDEC001,programs/PC/grdeid01.cbl
GRDEIV01,PC,Products and Completed Operations Liability,DE,INQUIRE,VSAM-ACCESS,,GRDEC001,programs/PC/grdeiv01.cbl
GRDEUL01,PC,Products and Completed Operations Liability,DE,UPDATE,BUSINESS-LOGIC,GRDEUD01,GRDEC001,programs/PC/grdeul01.cbl
GRDEUD01,PC,Products and Completed Operations Liability,DE,UPDATE,DB2-ACCESS,GRDEUV01,GRDEC001,programs/PC/grdeud01.cbl
GRDEUV01,PC,Products and Completed Operations Liability,DE,UPDATE,VSAM-ACCESS,,GRDEC001,programs/PC/grdeuv01.cbl
GRDEDL01,PC,Products and Completed Operations Liability,DE,DELETE,BUSINESS-LOGIC,GRDEDD01,GRDEC001,programs/PC/grdedl01.cbl
GRDEDD01,PC,Products and Completed Operations Liability,DE,DELETE,DB2-ACCESS,GRDEDV01,GRDEC001,programs/PC/grdedd01.cbl
GRDEDV01,PC,Products and Completed Operations Liability,DE,DELETE,VSAM-ACCESS,,GRDEC001,programs/PC/grdedv01.cbl
GRDERL01,PC,Products and Completed Operations Liability,DE,RATE,BUSINESS-LOGIC,GRDERD01,GRDEC001,programs/PC/grderl01.cbl
GRDERD01,PC,Products and Completed Operations Liability,DE,RATE,DB2-ACCESS,,GRDEC001,programs/PC/grderd01.cbl
GRDERV01,PC,Products and Completed Operations Liability,DE,RATE,VSAM-ACCESS,,GRDEC001,programs/PC/grderv01.cbl
GRDCAL01,PC,Products and Completed Operations Liability,DC,ADD,BUSINESS-LOGIC,GRDCAD01,GRDCC001,programs/PC/grdcal01.cbl
GRDCAD01,PC,Products and Completed Operations Liability,DC,ADD,DB2-ACCESS,GRDCAV01,GRDCC001,programs/PC/grdcad01.cbl
GRDCAV01,PC,Products and Completed Operations Liability,DC,ADD,VSAM-ACCESS,,GRDCC001,programs/PC/grdcav01.cbl
GRDCIL01,PC,Products and Completed Operations Liability,DC,INQUIRE,BUSINESS-LOGIC,GRDCID01,GRDCC001,programs/PC/grdcil01.cbl
GRDCID01,PC,Products and Completed Operations Liability,DC,INQUIRE,DB2-ACCESS,,GRDCC001,programs/PC/grdcid01.cbl
GRDCIV01,PC,Products and Completed Operations Liability,DC,INQUIRE,VSAM-ACCESS,,GRDCC001,programs/PC/grdciv01.cbl
GRDCUL01,PC,Products and Completed Operations Liability,DC,UPDATE,BUSINESS-LOGIC,GRDCUD01,GRDCC001,programs/PC/grdcul01.cbl
GRDCUD01,PC,Products and Completed Operations Liability,DC,UPDATE,DB2-ACCESS,GRDCUV01,GRDCC001,programs/PC/grdcud01.cbl
GRDCUV01,PC,Products and Completed Operations Liability,DC,UPDATE,VSAM-ACCESS,,GRDCC001,programs/PC/grdcuv01.cbl
GRDCDL01,PC,Products and Completed Operations Liability,DC,DELETE,BUSINESS-LOGIC,GRDCDD01,GRDCC001,programs/PC/grdcdl01.cbl
GRDCDD01,PC,Products and Completed Operations Liability,DC,DELETE,DB2-ACCESS,GRDCDV01,GRDCC001,programs/PC/grdcdd01.cbl
GRDCDV01,PC,Products and Completed Operations Liability,DC,DELETE,VSAM-ACCESS,,GRDCC001,programs/PC/grdcdv01.cbl
GRDCRL01,PC,Products and Completed Operations Liability,DC,RATE,BUSINESS-LOGIC,GRDCRD01,GRDCC001,programs/PC/grdcrl01.cbl
GRDCRD01,PC,Products and Completed Operations Liability,DC,RATE,DB2-ACCESS,,GRDCC001,programs/PC/grdcrd01.cbl
GRDCRV01,PC,Products and Completed Operations Liability,DC,RATE,VSAM-ACCESS,,GRDCC001,programs/PC/grdcrv01.cbl
GRFLAL01,PC,Products and Completed Operations Liability,FL,ADD,BUSINESS-LOGIC,GRFLAD01,GRFLC001,programs/PC/grflal01.cbl
GRFLAD01,PC,Products and Completed Operations Liability,FL,ADD,DB2-ACCESS,GRFLAV01,GRFLC001,programs/PC/grflad01.cbl
GRFLAV01,PC,Products and Completed Operations Liability,FL,ADD,VSAM-ACCESS,,GRFLC001,programs/PC/grflav01.cbl
GRFLIL01,PC,Products and Completed Operations Liability,FL,INQUIRE,BUSINESS-LOGIC,GRFLID01,GRFLC001,programs/PC/grflil01.cbl
GRFLID01,PC,Products and Completed Operations Liability,FL,INQUIRE,DB2-ACCESS,,GRFLC001,programs/PC/grflid01.cbl
GRFLIV01,PC,Products and Completed Operations Liability,FL,INQUIRE,VSAM-ACCESS,,GRFLC001,programs/PC/grfliv01.cbl
GRFLUL01,PC,Products and Completed Operations Liability,FL,UPDATE,BUSINESS-LOGIC,GRFLUD01,GRFLC001,programs/PC/grflul01.cbl
GRFLUD01,PC,Products and Completed Operations Liability,FL,UPDATE,DB2-ACCESS,GRFLUV01,GRFLC001,programs/PC/grflud01.cbl
GRFLUV01,PC,Products and Completed Operations Liability,FL,UPDATE,VSAM-ACCESS,,GRFLC001,programs/PC/grfluv01.cbl
GRFLDL01,PC,Products and Completed Operations Liability,FL,DELETE,BUSINESS-LOGIC,GRFLDD01,GRFLC001,programs/PC/grfldl01.cbl
GRFLDD01,PC,Products and Completed Operations Liability,FL,DELETE,DB2-ACCESS,GRFLDV01,GRFLC001,programs/PC/grfldd01.cbl
GRFLDV01,PC,Products and Completed Operations Liability,FL,DELETE,VSAM-ACCESS,,GRFLC001,programs/PC/grfldv01.cbl
GRFLRL01,PC,Products and Completed Operations Liability,FL,RATE,BUSINESS-LOGIC,GRFLRD01,GRFLC001,programs/PC/grflrl01.cbl
GRFLRD01,PC,Products and Completed Operations Liability,FL,RATE,DB2-ACCESS,,GRFLC001,programs/PC/grflrd01.cbl
GRFLRV01,PC,Products and Completed Operations Liability,FL,RATE,VSAM-ACCESS,,GRFLC001,programs/PC/grflrv01.cbl
GRGAAL01,PC,Products and Completed Operations Liability,GA,ADD,BUSINESS-LOGIC,GRGAAD01,GRGAC001,programs/PC/grgaal01.cbl
GRGAAD01,PC,Products and Completed Operations Liability,GA,ADD,DB2-ACCESS,GRGAAV01,GRGAC001,programs/PC/grgaad01.cbl
GRGAAV01,PC,Products and Completed Operations Liability,GA,ADD,VSAM-ACCESS,,GRGAC001,programs/PC/grgaav01.cbl
GRGAIL01,PC,Products and Completed Operations Liability,GA,INQUIRE,BUSINESS-LOGIC,GRGAID01,GRGAC001,programs/PC/grgail01.cbl
GRGAID01,PC,Products and Completed Operations Liability,GA,INQUIRE,DB2-ACCESS,,GRGAC001,programs/PC/grgaid01.cbl
GRGAIV01,PC,Products and Completed Operations Liability,GA,INQUIRE,VSAM-ACCESS,,GRGAC001,programs/PC/grgaiv01.cbl
GRGAUL01,PC,Products and Completed Operations Liability,GA,UPDATE,BUSINESS-LOGIC,GRGAUD01,GRGAC001,programs/PC/grgaul01.cbl
GRGAUD01,PC,Products and Completed Operations Liability,GA,UPDATE,DB2-ACCESS,GRGAUV01,GRGAC001,programs/PC/grgaud01.cbl
GRGAUV01,PC,Products and Completed Operations Liability,GA,UPDATE,VSAM-ACCESS,,GRGAC001,programs/PC/grgauv01.cbl
GRGADL01,PC,Products and Completed Operations Liability,GA,DELETE,BUSINESS-LOGIC,GRGADD01,GRGAC001,programs/PC/grgadl01.cbl
GRGADD01,PC,Products and Completed Operations Liability,GA,DELETE,DB2-ACCESS,GRGADV01,GRGAC001,programs/PC/grgadd01.cbl
GRGADV01,PC,Products and Completed Operations Liability,GA,DELETE,VSAM-ACCESS,,GRGAC001,programs/PC/grgadv01.cbl
GRGARL01,PC,Products and Completed Operations Liability,GA,RATE,BUSINESS-LOGIC,GRGARD01,GRGAC001,programs/PC/grgarl01.cbl
GRGARD01,PC,Products and Completed Operations Liability,GA,RATE,DB2-ACCESS,,GRGAC001,programs/PC/grgard01.cbl
GRGARV01,PC,Products and Completed Operations Liability,GA,RATE,VSAM-ACCESS,,GRGAC001,programs/PC/grgarv01.cbl
GRHIAL01,PC,Products and Completed Operations Liability,HI,ADD,BUSINESS-LOGIC,GRHIAD01,GRHIC001,programs/PC/grhial01.cbl
GRHIAD01,PC,Products and Completed Operations Liability,HI,ADD,DB2-ACCESS,GRHIAV01,GRHIC001,programs/PC/grhiad01.cbl
GRHIAV01,PC,Products and Completed Operations Liability,HI,ADD,VSAM-ACCESS,,GRHIC001,programs/PC/grhiav01.cbl
GRHIIL01,PC,Products and Completed Operations Liability,HI,INQUIRE,BUSINESS-LOGIC,GRHIID01,GRHIC001,programs/PC/grhiil01.cbl
GRHIID01,PC,Products and Completed Operations Liability,HI,INQUIRE,DB2-ACCESS,,GRHIC001,programs/PC/grhiid01.cbl
GRHIIV01,PC,Products and Completed Operations Liability,HI,INQUIRE,VSAM-ACCESS,,GRHIC001,programs/PC/grhiiv01.cbl
GRHIUL01,PC,Products and Completed Operations Liability,HI,UPDATE,BUSINESS-LOGIC,GRHIUD01,GRHIC001,programs/PC/grhiul01.cbl
GRHIUD01,PC,Products and Completed Operations Liability,HI,UPDATE,DB2-ACCESS,GRHIUV01,GRHIC001,programs/PC/grhiud01.cbl
GRHIUV01,PC,Products and Completed Operations Liability,HI,UPDATE,VSAM-ACCESS,,GRHIC001,programs/PC/grhiuv01.cbl
GRHIDL01,PC,Products and Completed Operations Liability,HI,DELETE,BUSINESS-LOGIC,GRHIDD01,GRHIC001,programs/PC/grhidl01.cbl
GRHIDD01,PC,Products and Completed Operations Liability,HI,DELETE,DB2-ACCESS,GRHIDV01,GRHIC001,programs/PC/grhidd01.cbl
GRHIDV01,PC,Products and Completed Operations Liability,HI,DELETE,VSAM-ACCESS,,GRHIC001,programs/PC/grhidv01.cbl
GRHIRL01,PC,Products and Completed Operations Liability,HI,RATE,BUSINESS-LOGIC,GRHIRD01,GRHIC001,programs/PC/grhirl01.cbl
GRHIRD01,PC,Products and Completed Operations Liability,HI,RATE,DB2-ACCESS,,GRHIC001,programs/PC/grhird01.cbl
GRHIRV01,PC,Products and Completed Operations Liability,HI,RATE,VSAM-ACCESS,,GRHIC001,programs/PC/grhirv01.cbl
GRIDAL01,PC,Products and Completed Operations Liability,ID,ADD,BUSINESS-LOGIC,GRIDAD01,GRIDC001,programs/PC/gridal01.cbl
GRIDAD01,PC,Products and Completed Operations Liability,ID,ADD,DB2-ACCESS,GRIDAV01,GRIDC001,programs/PC/gridad01.cbl
GRIDAV01,PC,Products and Completed Operations Liability,ID,ADD,VSAM-ACCESS,,GRIDC001,programs/PC/gridav01.cbl
GRIDIL01,PC,Products and Completed Operations Liability,ID,INQUIRE,BUSINESS-LOGIC,GRIDID01,GRIDC001,programs/PC/gridil01.cbl
GRIDID01,PC,Products and Completed Operations Liability,ID,INQUIRE,DB2-ACCESS,,GRIDC001,programs/PC/gridid01.cbl
GRIDIV01,PC,Products and Completed Operations Liability,ID,INQUIRE,VSAM-ACCESS,,GRIDC001,programs/PC/gridiv01.cbl
GRIDUL01,PC,Products and Completed Operations Liability,ID,UPDATE,BUSINESS-LOGIC,GRIDUD01,GRIDC001,programs/PC/gridul01.cbl
GRIDUD01,PC,Products and Completed Operations Liability,ID,UPDATE,DB2-ACCESS,GRIDUV01,GRIDC001,programs/PC/gridud01.cbl
GRIDUV01,PC,Products and Completed Operations Liability,ID,UPDATE,VSAM-ACCESS,,GRIDC001,programs/PC/griduv01.cbl
GRIDDL01,PC,Products and Completed Operations Liability,ID,DELETE,BUSINESS-LOGIC,GRIDDD01,GRIDC001,programs/PC/griddl01.cbl
GRIDDD01,PC,Products and Completed Operations Liability,ID,DELETE,DB2-ACCESS,GRIDDV01,GRIDC001,programs/PC/griddd01.cbl
GRIDDV01,PC,Products and Completed Operations Liability,ID,DELETE,VSAM-ACCESS,,GRIDC001,programs/PC/griddv01.cbl
GRIDRL01,PC,Products and Completed Operations Liability,ID,RATE,BUSINESS-LOGIC,GRIDRD01,GRIDC001,programs/PC/gridrl01.cbl
GRIDRD01,PC,Products and Completed Operations Liability,ID,RATE,DB2-ACCESS,,GRIDC001,programs/PC/gridrd01.cbl
GRIDRV01,PC,Products and Completed Operations Liability,ID,RATE,VSAM-ACCESS,,GRIDC001,programs/PC/gridrv01.cbl
GRILAL01,PC,Products and Completed Operations Liability,IL,ADD,BUSINESS-LOGIC,GRILAD01,GRILC001,programs/PC/grilal01.cbl
GRILAD01,PC,Products and Completed Operations Liability,IL,ADD,DB2-ACCESS,GRILAV01,GRILC001,programs/PC/grilad01.cbl
GRILAV01,PC,Products and Completed Operations Liability,IL,ADD,VSAM-ACCESS,,GRILC001,programs/PC/grilav01.cbl
GRILIL01,PC,Products and Completed Operations Liability,IL,INQUIRE,BUSINESS-LOGIC,GRILID01,GRILC001,programs/PC/grilil01.cbl
GRILID01,PC,Products and Completed Operations Liability,IL,INQUIRE,DB2-ACCESS,,GRILC001,programs/PC/grilid01.cbl
GRILIV01,PC,Products and Completed Operations Liability,IL,INQUIRE,VSAM-ACCESS,,GRILC001,programs/PC/griliv01.cbl
GRILUL01,PC,Products and Completed Operations Liability,IL,UPDATE,BUSINESS-LOGIC,GRILUD01,GRILC001,programs/PC/grilul01.cbl
GRILUD01,PC,Products and Completed Operations Liability,IL,UPDATE,DB2-ACCESS,GRILUV01,GRILC001,programs/PC/grilud01.cbl
GRILUV01,PC,Products and Completed Operations Liability,IL,UPDATE,VSAM-ACCESS,,GRILC001,programs/PC/griluv01.cbl
GRILDL01,PC,Products and Completed Operations Liability,IL,DELETE,BUSINESS-LOGIC,GRILDD01,GRILC001,programs/PC/grildl01.cbl
GRILDD01,PC,Products and Completed Operations Liability,IL,DELETE,DB2-ACCESS,GRILDV01,GRILC001,programs/PC/grildd01.cbl
GRILDV01,PC,Products and Completed Operations Liability,IL,DELETE,VSAM-ACCESS,,GRILC001,programs/PC/grildv01.cbl
GRILRL01,PC,Products and Completed Operations Liability,IL,RATE,BUSINESS-LOGIC,GRILRD01,GRILC001,programs/PC/grilrl01.cbl
GRILRD01,PC,Products and Completed Operations Liability,IL,RATE,DB2-ACCESS,,GRILC001,programs/PC/grilrd01.cbl
GRILRV01,PC,Products and Completed Operations Liability,IL,RATE,VSAM-ACCESS,,GRILC001,programs/PC/grilrv01.cbl
GRINAL01,PC,Products and Completed Operations Liability,IN,ADD,BUSINESS-LOGIC,GRINAD01,GRINC001,programs/PC/grinal01.cbl
GRINAD01,PC,Products and Completed Operations Liability,IN,ADD,DB2-ACCESS,GRINAV01,GRINC001,programs/PC/grinad01.cbl
GRINAV01,PC,Products and Completed Operations Liability,IN,ADD,VSAM-ACCESS,,GRINC001,programs/PC/grinav01.cbl
GRINIL01,PC,Products and Completed Operations Liability,IN,INQUIRE,BUSINESS-LOGIC,GRINID01,GRINC001,programs/PC/grinil01.cbl
GRINID01,PC,Products and Completed Operations Liability,IN,INQUIRE,DB2-ACCESS,,GRINC001,programs/PC/grinid01.cbl
GRINIV01,PC,Products and Completed Operations Liability,IN,INQUIRE,VSAM-ACCESS,,GRINC001,programs/PC/griniv01.cbl
GRINUL01,PC,Products and Completed Operations Liability,IN,UPDATE,BUSINESS-LOGIC,GRINUD01,GRINC001,programs/PC/grinul01.cbl
GRINUD01,PC,Products and Completed Operations Liability,IN,UPDATE,DB2-ACCESS,GRINUV01,GRINC001,programs/PC/grinud01.cbl
GRINUV01,PC,Products and Completed Operations Liability,IN,UPDATE,VSAM-ACCESS,,GRINC001,programs/PC/grinuv01.cbl
GRINDL01,PC,Products and Completed Operations Liability,IN,DELETE,BUSINESS-LOGIC,GRINDD01,GRINC001,programs/PC/grindl01.cbl
GRINDD01,PC,Products and Completed Operations Liability,IN,DELETE,DB2-ACCESS,GRINDV01,GRINC001,programs/PC/grindd01.cbl
GRINDV01,PC,Products and Completed Operations Liability,IN,DELETE,VSAM-ACCESS,,GRINC001,programs/PC/grindv01.cbl
GRINRL01,PC,Products and Completed Operations Liability,IN,RATE,BUSINESS-LOGIC,GRINRD01,GRINC001,programs/PC/grinrl01.cbl
GRINRD01,PC,Products and Completed Operations Liability,IN,RATE,DB2-ACCESS,,GRINC001,programs/PC/grinrd01.cbl
GRINRV01,PC,Products and Completed Operations Liability,IN,RATE,VSAM-ACCESS,,GRINC001,programs/PC/grinrv01.cbl
GRIAAL01,PC,Products and Completed Operations Liability,IA,ADD,BUSINESS-LOGIC,GRIAAD01,GRIAC001,programs/PC/griaal01.cbl
GRIAAD01,PC,Products and Completed Operations Liability,IA,ADD,DB2-ACCESS,GRIAAV01,GRIAC001,programs/PC/griaad01.cbl
GRIAAV01,PC,Products and Completed Operations Liability,IA,ADD,VSAM-ACCESS,,GRIAC001,programs/PC/griaav01.cbl
GRIAIL01,PC,Products and Completed Operations Liability,IA,INQUIRE,BUSINESS-LOGIC,GRIAID01,GRIAC001,programs/PC/griail01.cbl
GRIAID01,PC,Products and Completed Operations Liability,IA,INQUIRE,DB2-ACCESS,,GRIAC001,programs/PC/griaid01.cbl
GRIAIV01,PC,Products and Completed Operations Liability,IA,INQUIRE,VSAM-ACCESS,,GRIAC001,programs/PC/griaiv01.cbl
GRIAUL01,PC,Products and Completed Operations Liability,IA,UPDATE,BUSINESS-LOGIC,GRIAUD01,GRIAC001,programs/PC/griaul01.cbl
GRIAUD01,PC,Products and Completed Operations Liability,IA,UPDATE,DB2-ACCESS,GRIAUV01,GRIAC001,programs/PC/griaud01.cbl
GRIAUV01,PC,Products and Completed Operations Liability,IA,UPDATE,VSAM-ACCESS,,GRIAC001,programs/PC/griauv01.cbl
GRIADL01,PC,Products and Completed Operations Liability,IA,DELETE,BUSINESS-LOGIC,GRIADD01,GRIAC001,programs/PC/griadl01.cbl
GRIADD01,PC,Products and Completed Operations Liability,IA,DELETE,DB2-ACCESS,GRIADV01,GRIAC001,programs/PC/griadd01.cbl
GRIADV01,PC,Products and Completed Operations Liability,IA,DELETE,VSAM-ACCESS,,GRIAC001,programs/PC/griadv01.cbl
GRIARL01,PC,Products and Completed Operations Liability,IA,RATE,BUSINESS-LOGIC,GRIARD01,GRIAC001,programs/PC/griarl01.cbl
GRIARD01,PC,Products and Completed Operations Liability,IA,RATE,DB2-ACCESS,,GRIAC001,programs/PC/griard01.cbl
GRIARV01,PC,Products and Completed Operations Liability,IA,RATE,VSAM-ACCESS,,GRIAC001,programs/PC/griarv01.cbl
GRKSAL01,PC,Products and Completed Operations Liability,KS,ADD,BUSINESS-LOGIC,GRKSAD01,GRKSC001,programs/PC/grksal01.cbl
GRKSAD01,PC,Products and Completed Operations Liability,KS,ADD,DB2-ACCESS,GRKSAV01,GRKSC001,programs/PC/grksad01.cbl
GRKSAV01,PC,Products and Completed Operations Liability,KS,ADD,VSAM-ACCESS,,GRKSC001,programs/PC/grksav01.cbl
GRKSIL01,PC,Products and Completed Operations Liability,KS,INQUIRE,BUSINESS-LOGIC,GRKSID01,GRKSC001,programs/PC/grksil01.cbl
GRKSID01,PC,Products and Completed Operations Liability,KS,INQUIRE,DB2-ACCESS,,GRKSC001,programs/PC/grksid01.cbl
GRKSIV01,PC,Products and Completed Operations Liability,KS,INQUIRE,VSAM-ACCESS,,GRKSC001,programs/PC/grksiv01.cbl
GRKSUL01,PC,Products and Completed Operations Liability,KS,UPDATE,BUSINESS-LOGIC,GRKSUD01,GRKSC001,programs/PC/grksul01.cbl
GRKSUD01,PC,Products and Completed Operations Liability,KS,UPDATE,DB2-ACCESS,GRKSUV01,GRKSC001,programs/PC/grksud01.cbl
GRKSUV01,PC,Products and Completed Operations Liability,KS,UPDATE,VSAM-ACCESS,,GRKSC001,programs/PC/grksuv01.cbl
GRKSDL01,PC,Products and Completed Operations Liability,KS,DELETE,BUSINESS-LOGIC,GRKSDD01,GRKSC001,programs/PC/grksdl01.cbl
GRKSDD01,PC,Products and Completed Operations Liability,KS,DELETE,DB2-ACCESS,GRKSDV01,GRKSC001,programs/PC/grksdd01.cbl
GRKSDV01,PC,Products and Completed Operations Liability,KS,DELETE,VSAM-ACCESS,,GRKSC001,programs/PC/grksdv01.cbl
GRKSRL01,PC,Products and Completed Operations Liability,KS,RATE,BUSINESS-LOGIC,GRKSRD01,GRKSC001,programs/PC/grksrl01.cbl
GRKSRD01,PC,Products and Completed Operations Liability,KS,RATE,DB2-ACCESS,,GRKSC001,programs/PC/grksrd01.cbl
GRKSRV01,PC,Products and Completed Operations Liability,KS,RATE,VSAM-ACCESS,,GRKSC001,programs/PC/grksrv01.cbl
GRKYAL01,PC,Products and Completed Operations Liability,KY,ADD,BUSINESS-LOGIC,GRKYAD01,GRKYC001,programs/PC/grkyal01.cbl
GRKYAD01,PC,Products and Completed Operations Liability,KY,ADD,DB2-ACCESS,GRKYAV01,GRKYC001,programs/PC/grkyad01.cbl
GRKYAV01,PC,Products and Completed Operations Liability,KY,ADD,VSAM-ACCESS,,GRKYC001,programs/PC/grkyav01.cbl
GRKYIL01,PC,Products and Completed Operations Liability,KY,INQUIRE,BUSINESS-LOGIC,GRKYID01,GRKYC001,programs/PC/grkyil01.cbl
GRKYID01,PC,Products and Completed Operations Liability,KY,INQUIRE,DB2-ACCESS,,GRKYC001,programs/PC/grkyid01.cbl
GRKYIV01,PC,Products and Completed Operations Liability,KY,INQUIRE,VSAM-ACCESS,,GRKYC001,programs/PC/grkyiv01.cbl
GRKYUL01,PC,Products and Completed Operations Liability,KY,UPDATE,BUSINESS-LOGIC,GRKYUD01,GRKYC001,programs/PC/grkyul01.cbl
GRKYUD01,PC,Products and Completed Operations Liability,KY,UPDATE,DB2-ACCESS,GRKYUV01,GRKYC001,programs/PC/grkyud01.cbl
GRKYUV01,PC,Products and Completed Operations Liability,KY,UPDATE,VSAM-ACCESS,,GRKYC001,programs/PC/grkyuv01.cbl
GRKYDL01,PC,Products and Completed Operations Liability,KY,DELETE,BUSINESS-LOGIC,GRKYDD01,GRKYC001,programs/PC/grkydl01.cbl
GRKYDD01,PC,Products and Completed Operations Liability,KY,DELETE,DB2-ACCESS,GRKYDV01,GRKYC001,programs/PC/grkydd01.cbl
GRKYDV01,PC,Products and Completed Operations Liability,KY,DELETE,VSAM-ACCESS,,GRKYC001,programs/PC/grkydv01.cbl
GRKYRL01,PC,Products and Completed Operations Liability,KY,RATE,BUSINESS-LOGIC,GRKYRD01,GRKYC001,programs/PC/grkyrl01.cbl
GRKYRD01,PC,Products and Completed Operations Liability,KY,RATE,DB2-ACCESS,,GRKYC001,programs/PC/grkyrd01.cbl
GRKYRV01,PC,Products and Completed Operations Liability,KY,RATE,VSAM-ACCESS,,GRKYC001,programs/PC/grkyrv01.cbl
GRLAAL01,PC,Products and Completed Operations Liability,LA,ADD,BUSINESS-LOGIC,GRLAAD01,GRLAC001,programs/PC/grlaal01.cbl
GRLAAD01,PC,Products and Completed Operations Liability,LA,ADD,DB2-ACCESS,GRLAAV01,GRLAC001,programs/PC/grlaad01.cbl
GRLAAV01,PC,Products and Completed Operations Liability,LA,ADD,VSAM-ACCESS,,GRLAC001,programs/PC/grlaav01.cbl
GRLAIL01,PC,Products and Completed Operations Liability,LA,INQUIRE,BUSINESS-LOGIC,GRLAID01,GRLAC001,programs/PC/grlail01.cbl
GRLAID01,PC,Products and Completed Operations Liability,LA,INQUIRE,DB2-ACCESS,,GRLAC001,programs/PC/grlaid01.cbl
GRLAIV01,PC,Products and Completed Operations Liability,LA,INQUIRE,VSAM-ACCESS,,GRLAC001,programs/PC/grlaiv01.cbl
GRLAUL01,PC,Products and Completed Operations Liability,LA,UPDATE,BUSINESS-LOGIC,GRLAUD01,GRLAC001,programs/PC/grlaul01.cbl
GRLAUD01,PC,Products and Completed Operations Liability,LA,UPDATE,DB2-ACCESS,GRLAUV01,GRLAC001,programs/PC/grlaud01.cbl
GRLAUV01,PC,Products and Completed Operations Liability,LA,UPDATE,VSAM-ACCESS,,GRLAC001,programs/PC/grlauv01.cbl
GRLADL01,PC,Products and Completed Operations Liability,LA,DELETE,BUSINESS-LOGIC,GRLADD01,GRLAC001,programs/PC/grladl01.cbl
GRLADD01,PC,Products and Completed Operations Liability,LA,DELETE,DB2-ACCESS,GRLADV01,GRLAC001,programs/PC/grladd01.cbl
GRLADV01,PC,Products and Completed Operations Liability,LA,DELETE,VSAM-ACCESS,,GRLAC001,programs/PC/grladv01.cbl
GRLARL01,PC,Products and Completed Operations Liability,LA,RATE,BUSINESS-LOGIC,GRLARD01,GRLAC001,programs/PC/grlarl01.cbl
GRLARD01,PC,Products and Completed Operations Liability,LA,RATE,DB2-ACCESS,,GRLAC001,programs/PC/grlard01.cbl
GRLARV01,PC,Products and Completed Operations Liability,LA,RATE,VSAM-ACCESS,,GRLAC001,programs/PC/grlarv01.cbl
GRMEAL01,PC,Products and Completed Operations Liability,ME,ADD,BUSINESS-LOGIC,GRMEAD01,GRMEC001,programs/PC/grmeal01.cbl
GRMEAD01,PC,Products and Completed Operations Liability,ME,ADD,DB2-ACCESS,GRMEAV01,GRMEC001,programs/PC/grmead01.cbl
GRMEAV01,PC,Products and Completed Operations Liability,ME,ADD,VSAM-ACCESS,,GRMEC001,programs/PC/grmeav01.cbl
GRMEIL01,PC,Products and Completed Operations Liability,ME,INQUIRE,BUSINESS-LOGIC,GRMEID01,GRMEC001,programs/PC/grmeil01.cbl
GRMEID01,PC,Products and Completed Operations Liability,ME,INQUIRE,DB2-ACCESS,,GRMEC001,programs/PC/grmeid01.cbl
GRMEIV01,PC,Products and Completed Operations Liability,ME,INQUIRE,VSAM-ACCESS,,GRMEC001,programs/PC/grmeiv01.cbl
GRMEUL01,PC,Products and Completed Operations Liability,ME,UPDATE,BUSINESS-LOGIC,GRMEUD01,GRMEC001,programs/PC/grmeul01.cbl
GRMEUD01,PC,Products and Completed Operations Liability,ME,UPDATE,DB2-ACCESS,GRMEUV01,GRMEC001,programs/PC/grmeud01.cbl
GRMEUV01,PC,Products and Completed Operations Liability,ME,UPDATE,VSAM-ACCESS,,GRMEC001,programs/PC/grmeuv01.cbl
GRMEDL01,PC,Products and Completed Operations Liability,ME,DELETE,BUSINESS-LOGIC,GRMEDD01,GRMEC001,programs/PC/grmedl01.cbl
GRMEDD01,PC,Products and Completed Operations Liability,ME,DELETE,DB2-ACCESS,GRMEDV01,GRMEC001,programs/PC/grmedd01.cbl
GRMEDV01,PC,Products and Completed Operations Liability,ME,DELETE,VSAM-ACCESS,,GRMEC001,programs/PC/grmedv01.cbl
GRMERL01,PC,Products and Completed Operations Liability,ME,RATE,BUSINESS-LOGIC,GRMERD01,GRMEC001,programs/PC/grmerl01.cbl
GRMERD01,PC,Products and Completed Operations Liability,ME,RATE,DB2-ACCESS,,GRMEC001,programs/PC/grmerd01.cbl
GRMERV01,PC,Products and Completed Operations Liability,ME,RATE,VSAM-ACCESS,,GRMEC001,programs/PC/grmerv01.cbl
GRMDAL01,PC,Products and Completed Operations Liability,MD,ADD,BUSINESS-LOGIC,GRMDAD01,GRMDC001,programs/PC/grmdal01.cbl
GRMDAD01,PC,Products and Completed Operations Liability,MD,ADD,DB2-ACCESS,GRMDAV01,GRMDC001,programs/PC/grmdad01.cbl
GRMDAV01,PC,Products and Completed Operations Liability,MD,ADD,VSAM-ACCESS,,GRMDC001,programs/PC/grmdav01.cbl
GRMDIL01,PC,Products and Completed Operations Liability,MD,INQUIRE,BUSINESS-LOGIC,GRMDID01,GRMDC001,programs/PC/grmdil01.cbl
GRMDID01,PC,Products and Completed Operations Liability,MD,INQUIRE,DB2-ACCESS,,GRMDC001,programs/PC/grmdid01.cbl
GRMDIV01,PC,Products and Completed Operations Liability,MD,INQUIRE,VSAM-ACCESS,,GRMDC001,programs/PC/grmdiv01.cbl
GRMDUL01,PC,Products and Completed Operations Liability,MD,UPDATE,BUSINESS-LOGIC,GRMDUD01,GRMDC001,programs/PC/grmdul01.cbl
GRMDUD01,PC,Products and Completed Operations Liability,MD,UPDATE,DB2-ACCESS,GRMDUV01,GRMDC001,programs/PC/grmdud01.cbl
GRMDUV01,PC,Products and Completed Operations Liability,MD,UPDATE,VSAM-ACCESS,,GRMDC001,programs/PC/grmduv01.cbl
GRMDDL01,PC,Products and Completed Operations Liability,MD,DELETE,BUSINESS-LOGIC,GRMDDD01,GRMDC001,programs/PC/grmddl01.cbl
GRMDDD01,PC,Products and Completed Operations Liability,MD,DELETE,DB2-ACCESS,GRMDDV01,GRMDC001,programs/PC/grmddd01.cbl
GRMDDV01,PC,Products and Completed Operations Liability,MD,DELETE,VSAM-ACCESS,,GRMDC001,programs/PC/grmddv01.cbl
GRMDRL01,PC,Products and Completed Operations Liability,MD,RATE,BUSINESS-LOGIC,GRMDRD01,GRMDC001,programs/PC/grmdrl01.cbl
GRMDRD01,PC,Products and Completed Operations Liability,MD,RATE,DB2-ACCESS,,GRMDC001,programs/PC/grmdrd01.cbl
GRMDRV01,PC,Products and Completed Operations Liability,MD,RATE,VSAM-ACCESS,,GRMDC001,programs/PC/grmdrv01.cbl
GRMAAL01,PC,Products and Completed Operations Liability,MA,ADD,BUSINESS-LOGIC,GRMAAD01,GRMAC001,programs/PC/grmaal01.cbl
GRMAAD01,PC,Products and Completed Operations Liability,MA,ADD,DB2-ACCESS,GRMAAV01,GRMAC001,programs/PC/grmaad01.cbl
GRMAAV01,PC,Products and Completed Operations Liability,MA,ADD,VSAM-ACCESS,,GRMAC001,programs/PC/grmaav01.cbl
GRMAIL01,PC,Products and Completed Operations Liability,MA,INQUIRE,BUSINESS-LOGIC,GRMAID01,GRMAC001,programs/PC/grmail01.cbl
GRMAID01,PC,Products and Completed Operations Liability,MA,INQUIRE,DB2-ACCESS,,GRMAC001,programs/PC/grmaid01.cbl
GRMAIV01,PC,Products and Completed Operations Liability,MA,INQUIRE,VSAM-ACCESS,,GRMAC001,programs/PC/grmaiv01.cbl
GRMAUL01,PC,Products and Completed Operations Liability,MA,UPDATE,BUSINESS-LOGIC,GRMAUD01,GRMAC001,programs/PC/grmaul01.cbl
GRMAUD01,PC,Products and Completed Operations Liability,MA,UPDATE,DB2-ACCESS,GRMAUV01,GRMAC001,programs/PC/grmaud01.cbl
GRMAUV01,PC,Products and Completed Operations Liability,MA,UPDATE,VSAM-ACCESS,,GRMAC001,programs/PC/grmauv01.cbl
GRMADL01,PC,Products and Completed Operations Liability,MA,DELETE,BUSINESS-LOGIC,GRMADD01,GRMAC001,programs/PC/grmadl01.cbl
GRMADD01,PC,Products and Completed Operations Liability,MA,DELETE,DB2-ACCESS,GRMADV01,GRMAC001,programs/PC/grmadd01.cbl
GRMADV01,PC,Products and Completed Operations Liability,MA,DELETE,VSAM-ACCESS,,GRMAC001,programs/PC/grmadv01.cbl
GRMARL01,PC,Products and Completed Operations Liability,MA,RATE,BUSINESS-LOGIC,GRMARD01,GRMAC001,programs/PC/grmarl01.cbl
GRMARD01,PC,Products and Completed Operations Liability,MA,RATE,DB2-ACCESS,,GRMAC001,programs/PC/grmard01.cbl
GRMARV01,PC,Products and Completed Operations Liability,MA,RATE,VSAM-ACCESS,,GRMAC001,programs/PC/grmarv01.cbl
GRMIAL01,PC,Products and Completed Operations Liability,MI,ADD,BUSINESS-LOGIC,GRMIAD01,GRMIC001,programs/PC/grmial01.cbl
GRMIAD01,PC,Products and Completed Operations Liability,MI,ADD,DB2-ACCESS,GRMIAV01,GRMIC001,programs/PC/grmiad01.cbl
GRMIAV01,PC,Products and Completed Operations Liability,MI,ADD,VSAM-ACCESS,,GRMIC001,programs/PC/grmiav01.cbl
GRMIIL01,PC,Products and Completed Operations Liability,MI,INQUIRE,BUSINESS-LOGIC,GRMIID01,GRMIC001,programs/PC/grmiil01.cbl
GRMIID01,PC,Products and Completed Operations Liability,MI,INQUIRE,DB2-ACCESS,,GRMIC001,programs/PC/grmiid01.cbl
GRMIIV01,PC,Products and Completed Operations Liability,MI,INQUIRE,VSAM-ACCESS,,GRMIC001,programs/PC/grmiiv01.cbl
GRMIUL01,PC,Products and Completed Operations Liability,MI,UPDATE,BUSINESS-LOGIC,GRMIUD01,GRMIC001,programs/PC/grmiul01.cbl
GRMIUD01,PC,Products and Completed Operations Liability,MI,UPDATE,DB2-ACCESS,GRMIUV01,GRMIC001,programs/PC/grmiud01.cbl
GRMIUV01,PC,Products and Completed Operations Liability,MI,UPDATE,VSAM-ACCESS,,GRMIC001,programs/PC/grmiuv01.cbl
GRMIDL01,PC,Products and Completed Operations Liability,MI,DELETE,BUSINESS-LOGIC,GRMIDD01,GRMIC001,programs/PC/grmidl01.cbl
GRMIDD01,PC,Products and Completed Operations Liability,MI,DELETE,DB2-ACCESS,GRMIDV01,GRMIC001,programs/PC/grmidd01.cbl
GRMIDV01,PC,Products and Completed Operations Liability,MI,DELETE,VSAM-ACCESS,,GRMIC001,programs/PC/grmidv01.cbl
GRMIRL01,PC,Products and Completed Operations Liability,MI,RATE,BUSINESS-LOGIC,GRMIRD01,GRMIC001,programs/PC/grmirl01.cbl
GRMIRD01,PC,Products and Completed Operations Liability,MI,RATE,DB2-ACCESS,,GRMIC001,programs/PC/grmird01.cbl
GRMIRV01,PC,Products and Completed Operations Liability,MI,RATE,VSAM-ACCESS,,GRMIC001,programs/PC/grmirv01.cbl
GRMNAL01,PC,Products and Completed Operations Liability,MN,ADD,BUSINESS-LOGIC,GRMNAD01,GRMNC001,programs/PC/grmnal01.cbl
GRMNAD01,PC,Products and Completed Operations Liability,MN,ADD,DB2-ACCESS,GRMNAV01,GRMNC001,programs/PC/grmnad01.cbl
GRMNAV01,PC,Products and Completed Operations Liability,MN,ADD,VSAM-ACCESS,,GRMNC001,programs/PC/grmnav01.cbl
GRMNIL01,PC,Products and Completed Operations Liability,MN,INQUIRE,BUSINESS-LOGIC,GRMNID01,GRMNC001,programs/PC/grmnil01.cbl
GRMNID01,PC,Products and Completed Operations Liability,MN,INQUIRE,DB2-ACCESS,,GRMNC001,programs/PC/grmnid01.cbl
GRMNIV01,PC,Products and Completed Operations Liability,MN,INQUIRE,VSAM-ACCESS,,GRMNC001,programs/PC/grmniv01.cbl
GRMNUL01,PC,Products and Completed Operations Liability,MN,UPDATE,BUSINESS-LOGIC,GRMNUD01,GRMNC001,programs/PC/grmnul01.cbl
GRMNUD01,PC,Products and Completed Operations Liability,MN,UPDATE,DB2-ACCESS,GRMNUV01,GRMNC001,programs/PC/grmnud01.cbl
GRMNUV01,PC,Products and Completed Operations Liability,MN,UPDATE,VSAM-ACCESS,,GRMNC001,programs/PC/grmnuv01.cbl
GRMNDL01,PC,Products and Completed Operations Liability,MN,DELETE,BUSINESS-LOGIC,GRMNDD01,GRMNC001,programs/PC/grmndl01.cbl
GRMNDD01,PC,Products and Completed Operations Liability,MN,DELETE,DB2-ACCESS,GRMNDV01,GRMNC001,programs/PC/grmndd01.cbl
GRMNDV01,PC,Products and Completed Operations Liability,MN,DELETE,VSAM-ACCESS,,GRMNC001,programs/PC/grmndv01.cbl
GRMNRL01,PC,Products and Completed Operations Liability,MN,RATE,BUSINESS-LOGIC,GRMNRD01,GRMNC001,programs/PC/grmnrl01.cbl
GRMNRD01,PC,Products and Completed Operations Liability,MN,RATE,DB2-ACCESS,,GRMNC001,programs/PC/grmnrd01.cbl
GRMNRV01,PC,Products and Completed Operations Liability,MN,RATE,VSAM-ACCESS,,GRMNC001,programs/PC/grmnrv01.cbl
GRMSAL01,PC,Products and Completed Operations Liability,MS,ADD,BUSINESS-LOGIC,GRMSAD01,GRMSC001,programs/PC/grmsal01.cbl
GRMSAD01,PC,Products and Completed Operations Liability,MS,ADD,DB2-ACCESS,GRMSAV01,GRMSC001,programs/PC/grmsad01.cbl
GRMSAV01,PC,Products and Completed Operations Liability,MS,ADD,VSAM-ACCESS,,GRMSC001,programs/PC/grmsav01.cbl
GRMSIL01,PC,Products and Completed Operations Liability,MS,INQUIRE,BUSINESS-LOGIC,GRMSID01,GRMSC001,programs/PC/grmsil01.cbl
GRMSID01,PC,Products and Completed Operations Liability,MS,INQUIRE,DB2-ACCESS,,GRMSC001,programs/PC/grmsid01.cbl
GRMSIV01,PC,Products and Completed Operations Liability,MS,INQUIRE,VSAM-ACCESS,,GRMSC001,programs/PC/grmsiv01.cbl
GRMSUL01,PC,Products and Completed Operations Liability,MS,UPDATE,BUSINESS-LOGIC,GRMSUD01,GRMSC001,programs/PC/grmsul01.cbl
GRMSUD01,PC,Products and Completed Operations Liability,MS,UPDATE,DB2-ACCESS,GRMSUV01,GRMSC001,programs/PC/grmsud01.cbl
GRMSUV01,PC,Products and Completed Operations Liability,MS,UPDATE,VSAM-ACCESS,,GRMSC001,programs/PC/grmsuv01.cbl
GRMSDL01,PC,Products and Completed Operations Liability,MS,DELETE,BUSINESS-LOGIC,GRMSDD01,GRMSC001,programs/PC/grmsdl01.cbl
GRMSDD01,PC,Products and Completed Operations Liability,MS,DELETE,DB2-ACCESS,GRMSDV01,GRMSC001,programs/PC/grmsdd01.cbl
GRMSDV01,PC,Products and Completed Operations Liability,MS,DELETE,VSAM-ACCESS,,GRMSC001,programs/PC/grmsdv01.cbl
GRMSRL01,PC,Products and Completed Operations Liability,MS,RATE,BUSINESS-LOGIC,GRMSRD01,GRMSC001,programs/PC/grmsrl01.cbl
GRMSRD01,PC,Products and Completed Operations Liability,MS,RATE,DB2-ACCESS,,GRMSC001,programs/PC/grmsrd01.cbl
GRMSRV01,PC,Products and Completed Operations Liability,MS,RATE,VSAM-ACCESS,,GRMSC001,programs/PC/grmsrv01.cbl
GRMOAL01,PC,Products and Completed Operations Liability,MO,ADD,BUSINESS-LOGIC,GRMOAD01,GRMOC001,programs/PC/grmoal01.cbl
GRMOAD01,PC,Products and Completed Operations Liability,MO,ADD,DB2-ACCESS,GRMOAV01,GRMOC001,programs/PC/grmoad01.cbl
GRMOAV01,PC,Products and Completed Operations Liability,MO,ADD,VSAM-ACCESS,,GRMOC001,programs/PC/grmoav01.cbl
GRMOIL01,PC,Products and Completed Operations Liability,MO,INQUIRE,BUSINESS-LOGIC,GRMOID01,GRMOC001,programs/PC/grmoil01.cbl
GRMOID01,PC,Products and Completed Operations Liability,MO,INQUIRE,DB2-ACCESS,,GRMOC001,programs/PC/grmoid01.cbl
GRMOIV01,PC,Products and Completed Operations Liability,MO,INQUIRE,VSAM-ACCESS,,GRMOC001,programs/PC/grmoiv01.cbl
GRMOUL01,PC,Products and Completed Operations Liability,MO,UPDATE,BUSINESS-LOGIC,GRMOUD01,GRMOC001,programs/PC/grmoul01.cbl
GRMOUD01,PC,Products and Completed Operations Liability,MO,UPDATE,DB2-ACCESS,GRMOUV01,GRMOC001,programs/PC/grmoud01.cbl
GRMOUV01,PC,Products and Completed Operations Liability,MO,UPDATE,VSAM-ACCESS,,GRMOC001,programs/PC/grmouv01.cbl
GRMODL01,PC,Products and Completed Operations Liability,MO,DELETE,BUSINESS-LOGIC,GRMODD01,GRMOC001,programs/PC/grmodl01.cbl
GRMODD01,PC,Products and Completed Operations Liability,MO,DELETE,DB2-ACCESS,GRMODV01,GRMOC001,programs/PC/grmodd01.cbl
GRMODV01,PC,Products and Completed Operations Liability,MO,DELETE,VSAM-ACCESS,,GRMOC001,programs/PC/grmodv01.cbl
GRMORL01,PC,Products and Completed Operations Liability,MO,RATE,BUSINESS-LOGIC,GRMORD01,GRMOC001,programs/PC/grmorl01.cbl
GRMORD01,PC,Products and Completed Operations Liability,MO,RATE,DB2-ACCESS,,GRMOC001,programs/PC/grmord01.cbl
GRMORV01,PC,Products and Completed Operations Liability,MO,RATE,VSAM-ACCESS,,GRMOC001,programs/PC/grmorv01.cbl
GRMTAL01,PC,Products and Completed Operations Liability,MT,ADD,BUSINESS-LOGIC,GRMTAD01,GRMTC001,programs/PC/grmtal01.cbl
GRMTAD01,PC,Products and Completed Operations Liability,MT,ADD,DB2-ACCESS,GRMTAV01,GRMTC001,programs/PC/grmtad01.cbl
GRMTAV01,PC,Products and Completed Operations Liability,MT,ADD,VSAM-ACCESS,,GRMTC001,programs/PC/grmtav01.cbl
GRMTIL01,PC,Products and Completed Operations Liability,MT,INQUIRE,BUSINESS-LOGIC,GRMTID01,GRMTC001,programs/PC/grmtil01.cbl
GRMTID01,PC,Products and Completed Operations Liability,MT,INQUIRE,DB2-ACCESS,,GRMTC001,programs/PC/grmtid01.cbl
GRMTIV01,PC,Products and Completed Operations Liability,MT,INQUIRE,VSAM-ACCESS,,GRMTC001,programs/PC/grmtiv01.cbl
GRMTUL01,PC,Products and Completed Operations Liability,MT,UPDATE,BUSINESS-LOGIC,GRMTUD01,GRMTC001,programs/PC/grmtul01.cbl
GRMTUD01,PC,Products and Completed Operations Liability,MT,UPDATE,DB2-ACCESS,GRMTUV01,GRMTC001,programs/PC/grmtud01.cbl
GRMTUV01,PC,Products and Completed Operations Liability,MT,UPDATE,VSAM-ACCESS,,GRMTC001,programs/PC/grmtuv01.cbl
GRMTDL01,PC,Products and Completed Operations Liability,MT,DELETE,BUSINESS-LOGIC,GRMTDD01,GRMTC001,programs/PC/grmtdl01.cbl
GRMTDD01,PC,Products and Completed Operations Liability,MT,DELETE,DB2-ACCESS,GRMTDV01,GRMTC001,programs/PC/grmtdd01.cbl
GRMTDV01,PC,Products and Completed Operations Liability,MT,DELETE,VSAM-ACCESS,,GRMTC001,programs/PC/grmtdv01.cbl
GRMTRL01,PC,Products and Completed Operations Liability,MT,RATE,BUSINESS-LOGIC,GRMTRD01,GRMTC001,programs/PC/grmtrl01.cbl
GRMTRD01,PC,Products and Completed Operations Liability,MT,RATE,DB2-ACCESS,,GRMTC001,programs/PC/grmtrd01.cbl
GRMTRV01,PC,Products and Completed Operations Liability,MT,RATE,VSAM-ACCESS,,GRMTC001,programs/PC/grmtrv01.cbl
GRNEAL01,PC,Products and Completed Operations Liability,NE,ADD,BUSINESS-LOGIC,GRNEAD01,GRNEC001,programs/PC/grneal01.cbl
GRNEAD01,PC,Products and Completed Operations Liability,NE,ADD,DB2-ACCESS,GRNEAV01,GRNEC001,programs/PC/grnead01.cbl
GRNEAV01,PC,Products and Completed Operations Liability,NE,ADD,VSAM-ACCESS,,GRNEC001,programs/PC/grneav01.cbl
GRNEIL01,PC,Products and Completed Operations Liability,NE,INQUIRE,BUSINESS-LOGIC,GRNEID01,GRNEC001,programs/PC/grneil01.cbl
GRNEID01,PC,Products and Completed Operations Liability,NE,INQUIRE,DB2-ACCESS,,GRNEC001,programs/PC/grneid01.cbl
GRNEIV01,PC,Products and Completed Operations Liability,NE,INQUIRE,VSAM-ACCESS,,GRNEC001,programs/PC/grneiv01.cbl
GRNEUL01,PC,Products and Completed Operations Liability,NE,UPDATE,BUSINESS-LOGIC,GRNEUD01,GRNEC001,programs/PC/grneul01.cbl
GRNEUD01,PC,Products and Completed Operations Liability,NE,UPDATE,DB2-ACCESS,GRNEUV01,GRNEC001,programs/PC/grneud01.cbl
GRNEUV01,PC,Products and Completed Operations Liability,NE,UPDATE,VSAM-ACCESS,,GRNEC001,programs/PC/grneuv01.cbl
GRNEDL01,PC,Products and Completed Operations Liability,NE,DELETE,BUSINESS-LOGIC,GRNEDD01,GRNEC001,programs/PC/grnedl01.cbl
GRNEDD01,PC,Products and Completed Operations Liability,NE,DELETE,DB2-ACCESS,GRNEDV01,GRNEC001,programs/PC/grnedd01.cbl
GRNEDV01,PC,Products and Completed Operations Liability,NE,DELETE,VSAM-ACCESS,,GRNEC001,programs/PC/grnedv01.cbl
GRNERL01,PC,Products and Completed Operations Liability,NE,RATE,BUSINESS-LOGIC,GRNERD01,GRNEC001,programs/PC/grnerl01.cbl
GRNERD01,PC,Products and Completed Operations Liability,NE,RATE,DB2-ACCESS,,GRNEC001,programs/PC/grnerd01.cbl
GRNERV01,PC,Products and Completed Operations Liability,NE,RATE,VSAM-ACCESS,,GRNEC001,programs/PC/grnerv01.cbl
GRNVAL01,PC,Products and Completed Operations Liability,NV,ADD,BUSINESS-LOGIC,GRNVAD01,GRNVC001,programs/PC/grnval01.cbl
GRNVAD01,PC,Products and Completed Operations Liability,NV,ADD,DB2-ACCESS,GRNVAV01,GRNVC001,programs/PC/grnvad01.cbl
GRNVAV01,PC,Products and Completed Operations Liability,NV,ADD,VSAM-ACCESS,,GRNVC001,programs/PC/grnvav01.cbl
GRNVIL01,PC,Products and Completed Operations Liability,NV,INQUIRE,BUSINESS-LOGIC,GRNVID01,GRNVC001,programs/PC/grnvil01.cbl
GRNVID01,PC,Products and Completed Operations Liability,NV,INQUIRE,DB2-ACCESS,,GRNVC001,programs/PC/grnvid01.cbl
GRNVIV01,PC,Products and Completed Operations Liability,NV,INQUIRE,VSAM-ACCESS,,GRNVC001,programs/PC/grnviv01.cbl
GRNVUL01,PC,Products and Completed Operations Liability,NV,UPDATE,BUSINESS-LOGIC,GRNVUD01,GRNVC001,programs/PC/grnvul01.cbl
GRNVUD01,PC,Products and Completed Operations Liability,NV,UPDATE,DB2-ACCESS,GRNVUV01,GRNVC001,programs/PC/grnvud01.cbl
GRNVUV01,PC,Products and Completed Operations Liability,NV,UPDATE,VSAM-ACCESS,,GRNVC001,programs/PC/grnvuv01.cbl
GRNVDL01,PC,Products and Completed Operations Liability,NV,DELETE,BUSINESS-LOGIC,GRNVDD01,GRNVC001,programs/PC/grnvdl01.cbl
GRNVDD01,PC,Products and Completed Operations Liability,NV,DELETE,DB2-ACCESS,GRNVDV01,GRNVC001,programs/PC/grnvdd01.cbl
GRNVDV01,PC,Products and Completed Operations Liability,NV,DELETE,VSAM-ACCESS,,GRNVC001,programs/PC/grnvdv01.cbl
GRNVRL01,PC,Products and Completed Operations Liability,NV,RATE,BUSINESS-LOGIC,GRNVRD01,GRNVC001,programs/PC/grnvrl01.cbl
GRNVRD01,PC,Products and Completed Operations Liability,NV,RATE,DB2-ACCESS,,GRNVC001,programs/PC/grnvrd01.cbl
GRNVRV01,PC,Products and Completed Operations Liability,NV,RATE,VSAM-ACCESS,,GRNVC001,programs/PC/grnvrv01.cbl
GRNHAL01,PC,Products and Completed Operations Liability,NH,ADD,BUSINESS-LOGIC,GRNHAD01,GRNHC001,programs/PC/grnhal01.cbl
GRNHAD01,PC,Products and Completed Operations Liability,NH,ADD,DB2-ACCESS,GRNHAV01,GRNHC001,programs/PC/grnhad01.cbl
GRNHAV01,PC,Products and Completed Operations Liability,NH,ADD,VSAM-ACCESS,,GRNHC001,programs/PC/grnhav01.cbl
GRNHIL01,PC,Products and Completed Operations Liability,NH,INQUIRE,BUSINESS-LOGIC,GRNHID01,GRNHC001,programs/PC/grnhil01.cbl
GRNHID01,PC,Products and Completed Operations Liability,NH,INQUIRE,DB2-ACCESS,,GRNHC001,programs/PC/grnhid01.cbl
GRNHIV01,PC,Products and Completed Operations Liability,NH,INQUIRE,VSAM-ACCESS,,GRNHC001,programs/PC/grnhiv01.cbl
GRNHUL01,PC,Products and Completed Operations Liability,NH,UPDATE,BUSINESS-LOGIC,GRNHUD01,GRNHC001,programs/PC/grnhul01.cbl
GRNHUD01,PC,Products and Completed Operations Liability,NH,UPDATE,DB2-ACCESS,GRNHUV01,GRNHC001,programs/PC/grnhud01.cbl
GRNHUV01,PC,Products and Completed Operations Liability,NH,UPDATE,VSAM-ACCESS,,GRNHC001,programs/PC/grnhuv01.cbl
GRNHDL01,PC,Products and Completed Operations Liability,NH,DELETE,BUSINESS-LOGIC,GRNHDD01,GRNHC001,programs/PC/grnhdl01.cbl
GRNHDD01,PC,Products and Completed Operations Liability,NH,DELETE,DB2-ACCESS,GRNHDV01,GRNHC001,programs/PC/grnhdd01.cbl
GRNHDV01,PC,Products and Completed Operations Liability,NH,DELETE,VSAM-ACCESS,,GRNHC001,programs/PC/grnhdv01.cbl
GRNHRL01,PC,Products and Completed Operations Liability,NH,RATE,BUSINESS-LOGIC,GRNHRD01,GRNHC001,programs/PC/grnhrl01.cbl
GRNHRD01,PC,Products and Completed Operations Liability,NH,RATE,DB2-ACCESS,,GRNHC001,programs/PC/grnhrd01.cbl
GRNHRV01,PC,Products and Completed Operations Liability,NH,RATE,VSAM-ACCESS,,GRNHC001,programs/PC/grnhrv01.cbl
GRNJAL01,PC,Products and Completed Operations Liability,NJ,ADD,BUSINESS-LOGIC,GRNJAD01,GRNJC001,programs/PC/grnjal01.cbl
GRNJAD01,PC,Products and Completed Operations Liability,NJ,ADD,DB2-ACCESS,GRNJAV01,GRNJC001,programs/PC/grnjad01.cbl
GRNJAV01,PC,Products and Completed Operations Liability,NJ,ADD,VSAM-ACCESS,,GRNJC001,programs/PC/grnjav01.cbl
GRNJIL01,PC,Products and Completed Operations Liability,NJ,INQUIRE,BUSINESS-LOGIC,GRNJID01,GRNJC001,programs/PC/grnjil01.cbl
GRNJID01,PC,Products and Completed Operations Liability,NJ,INQUIRE,DB2-ACCESS,,GRNJC001,programs/PC/grnjid01.cbl
GRNJIV01,PC,Products and Completed Operations Liability,NJ,INQUIRE,VSAM-ACCESS,,GRNJC001,programs/PC/grnjiv01.cbl
GRNJUL01,PC,Products and Completed Operations Liability,NJ,UPDATE,BUSINESS-LOGIC,GRNJUD01,GRNJC001,programs/PC/grnjul01.cbl
GRNJUD01,PC,Products and Completed Operations Liability,NJ,UPDATE,DB2-ACCESS,GRNJUV01,GRNJC001,programs/PC/grnjud01.cbl
GRNJUV01,PC,Products and Completed Operations Liability,NJ,UPDATE,VSAM-ACCESS,,GRNJC001,programs/PC/grnjuv01.cbl
GRNJDL01,PC,Products and Completed Operations Liability,NJ,DELETE,BUSINESS-LOGIC,GRNJDD01,GRNJC001,programs/PC/grnjdl01.cbl
GRNJDD01,PC,Products and Completed Operations Liability,NJ,DELETE,DB2-ACCESS,GRNJDV01,GRNJC001,programs/PC/grnjdd01.cbl
GRNJDV01,PC,Products and Completed Operations Liability,NJ,DELETE,VSAM-ACCESS,,GRNJC001,programs/PC/grnjdv01.cbl
GRNJRL01,PC,Products and Completed Operations Liability,NJ,RATE,BUSINESS-LOGIC,GRNJRD01,GRNJC001,programs/PC/grnjrl01.cbl
GRNJRD01,PC,Products and Completed Operations Liability,NJ,RATE,DB2-ACCESS,,GRNJC001,programs/PC/grnjrd01.cbl
GRNJRV01,PC,Products and Completed Operations Liability,NJ,RATE,VSAM-ACCESS,,GRNJC001,programs/PC/grnjrv01.cbl
GRNMAL01,PC,Products and Completed Operations Liability,NM,ADD,BUSINESS-LOGIC,GRNMAD01,GRNMC001,programs/PC/grnmal01.cbl
GRNMAD01,PC,Products and Completed Operations Liability,NM,ADD,DB2-ACCESS,GRNMAV01,GRNMC001,programs/PC/grnmad01.cbl
GRNMAV01,PC,Products and Completed Operations Liability,NM,ADD,VSAM-ACCESS,,GRNMC001,programs/PC/grnmav01.cbl
GRNMIL01,PC,Products and Completed Operations Liability,NM,INQUIRE,BUSINESS-LOGIC,GRNMID01,GRNMC001,programs/PC/grnmil01.cbl
GRNMID01,PC,Products and Completed Operations Liability,NM,INQUIRE,DB2-ACCESS,,GRNMC001,programs/PC/grnmid01.cbl
GRNMIV01,PC,Products and Completed Operations Liability,NM,INQUIRE,VSAM-ACCESS,,GRNMC001,programs/PC/grnmiv01.cbl
GRNMUL01,PC,Products and Completed Operations Liability,NM,UPDATE,BUSINESS-LOGIC,GRNMUD01,GRNMC001,programs/PC/grnmul01.cbl
GRNMUD01,PC,Products and Completed Operations Liability,NM,UPDATE,DB2-ACCESS,GRNMUV01,GRNMC001,programs/PC/grnmud01.cbl
GRNMUV01,PC,Products and Completed Operations Liability,NM,UPDATE,VSAM-ACCESS,,GRNMC001,programs/PC/grnmuv01.cbl
GRNMDL01,PC,Products and Completed Operations Liability,NM,DELETE,BUSINESS-LOGIC,GRNMDD01,GRNMC001,programs/PC/grnmdl01.cbl
GRNMDD01,PC,Products and Completed Operations Liability,NM,DELETE,DB2-ACCESS,GRNMDV01,GRNMC001,programs/PC/grnmdd01.cbl
GRNMDV01,PC,Products and Completed Operations Liability,NM,DELETE,VSAM-ACCESS,,GRNMC001,programs/PC/grnmdv01.cbl
GRNMRL01,PC,Products and Completed Operations Liability,NM,RATE,BUSINESS-LOGIC,GRNMRD01,GRNMC001,programs/PC/grnmrl01.cbl
GRNMRD01,PC,Products and Completed Operations Liability,NM,RATE,DB2-ACCESS,,GRNMC001,programs/PC/grnmrd01.cbl
GRNMRV01,PC,Products and Completed Operations Liability,NM,RATE,VSAM-ACCESS,,GRNMC001,programs/PC/grnmrv01.cbl
GRNYAL01,PC,Products and Completed Operations Liability,NY,ADD,BUSINESS-LOGIC,GRNYAD01,GRNYC001,programs/PC/grnyal01.cbl
GRNYAD01,PC,Products and Completed Operations Liability,NY,ADD,DB2-ACCESS,GRNYAV01,GRNYC001,programs/PC/grnyad01.cbl
GRNYAV01,PC,Products and Completed Operations Liability,NY,ADD,VSAM-ACCESS,,GRNYC001,programs/PC/grnyav01.cbl
GRNYIL01,PC,Products and Completed Operations Liability,NY,INQUIRE,BUSINESS-LOGIC,GRNYID01,GRNYC001,programs/PC/grnyil01.cbl
GRNYID01,PC,Products and Completed Operations Liability,NY,INQUIRE,DB2-ACCESS,,GRNYC001,programs/PC/grnyid01.cbl
GRNYIV01,PC,Products and Completed Operations Liability,NY,INQUIRE,VSAM-ACCESS,,GRNYC001,programs/PC/grnyiv01.cbl
GRNYUL01,PC,Products and Completed Operations Liability,NY,UPDATE,BUSINESS-LOGIC,GRNYUD01,GRNYC001,programs/PC/grnyul01.cbl
GRNYUD01,PC,Products and Completed Operations Liability,NY,UPDATE,DB2-ACCESS,GRNYUV01,GRNYC001,programs/PC/grnyud01.cbl
GRNYUV01,PC,Products and Completed Operations Liability,NY,UPDATE,VSAM-ACCESS,,GRNYC001,programs/PC/grnyuv01.cbl
GRNYDL01,PC,Products and Completed Operations Liability,NY,DELETE,BUSINESS-LOGIC,GRNYDD01,GRNYC001,programs/PC/grnydl01.cbl
GRNYDD01,PC,Products and Completed Operations Liability,NY,DELETE,DB2-ACCESS,GRNYDV01,GRNYC001,programs/PC/grnydd01.cbl
GRNYDV01,PC,Products and Completed Operations Liability,NY,DELETE,VSAM-ACCESS,,GRNYC001,programs/PC/grnydv01.cbl
GRNYRL01,PC,Products and Completed Operations Liability,NY,RATE,BUSINESS-LOGIC,GRNYRD01,GRNYC001,programs/PC/grnyrl01.cbl
GRNYRD01,PC,Products and Completed Operations Liability,NY,RATE,DB2-ACCESS,,GRNYC001,programs/PC/grnyrd01.cbl
GRNYRV01,PC,Products and Completed Operations Liability,NY,RATE,VSAM-ACCESS,,GRNYC001,programs/PC/grnyrv01.cbl
GRNCAL01,PC,Products and Completed Operations Liability,NC,ADD,BUSINESS-LOGIC,GRNCAD01,GRNCC001,programs/PC/grncal01.cbl
GRNCAD01,PC,Products and Completed Operations Liability,NC,ADD,DB2-ACCESS,GRNCAV01,GRNCC001,programs/PC/grncad01.cbl
GRNCAV01,PC,Products and Completed Operations Liability,NC,ADD,VSAM-ACCESS,,GRNCC001,programs/PC/grncav01.cbl
GRNCIL01,PC,Products and Completed Operations Liability,NC,INQUIRE,BUSINESS-LOGIC,GRNCID01,GRNCC001,programs/PC/grncil01.cbl
GRNCID01,PC,Products and Completed Operations Liability,NC,INQUIRE,DB2-ACCESS,,GRNCC001,programs/PC/grncid01.cbl
GRNCIV01,PC,Products and Completed Operations Liability,NC,INQUIRE,VSAM-ACCESS,,GRNCC001,programs/PC/grnciv01.cbl
GRNCUL01,PC,Products and Completed Operations Liability,NC,UPDATE,BUSINESS-LOGIC,GRNCUD01,GRNCC001,programs/PC/grncul01.cbl
GRNCUD01,PC,Products and Completed Operations Liability,NC,UPDATE,DB2-ACCESS,GRNCUV01,GRNCC001,programs/PC/grncud01.cbl
GRNCUV01,PC,Products and Completed Operations Liability,NC,UPDATE,VSAM-ACCESS,,GRNCC001,programs/PC/grncuv01.cbl
GRNCDL01,PC,Products and Completed Operations Liability,NC,DELETE,BUSINESS-LOGIC,GRNCDD01,GRNCC001,programs/PC/grncdl01.cbl
GRNCDD01,PC,Products and Completed Operations Liability,NC,DELETE,DB2-ACCESS,GRNCDV01,GRNCC001,programs/PC/grncdd01.cbl
GRNCDV01,PC,Products and Completed Operations Liability,NC,DELETE,VSAM-ACCESS,,GRNCC001,programs/PC/grncdv01.cbl
GRNCRL01,PC,Products and Completed Operations Liability,NC,RATE,BUSINESS-LOGIC,GRNCRD01,GRNCC001,programs/PC/grncrl01.cbl
GRNCRD01,PC,Products and Completed Operations Liability,NC,RATE,DB2-ACCESS,,GRNCC001,programs/PC/grncrd01.cbl
GRNCRV01,PC,Products and Completed Operations Liability,NC,RATE,VSAM-ACCESS,,GRNCC001,programs/PC/grncrv01.cbl
GRNDAL01,PC,Products and Completed Operations Liability,ND,ADD,BUSINESS-LOGIC,GRNDAD01,GRNDC001,programs/PC/grndal01.cbl
GRNDAD01,PC,Products and Completed Operations Liability,ND,ADD,DB2-ACCESS,GRNDAV01,GRNDC001,programs/PC/grndad01.cbl
GRNDAV01,PC,Products and Completed Operations Liability,ND,ADD,VSAM-ACCESS,,GRNDC001,programs/PC/grndav01.cbl
GRNDIL01,PC,Products and Completed Operations Liability,ND,INQUIRE,BUSINESS-LOGIC,GRNDID01,GRNDC001,programs/PC/grndil01.cbl
GRNDID01,PC,Products and Completed Operations Liability,ND,INQUIRE,DB2-ACCESS,,GRNDC001,programs/PC/grndid01.cbl
GRNDIV01,PC,Products and Completed Operations Liability,ND,INQUIRE,VSAM-ACCESS,,GRNDC001,programs/PC/grndiv01.cbl
GRNDUL01,PC,Products and Completed Operations Liability,ND,UPDATE,BUSINESS-LOGIC,GRNDUD01,GRNDC001,programs/PC/grndul01.cbl
GRNDUD01,PC,Products and Completed Operations Liability,ND,UPDATE,DB2-ACCESS,GRNDUV01,GRNDC001,programs/PC/grndud01.cbl
GRNDUV01,PC,Products and Completed Operations Liability,ND,UPDATE,VSAM-ACCESS,,GRNDC001,programs/PC/grnduv01.cbl
GRNDDL01,PC,Products and Completed Operations Liability,ND,DELETE,BUSINESS-LOGIC,GRNDDD01,GRNDC001,programs/PC/grnddl01.cbl
GRNDDD01,PC,Products and Completed Operations Liability,ND,DELETE,DB2-ACCESS,GRNDDV01,GRNDC001,programs/PC/grnddd01.cbl
GRNDDV01,PC,Products and Completed Operations Liability,ND,DELETE,VSAM-ACCESS,,GRNDC001,programs/PC/grnddv01.cbl
GRNDRL01,PC,Products and Completed Operations Liability,ND,RATE,BUSINESS-LOGIC,GRNDRD01,GRNDC001,programs/PC/grndrl01.cbl
GRNDRD01,PC,Products and Completed Operations Liability,ND,RATE,DB2-ACCESS,,GRNDC001,programs/PC/grndrd01.cbl
GRNDRV01,PC,Products and Completed Operations Liability,ND,RATE,VSAM-ACCESS,,GRNDC001,programs/PC/grndrv01.cbl
GROHAL01,PC,Products and Completed Operations Liability,OH,ADD,BUSINESS-LOGIC,GROHAD01,GROHC001,programs/PC/grohal01.cbl
GROHAD01,PC,Products and Completed Operations Liability,OH,ADD,DB2-ACCESS,GROHAV01,GROHC001,programs/PC/grohad01.cbl
GROHAV01,PC,Products and Completed Operations Liability,OH,ADD,VSAM-ACCESS,,GROHC001,programs/PC/grohav01.cbl
GROHIL01,PC,Products and Completed Operations Liability,OH,INQUIRE,BUSINESS-LOGIC,GROHID01,GROHC001,programs/PC/grohil01.cbl
GROHID01,PC,Products and Completed Operations Liability,OH,INQUIRE,DB2-ACCESS,,GROHC001,programs/PC/grohid01.cbl
GROHIV01,PC,Products and Completed Operations Liability,OH,INQUIRE,VSAM-ACCESS,,GROHC001,programs/PC/grohiv01.cbl
GROHUL01,PC,Products and Completed Operations Liability,OH,UPDATE,BUSINESS-LOGIC,GROHUD01,GROHC001,programs/PC/grohul01.cbl
GROHUD01,PC,Products and Completed Operations Liability,OH,UPDATE,DB2-ACCESS,GROHUV01,GROHC001,programs/PC/grohud01.cbl
GROHUV01,PC,Products and Completed Operations Liability,OH,UPDATE,VSAM-ACCESS,,GROHC001,programs/PC/grohuv01.cbl
GROHDL01,PC,Products and Completed Operations Liability,OH,DELETE,BUSINESS-LOGIC,GROHDD01,GROHC001,programs/PC/grohdl01.cbl
GROHDD01,PC,Products and Completed Operations Liability,OH,DELETE,DB2-ACCESS,GROHDV01,GROHC001,programs/PC/grohdd01.cbl
GROHDV01,PC,Products and Completed Operations Liability,OH,DELETE,VSAM-ACCESS,,GROHC001,programs/PC/grohdv01.cbl
GROHRL01,PC,Products and Completed Operations Liability,OH,RATE,BUSINESS-LOGIC,GROHRD01,GROHC001,programs/PC/grohrl01.cbl
GROHRD01,PC,Products and Completed Operations Liability,OH,RATE,DB2-ACCESS,,GROHC001,programs/PC/grohrd01.cbl
GROHRV01,PC,Products and Completed Operations Liability,OH,RATE,VSAM-ACCESS,,GROHC001,programs/PC/grohrv01.cbl
GROKAL01,PC,Products and Completed Operations Liability,OK,ADD,BUSINESS-LOGIC,GROKAD01,GROKC001,programs/PC/grokal01.cbl
GROKAD01,PC,Products and Completed Operations Liability,OK,ADD,DB2-ACCESS,GROKAV01,GROKC001,programs/PC/grokad01.cbl
GROKAV01,PC,Products and Completed Operations Liability,OK,ADD,VSAM-ACCESS,,GROKC001,programs/PC/grokav01.cbl
GROKIL01,PC,Products and Completed Operations Liability,OK,INQUIRE,BUSINESS-LOGIC,GROKID01,GROKC001,programs/PC/grokil01.cbl
GROKID01,PC,Products and Completed Operations Liability,OK,INQUIRE,DB2-ACCESS,,GROKC001,programs/PC/grokid01.cbl
GROKIV01,PC,Products and Completed Operations Liability,OK,INQUIRE,VSAM-ACCESS,,GROKC001,programs/PC/grokiv01.cbl
GROKUL01,PC,Products and Completed Operations Liability,OK,UPDATE,BUSINESS-LOGIC,GROKUD01,GROKC001,programs/PC/grokul01.cbl
GROKUD01,PC,Products and Completed Operations Liability,OK,UPDATE,DB2-ACCESS,GROKUV01,GROKC001,programs/PC/grokud01.cbl
GROKUV01,PC,Products and Completed Operations Liability,OK,UPDATE,VSAM-ACCESS,,GROKC001,programs/PC/grokuv01.cbl
GROKDL01,PC,Products and Completed Operations Liability,OK,DELETE,BUSINESS-LOGIC,GROKDD01,GROKC001,programs/PC/grokdl01.cbl
GROKDD01,PC,Products and Completed Operations Liability,OK,DELETE,DB2-ACCESS,GROKDV01,GROKC001,programs/PC/grokdd01.cbl
GROKDV01,PC,Products and Completed Operations Liability,OK,DELETE,VSAM-ACCESS,,GROKC001,programs/PC/grokdv01.cbl
GROKRL01,PC,Products and Completed Operations Liability,OK,RATE,BUSINESS-LOGIC,GROKRD01,GROKC001,programs/PC/grokrl01.cbl
GROKRD01,PC,Products and Completed Operations Liability,OK,RATE,DB2-ACCESS,,GROKC001,programs/PC/grokrd01.cbl
GROKRV01,PC,Products and Completed Operations Liability,OK,RATE,VSAM-ACCESS,,GROKC001,programs/PC/grokrv01.cbl
GRORAL01,PC,Products and Completed Operations Liability,OR,ADD,BUSINESS-LOGIC,GRORAD01,GRORC001,programs/PC/groral01.cbl
GRORAD01,PC,Products and Completed Operations Liability,OR,ADD,DB2-ACCESS,GRORAV01,GRORC001,programs/PC/grorad01.cbl
GRORAV01,PC,Products and Completed Operations Liability,OR,ADD,VSAM-ACCESS,,GRORC001,programs/PC/grorav01.cbl
GRORIL01,PC,Products and Completed Operations Liability,OR,INQUIRE,BUSINESS-LOGIC,GRORID01,GRORC001,programs/PC/groril01.cbl
GRORID01,PC,Products and Completed Operations Liability,OR,INQUIRE,DB2-ACCESS,,GRORC001,programs/PC/grorid01.cbl
GRORIV01,PC,Products and Completed Operations Liability,OR,INQUIRE,VSAM-ACCESS,,GRORC001,programs/PC/groriv01.cbl
GRORUL01,PC,Products and Completed Operations Liability,OR,UPDATE,BUSINESS-LOGIC,GRORUD01,GRORC001,programs/PC/grorul01.cbl
GRORUD01,PC,Products and Completed Operations Liability,OR,UPDATE,DB2-ACCESS,GRORUV01,GRORC001,programs/PC/grorud01.cbl
GRORUV01,PC,Products and Completed Operations Liability,OR,UPDATE,VSAM-ACCESS,,GRORC001,programs/PC/groruv01.cbl
GRORDL01,PC,Products and Completed Operations Liability,OR,DELETE,BUSINESS-LOGIC,GRORDD01,GRORC001,programs/PC/grordl01.cbl
GRORDD01,PC,Products and Completed Operations Liability,OR,DELETE,DB2-ACCESS,GRORDV01,GRORC001,programs/PC/grordd01.cbl
GRORDV01,PC,Products and Completed Operations Liability,OR,DELETE,VSAM-ACCESS,,GRORC001,programs/PC/grordv01.cbl
GRORRL01,PC,Products and Completed Operations Liability,OR,RATE,BUSINESS-LOGIC,GRORRD01,GRORC001,programs/PC/grorrl01.cbl
GRORRD01,PC,Products and Completed Operations Liability,OR,RATE,DB2-ACCESS,,GRORC001,programs/PC/grorrd01.cbl
GRORRV01,PC,Products and Completed Operations Liability,OR,RATE,VSAM-ACCESS,,GRORC001,programs/PC/grorrv01.cbl
GRPAAL01,PC,Products and Completed Operations Liability,PA,ADD,BUSINESS-LOGIC,GRPAAD01,GRPAC001,programs/PC/grpaal01.cbl
GRPAAD01,PC,Products and Completed Operations Liability,PA,ADD,DB2-ACCESS,GRPAAV01,GRPAC001,programs/PC/grpaad01.cbl
GRPAAV01,PC,Products and Completed Operations Liability,PA,ADD,VSAM-ACCESS,,GRPAC001,programs/PC/grpaav01.cbl
GRPAIL01,PC,Products and Completed Operations Liability,PA,INQUIRE,BUSINESS-LOGIC,GRPAID01,GRPAC001,programs/PC/grpail01.cbl
GRPAID01,PC,Products and Completed Operations Liability,PA,INQUIRE,DB2-ACCESS,,GRPAC001,programs/PC/grpaid01.cbl
GRPAIV01,PC,Products and Completed Operations Liability,PA,INQUIRE,VSAM-ACCESS,,GRPAC001,programs/PC/grpaiv01.cbl
GRPAUL01,PC,Products and Completed Operations Liability,PA,UPDATE,BUSINESS-LOGIC,GRPAUD01,GRPAC001,programs/PC/grpaul01.cbl
GRPAUD01,PC,Products and Completed Operations Liability,PA,UPDATE,DB2-ACCESS,GRPAUV01,GRPAC001,programs/PC/grpaud01.cbl
GRPAUV01,PC,Products and Completed Operations Liability,PA,UPDATE,VSAM-ACCESS,,GRPAC001,programs/PC/grpauv01.cbl
GRPADL01,PC,Products and Completed Operations Liability,PA,DELETE,BUSINESS-LOGIC,GRPADD01,GRPAC001,programs/PC/grpadl01.cbl
GRPADD01,PC,Products and Completed Operations Liability,PA,DELETE,DB2-ACCESS,GRPADV01,GRPAC001,programs/PC/grpadd01.cbl
GRPADV01,PC,Products and Completed Operations Liability,PA,DELETE,VSAM-ACCESS,,GRPAC001,programs/PC/grpadv01.cbl
GRPARL01,PC,Products and Completed Operations Liability,PA,RATE,BUSINESS-LOGIC,GRPARD01,GRPAC001,programs/PC/grparl01.cbl
GRPARD01,PC,Products and Completed Operations Liability,PA,RATE,DB2-ACCESS,,GRPAC001,programs/PC/grpard01.cbl
GRPARV01,PC,Products and Completed Operations Liability,PA,RATE,VSAM-ACCESS,,GRPAC001,programs/PC/grparv01.cbl
GRRIAL01,PC,Products and Completed Operations Liability,RI,ADD,BUSINESS-LOGIC,GRRIAD01,GRRIC001,programs/PC/grrial01.cbl
GRRIAD01,PC,Products and Completed Operations Liability,RI,ADD,DB2-ACCESS,GRRIAV01,GRRIC001,programs/PC/grriad01.cbl
GRRIAV01,PC,Products and Completed Operations Liability,RI,ADD,VSAM-ACCESS,,GRRIC001,programs/PC/grriav01.cbl
GRRIIL01,PC,Products and Completed Operations Liability,RI,INQUIRE,BUSINESS-LOGIC,GRRIID01,GRRIC001,programs/PC/grriil01.cbl
GRRIID01,PC,Products and Completed Operations Liability,RI,INQUIRE,DB2-ACCESS,,GRRIC001,programs/PC/grriid01.cbl
GRRIIV01,PC,Products and Completed Operations Liability,RI,INQUIRE,VSAM-ACCESS,,GRRIC001,programs/PC/grriiv01.cbl
GRRIUL01,PC,Products and Completed Operations Liability,RI,UPDATE,BUSINESS-LOGIC,GRRIUD01,GRRIC001,programs/PC/grriul01.cbl
GRRIUD01,PC,Products and Completed Operations Liability,RI,UPDATE,DB2-ACCESS,GRRIUV01,GRRIC001,programs/PC/grriud01.cbl
GRRIUV01,PC,Products and Completed Operations Liability,RI,UPDATE,VSAM-ACCESS,,GRRIC001,programs/PC/grriuv01.cbl
GRRIDL01,PC,Products and Completed Operations Liability,RI,DELETE,BUSINESS-LOGIC,GRRIDD01,GRRIC001,programs/PC/grridl01.cbl
GRRIDD01,PC,Products and Completed Operations Liability,RI,DELETE,DB2-ACCESS,GRRIDV01,GRRIC001,programs/PC/grridd01.cbl
GRRIDV01,PC,Products and Completed Operations Liability,RI,DELETE,VSAM-ACCESS,,GRRIC001,programs/PC/grridv01.cbl
GRRIRL01,PC,Products and Completed Operations Liability,RI,RATE,BUSINESS-LOGIC,GRRIRD01,GRRIC001,programs/PC/grrirl01.cbl
GRRIRD01,PC,Products and Completed Operations Liability,RI,RATE,DB2-ACCESS,,GRRIC001,programs/PC/grrird01.cbl
GRRIRV01,PC,Products and Completed Operations Liability,RI,RATE,VSAM-ACCESS,,GRRIC001,programs/PC/grrirv01.cbl
GRSCAL01,PC,Products and Completed Operations Liability,SC,ADD,BUSINESS-LOGIC,GRSCAD01,GRSCC001,programs/PC/grscal01.cbl
GRSCAD01,PC,Products and Completed Operations Liability,SC,ADD,DB2-ACCESS,GRSCAV01,GRSCC001,programs/PC/grscad01.cbl
GRSCAV01,PC,Products and Completed Operations Liability,SC,ADD,VSAM-ACCESS,,GRSCC001,programs/PC/grscav01.cbl
GRSCIL01,PC,Products and Completed Operations Liability,SC,INQUIRE,BUSINESS-LOGIC,GRSCID01,GRSCC001,programs/PC/grscil01.cbl
GRSCID01,PC,Products and Completed Operations Liability,SC,INQUIRE,DB2-ACCESS,,GRSCC001,programs/PC/grscid01.cbl
GRSCIV01,PC,Products and Completed Operations Liability,SC,INQUIRE,VSAM-ACCESS,,GRSCC001,programs/PC/grsciv01.cbl
GRSCUL01,PC,Products and Completed Operations Liability,SC,UPDATE,BUSINESS-LOGIC,GRSCUD01,GRSCC001,programs/PC/grscul01.cbl
GRSCUD01,PC,Products and Completed Operations Liability,SC,UPDATE,DB2-ACCESS,GRSCUV01,GRSCC001,programs/PC/grscud01.cbl
GRSCUV01,PC,Products and Completed Operations Liability,SC,UPDATE,VSAM-ACCESS,,GRSCC001,programs/PC/grscuv01.cbl
GRSCDL01,PC,Products and Completed Operations Liability,SC,DELETE,BUSINESS-LOGIC,GRSCDD01,GRSCC001,programs/PC/grscdl01.cbl
GRSCDD01,PC,Products and Completed Operations Liability,SC,DELETE,DB2-ACCESS,GRSCDV01,GRSCC001,programs/PC/grscdd01.cbl
GRSCDV01,PC,Products and Completed Operations Liability,SC,DELETE,VSAM-ACCESS,,GRSCC001,programs/PC/grscdv01.cbl
GRSCRL01,PC,Products and Completed Operations Liability,SC,RATE,BUSINESS-LOGIC,GRSCRD01,GRSCC001,programs/PC/grscrl01.cbl
GRSCRD01,PC,Products and Completed Operations Liability,SC,RATE,DB2-ACCESS,,GRSCC001,programs/PC/grscrd01.cbl
GRSCRV01,PC,Products and Completed Operations Liability,SC,RATE,VSAM-ACCESS,,GRSCC001,programs/PC/grscrv01.cbl
GRSDAL01,PC,Products and Completed Operations Liability,SD,ADD,BUSINESS-LOGIC,GRSDAD01,GRSDC001,programs/PC/grsdal01.cbl
GRSDAD01,PC,Products and Completed Operations Liability,SD,ADD,DB2-ACCESS,GRSDAV01,GRSDC001,programs/PC/grsdad01.cbl
GRSDAV01,PC,Products and Completed Operations Liability,SD,ADD,VSAM-ACCESS,,GRSDC001,programs/PC/grsdav01.cbl
GRSDIL01,PC,Products and Completed Operations Liability,SD,INQUIRE,BUSINESS-LOGIC,GRSDID01,GRSDC001,programs/PC/grsdil01.cbl
GRSDID01,PC,Products and Completed Operations Liability,SD,INQUIRE,DB2-ACCESS,,GRSDC001,programs/PC/grsdid01.cbl
GRSDIV01,PC,Products and Completed Operations Liability,SD,INQUIRE,VSAM-ACCESS,,GRSDC001,programs/PC/grsdiv01.cbl
GRSDUL01,PC,Products and Completed Operations Liability,SD,UPDATE,BUSINESS-LOGIC,GRSDUD01,GRSDC001,programs/PC/grsdul01.cbl
GRSDUD01,PC,Products and Completed Operations Liability,SD,UPDATE,DB2-ACCESS,GRSDUV01,GRSDC001,programs/PC/grsdud01.cbl
GRSDUV01,PC,Products and Completed Operations Liability,SD,UPDATE,VSAM-ACCESS,,GRSDC001,programs/PC/grsduv01.cbl
GRSDDL01,PC,Products and Completed Operations Liability,SD,DELETE,BUSINESS-LOGIC,GRSDDD01,GRSDC001,programs/PC/grsddl01.cbl
GRSDDD01,PC,Products and Completed Operations Liability,SD,DELETE,DB2-ACCESS,GRSDDV01,GRSDC001,programs/PC/grsddd01.cbl
GRSDDV01,PC,Products and Completed Operations Liability,SD,DELETE,VSAM-ACCESS,,GRSDC001,programs/PC/grsddv01.cbl
GRSDRL01,PC,Products and Completed Operations Liability,SD,RATE,BUSINESS-LOGIC,GRSDRD01,GRSDC001,programs/PC/grsdrl01.cbl
GRSDRD01,PC,Products and Completed Operations Liability,SD,RATE,DB2-ACCESS,,GRSDC001,programs/PC/grsdrd01.cbl
GRSDRV01,PC,Products and Completed Operations Liability,SD,RATE,VSAM-ACCESS,,GRSDC001,programs/PC/grsdrv01.cbl
GRTNAL01,PC,Products and Completed Operations Liability,TN,ADD,BUSINESS-LOGIC,GRTNAD01,GRTNC001,programs/PC/grtnal01.cbl
GRTNAD01,PC,Products and Completed Operations Liability,TN,ADD,DB2-ACCESS,GRTNAV01,GRTNC001,programs/PC/grtnad01.cbl
GRTNAV01,PC,Products and Completed Operations Liability,TN,ADD,VSAM-ACCESS,,GRTNC001,programs/PC/grtnav01.cbl
GRTNIL01,PC,Products and Completed Operations Liability,TN,INQUIRE,BUSINESS-LOGIC,GRTNID01,GRTNC001,programs/PC/grtnil01.cbl
GRTNID01,PC,Products and Completed Operations Liability,TN,INQUIRE,DB2-ACCESS,,GRTNC001,programs/PC/grtnid01.cbl
GRTNIV01,PC,Products and Completed Operations Liability,TN,INQUIRE,VSAM-ACCESS,,GRTNC001,programs/PC/grtniv01.cbl
GRTNUL01,PC,Products and Completed Operations Liability,TN,UPDATE,BUSINESS-LOGIC,GRTNUD01,GRTNC001,programs/PC/grtnul01.cbl
GRTNUD01,PC,Products and Completed Operations Liability,TN,UPDATE,DB2-ACCESS,GRTNUV01,GRTNC001,programs/PC/grtnud01.cbl
GRTNUV01,PC,Products and Completed Operations Liability,TN,UPDATE,VSAM-ACCESS,,GRTNC001,programs/PC/grtnuv01.cbl
GRTNDL01,PC,Products and Completed Operations Liability,TN,DELETE,BUSINESS-LOGIC,GRTNDD01,GRTNC001,programs/PC/grtndl01.cbl
GRTNDD01,PC,Products and Completed Operations Liability,TN,DELETE,DB2-ACCESS,GRTNDV01,GRTNC001,programs/PC/grtndd01.cbl
GRTNDV01,PC,Products and Completed Operations Liability,TN,DELETE,VSAM-ACCESS,,GRTNC001,programs/PC/grtndv01.cbl
GRTNRL01,PC,Products and Completed Operations Liability,TN,RATE,BUSINESS-LOGIC,GRTNRD01,GRTNC001,programs/PC/grtnrl01.cbl
GRTNRD01,PC,Products and Completed Operations Liability,TN,RATE,DB2-ACCESS,,GRTNC001,programs/PC/grtnrd01.cbl
GRTNRV01,PC,Products and Completed Operations Liability,TN,RATE,VSAM-ACCESS,,GRTNC001,programs/PC/grtnrv01.cbl
GRTXAL01,PC,Products and Completed Operations Liability,TX,ADD,BUSINESS-LOGIC,GRTXAD01,GRTXC001,programs/PC/grtxal01.cbl
GRTXAD01,PC,Products and Completed Operations Liability,TX,ADD,DB2-ACCESS,GRTXAV01,GRTXC001,programs/PC/grtxad01.cbl
GRTXAV01,PC,Products and Completed Operations Liability,TX,ADD,VSAM-ACCESS,,GRTXC001,programs/PC/grtxav01.cbl
GRTXIL01,PC,Products and Completed Operations Liability,TX,INQUIRE,BUSINESS-LOGIC,GRTXID01,GRTXC001,programs/PC/grtxil01.cbl
GRTXID01,PC,Products and Completed Operations Liability,TX,INQUIRE,DB2-ACCESS,,GRTXC001,programs/PC/grtxid01.cbl
GRTXIV01,PC,Products and Completed Operations Liability,TX,INQUIRE,VSAM-ACCESS,,GRTXC001,programs/PC/grtxiv01.cbl
GRTXUL01,PC,Products and Completed Operations Liability,TX,UPDATE,BUSINESS-LOGIC,GRTXUD01,GRTXC001,programs/PC/grtxul01.cbl
GRTXUD01,PC,Products and Completed Operations Liability,TX,UPDATE,DB2-ACCESS,GRTXUV01,GRTXC001,programs/PC/grtxud01.cbl
GRTXUV01,PC,Products and Completed Operations Liability,TX,UPDATE,VSAM-ACCESS,,GRTXC001,programs/PC/grtxuv01.cbl
GRTXDL01,PC,Products and Completed Operations Liability,TX,DELETE,BUSINESS-LOGIC,GRTXDD01,GRTXC001,programs/PC/grtxdl01.cbl
GRTXDD01,PC,Products and Completed Operations Liability,TX,DELETE,DB2-ACCESS,GRTXDV01,GRTXC001,programs/PC/grtxdd01.cbl
GRTXDV01,PC,Products and Completed Operations Liability,TX,DELETE,VSAM-ACCESS,,GRTXC001,programs/PC/grtxdv01.cbl
GRTXRL01,PC,Products and Completed Operations Liability,TX,RATE,BUSINESS-LOGIC,GRTXRD01,GRTXC001,programs/PC/grtxrl01.cbl
GRTXRD01,PC,Products and Completed Operations Liability,TX,RATE,DB2-ACCESS,,GRTXC001,programs/PC/grtxrd01.cbl
GRTXRV01,PC,Products and Completed Operations Liability,TX,RATE,VSAM-ACCESS,,GRTXC001,programs/PC/grtxrv01.cbl
GRUTAL01,PC,Products and Completed Operations Liability,UT,ADD,BUSINESS-LOGIC,GRUTAD01,GRUTC001,programs/PC/grutal01.cbl
GRUTAD01,PC,Products and Completed Operations Liability,UT,ADD,DB2-ACCESS,GRUTAV01,GRUTC001,programs/PC/grutad01.cbl
GRUTAV01,PC,Products and Completed Operations Liability,UT,ADD,VSAM-ACCESS,,GRUTC001,programs/PC/grutav01.cbl
GRUTIL01,PC,Products and Completed Operations Liability,UT,INQUIRE,BUSINESS-LOGIC,GRUTID01,GRUTC001,programs/PC/grutil01.cbl
GRUTID01,PC,Products and Completed Operations Liability,UT,INQUIRE,DB2-ACCESS,,GRUTC001,programs/PC/grutid01.cbl
GRUTIV01,PC,Products and Completed Operations Liability,UT,INQUIRE,VSAM-ACCESS,,GRUTC001,programs/PC/grutiv01.cbl
GRUTUL01,PC,Products and Completed Operations Liability,UT,UPDATE,BUSINESS-LOGIC,GRUTUD01,GRUTC001,programs/PC/grutul01.cbl
GRUTUD01,PC,Products and Completed Operations Liability,UT,UPDATE,DB2-ACCESS,GRUTUV01,GRUTC001,programs/PC/grutud01.cbl
GRUTUV01,PC,Products and Completed Operations Liability,UT,UPDATE,VSAM-ACCESS,,GRUTC001,programs/PC/grutuv01.cbl
GRUTDL01,PC,Products and Completed Operations Liability,UT,DELETE,BUSINESS-LOGIC,GRUTDD01,GRUTC001,programs/PC/grutdl01.cbl
GRUTDD01,PC,Products and Completed Operations Liability,UT,DELETE,DB2-ACCESS,GRUTDV01,GRUTC001,programs/PC/grutdd01.cbl
GRUTDV01,PC,Products and Completed Operations Liability,UT,DELETE,VSAM-ACCESS,,GRUTC001,programs/PC/grutdv01.cbl
GRUTRL01,PC,Products and Completed Operations Liability,UT,RATE,BUSINESS-LOGIC,GRUTRD01,GRUTC001,programs/PC/grutrl01.cbl
GRUTRD01,PC,Products and Completed Operations Liability,UT,RATE,DB2-ACCESS,,GRUTC001,programs/PC/grutrd01.cbl
GRUTRV01,PC,Products and Completed Operations Liability,UT,RATE,VSAM-ACCESS,,GRUTC001,programs/PC/grutrv01.cbl
GRVTAL01,PC,Products and Completed Operations Liability,VT,ADD,BUSINESS-LOGIC,GRVTAD01,GRVTC001,programs/PC/grvtal01.cbl
GRVTAD01,PC,Products and Completed Operations Liability,VT,ADD,DB2-ACCESS,GRVTAV01,GRVTC001,programs/PC/grvtad01.cbl
GRVTAV01,PC,Products and Completed Operations Liability,VT,ADD,VSAM-ACCESS,,GRVTC001,programs/PC/grvtav01.cbl
GRVTIL01,PC,Products and Completed Operations Liability,VT,INQUIRE,BUSINESS-LOGIC,GRVTID01,GRVTC001,programs/PC/grvtil01.cbl
GRVTID01,PC,Products and Completed Operations Liability,VT,INQUIRE,DB2-ACCESS,,GRVTC001,programs/PC/grvtid01.cbl
GRVTIV01,PC,Products and Completed Operations Liability,VT,INQUIRE,VSAM-ACCESS,,GRVTC001,programs/PC/grvtiv01.cbl
GRVTUL01,PC,Products and Completed Operations Liability,VT,UPDATE,BUSINESS-LOGIC,GRVTUD01,GRVTC001,programs/PC/grvtul01.cbl
GRVTUD01,PC,Products and Completed Operations Liability,VT,UPDATE,DB2-ACCESS,GRVTUV01,GRVTC001,programs/PC/grvtud01.cbl
GRVTUV01,PC,Products and Completed Operations Liability,VT,UPDATE,VSAM-ACCESS,,GRVTC001,programs/PC/grvtuv01.cbl
GRVTDL01,PC,Products and Completed Operations Liability,VT,DELETE,BUSINESS-LOGIC,GRVTDD01,GRVTC001,programs/PC/grvtdl01.cbl
GRVTDD01,PC,Products and Completed Operations Liability,VT,DELETE,DB2-ACCESS,GRVTDV01,GRVTC001,programs/PC/grvtdd01.cbl
GRVTDV01,PC,Products and Completed Operations Liability,VT,DELETE,VSAM-ACCESS,,GRVTC001,programs/PC/grvtdv01.cbl
GRVTRL01,PC,Products and Completed Operations Liability,VT,RATE,BUSINESS-LOGIC,GRVTRD01,GRVTC001,programs/PC/grvtrl01.cbl
GRVTRD01,PC,Products and Completed Operations Liability,VT,RATE,DB2-ACCESS,,GRVTC001,programs/PC/grvtrd01.cbl
GRVTRV01,PC,Products and Completed Operations Liability,VT,RATE,VSAM-ACCESS,,GRVTC001,programs/PC/grvtrv01.cbl
GRVAAL01,PC,Products and Completed Operations Liability,VA,ADD,BUSINESS-LOGIC,GRVAAD01,GRVAC001,programs/PC/grvaal01.cbl
GRVAAD01,PC,Products and Completed Operations Liability,VA,ADD,DB2-ACCESS,GRVAAV01,GRVAC001,programs/PC/grvaad01.cbl
GRVAAV01,PC,Products and Completed Operations Liability,VA,ADD,VSAM-ACCESS,,GRVAC001,programs/PC/grvaav01.cbl
GRVAIL01,PC,Products and Completed Operations Liability,VA,INQUIRE,BUSINESS-LOGIC,GRVAID01,GRVAC001,programs/PC/grvail01.cbl
GRVAID01,PC,Products and Completed Operations Liability,VA,INQUIRE,DB2-ACCESS,,GRVAC001,programs/PC/grvaid01.cbl
GRVAIV01,PC,Products and Completed Operations Liability,VA,INQUIRE,VSAM-ACCESS,,GRVAC001,programs/PC/grvaiv01.cbl
GRVAUL01,PC,Products and Completed Operations Liability,VA,UPDATE,BUSINESS-LOGIC,GRVAUD01,GRVAC001,programs/PC/grvaul01.cbl
GRVAUD01,PC,Products and Completed Operations Liability,VA,UPDATE,DB2-ACCESS,GRVAUV01,GRVAC001,programs/PC/grvaud01.cbl
GRVAUV01,PC,Products and Completed Operations Liability,VA,UPDATE,VSAM-ACCESS,,GRVAC001,programs/PC/grvauv01.cbl
GRVADL01,PC,Products and Completed Operations Liability,VA,DELETE,BUSINESS-LOGIC,GRVADD01,GRVAC001,programs/PC/grvadl01.cbl
GRVADD01,PC,Products and Completed Operations Liability,VA,DELETE,DB2-ACCESS,GRVADV01,GRVAC001,programs/PC/grvadd01.cbl
GRVADV01,PC,Products and Completed Operations Liability,VA,DELETE,VSAM-ACCESS,,GRVAC001,programs/PC/grvadv01.cbl
GRVARL01,PC,Products and Completed Operations Liability,VA,RATE,BUSINESS-LOGIC,GRVARD01,GRVAC001,programs/PC/grvarl01.cbl
GRVARD01,PC,Products and Completed Operations Liability,VA,RATE,DB2-ACCESS,,GRVAC001,programs/PC/grvard01.cbl
GRVARV01,PC,Products and Completed Operations Liability,VA,RATE,VSAM-ACCESS,,GRVAC001,programs/PC/grvarv01.cbl
GRWAAL01,PC,Products and Completed Operations Liability,WA,ADD,BUSINESS-LOGIC,GRWAAD01,GRWAC001,programs/PC/grwaal01.cbl
GRWAAD01,PC,Products and Completed Operations Liability,WA,ADD,DB2-ACCESS,GRWAAV01,GRWAC001,programs/PC/grwaad01.cbl
GRWAAV01,PC,Products and Completed Operations Liability,WA,ADD,VSAM-ACCESS,,GRWAC001,programs/PC/grwaav01.cbl
GRWAIL01,PC,Products and Completed Operations Liability,WA,INQUIRE,BUSINESS-LOGIC,GRWAID01,GRWAC001,programs/PC/grwail01.cbl
GRWAID01,PC,Products and Completed Operations Liability,WA,INQUIRE,DB2-ACCESS,,GRWAC001,programs/PC/grwaid01.cbl
GRWAIV01,PC,Products and Completed Operations Liability,WA,INQUIRE,VSAM-ACCESS,,GRWAC001,programs/PC/grwaiv01.cbl
GRWAUL01,PC,Products and Completed Operations Liability,WA,UPDATE,BUSINESS-LOGIC,GRWAUD01,GRWAC001,programs/PC/grwaul01.cbl
GRWAUD01,PC,Products and Completed Operations Liability,WA,UPDATE,DB2-ACCESS,GRWAUV01,GRWAC001,programs/PC/grwaud01.cbl
GRWAUV01,PC,Products and Completed Operations Liability,WA,UPDATE,VSAM-ACCESS,,GRWAC001,programs/PC/grwauv01.cbl
GRWADL01,PC,Products and Completed Operations Liability,WA,DELETE,BUSINESS-LOGIC,GRWADD01,GRWAC001,programs/PC/grwadl01.cbl
GRWADD01,PC,Products and Completed Operations Liability,WA,DELETE,DB2-ACCESS,GRWADV01,GRWAC001,programs/PC/grwadd01.cbl
GRWADV01,PC,Products and Completed Operations Liability,WA,DELETE,VSAM-ACCESS,,GRWAC001,programs/PC/grwadv01.cbl
GRWARL01,PC,Products and Completed Operations Liability,WA,RATE,BUSINESS-LOGIC,GRWARD01,GRWAC001,programs/PC/grwarl01.cbl
GRWARD01,PC,Products and Completed Operations Liability,WA,RATE,DB2-ACCESS,,GRWAC001,programs/PC/grward01.cbl
GRWARV01,PC,Products and Completed Operations Liability,WA,RATE,VSAM-ACCESS,,GRWAC001,programs/PC/grwarv01.cbl
GRWVAL01,PC,Products and Completed Operations Liability,WV,ADD,BUSINESS-LOGIC,GRWVAD01,GRWVC001,programs/PC/grwval01.cbl
GRWVAD01,PC,Products and Completed Operations Liability,WV,ADD,DB2-ACCESS,GRWVAV01,GRWVC001,programs/PC/grwvad01.cbl
GRWVAV01,PC,Products and Completed Operations Liability,WV,ADD,VSAM-ACCESS,,GRWVC001,programs/PC/grwvav01.cbl
GRWVIL01,PC,Products and Completed Operations Liability,WV,INQUIRE,BUSINESS-LOGIC,GRWVID01,GRWVC001,programs/PC/grwvil01.cbl
GRWVID01,PC,Products and Completed Operations Liability,WV,INQUIRE,DB2-ACCESS,,GRWVC001,programs/PC/grwvid01.cbl
GRWVIV01,PC,Products and Completed Operations Liability,WV,INQUIRE,VSAM-ACCESS,,GRWVC001,programs/PC/grwviv01.cbl
GRWVUL01,PC,Products and Completed Operations Liability,WV,UPDATE,BUSINESS-LOGIC,GRWVUD01,GRWVC001,programs/PC/grwvul01.cbl
GRWVUD01,PC,Products and Completed Operations Liability,WV,UPDATE,DB2-ACCESS,GRWVUV01,GRWVC001,programs/PC/grwvud01.cbl
GRWVUV01,PC,Products and Completed Operations Liability,WV,UPDATE,VSAM-ACCESS,,GRWVC001,programs/PC/grwvuv01.cbl
GRWVDL01,PC,Products and Completed Operations Liability,WV,DELETE,BUSINESS-LOGIC,GRWVDD01,GRWVC001,programs/PC/grwvdl01.cbl
GRWVDD01,PC,Products and Completed Operations Liability,WV,DELETE,DB2-ACCESS,GRWVDV01,GRWVC001,programs/PC/grwvdd01.cbl
GRWVDV01,PC,Products and Completed Operations Liability,WV,DELETE,VSAM-ACCESS,,GRWVC001,programs/PC/grwvdv01.cbl
GRWVRL01,PC,Products and Completed Operations Liability,WV,RATE,BUSINESS-LOGIC,GRWVRD01,GRWVC001,programs/PC/grwvrl01.cbl
GRWVRD01,PC,Products and Completed Operations Liability,WV,RATE,DB2-ACCESS,,GRWVC001,programs/PC/grwvrd01.cbl
GRWVRV01,PC,Products and Completed Operations Liability,WV,RATE,VSAM-ACCESS,,GRWVC001,programs/PC/grwvrv01.cbl
GRWIAL01,PC,Products and Completed Operations Liability,WI,ADD,BUSINESS-LOGIC,GRWIAD01,GRWIC001,programs/PC/grwial01.cbl
GRWIAD01,PC,Products and Completed Operations Liability,WI,ADD,DB2-ACCESS,GRWIAV01,GRWIC001,programs/PC/grwiad01.cbl
GRWIAV01,PC,Products and Completed Operations Liability,WI,ADD,VSAM-ACCESS,,GRWIC001,programs/PC/grwiav01.cbl
GRWIIL01,PC,Products and Completed Operations Liability,WI,INQUIRE,BUSINESS-LOGIC,GRWIID01,GRWIC001,programs/PC/grwiil01.cbl
GRWIID01,PC,Products and Completed Operations Liability,WI,INQUIRE,DB2-ACCESS,,GRWIC001,programs/PC/grwiid01.cbl
GRWIIV01,PC,Products and Completed Operations Liability,WI,INQUIRE,VSAM-ACCESS,,GRWIC001,programs/PC/grwiiv01.cbl
GRWIUL01,PC,Products and Completed Operations Liability,WI,UPDATE,BUSINESS-LOGIC,GRWIUD01,GRWIC001,programs/PC/grwiul01.cbl
GRWIUD01,PC,Products and Completed Operations Liability,WI,UPDATE,DB2-ACCESS,GRWIUV01,GRWIC001,programs/PC/grwiud01.cbl
GRWIUV01,PC,Products and Completed Operations Liability,WI,UPDATE,VSAM-ACCESS,,GRWIC001,programs/PC/grwiuv01.cbl
GRWIDL01,PC,Products and Completed Operations Liability,WI,DELETE,BUSINESS-LOGIC,GRWIDD01,GRWIC001,programs/PC/grwidl01.cbl
GRWIDD01,PC,Products and Completed Operations Liability,WI,DELETE,DB2-ACCESS,GRWIDV01,GRWIC001,programs/PC/grwidd01.cbl
GRWIDV01,PC,Products and Completed Operations Liability,WI,DELETE,VSAM-ACCESS,,GRWIC001,programs/PC/grwidv01.cbl
GRWIRL01,PC,Products and Completed Operations Liability,WI,RATE,BUSINESS-LOGIC,GRWIRD01,GRWIC001,programs/PC/grwirl01.cbl
GRWIRD01,PC,Products and Completed Operations Liability,WI,RATE,DB2-ACCESS,,GRWIC001,programs/PC/grwird01.cbl
GRWIRV01,PC,Products and Completed Operations Liability,WI,RATE,VSAM-ACCESS,,GRWIC001,programs/PC/grwirv01.cbl
GRWYAL01,PC,Products and Completed Operations Liability,WY,ADD,BUSINESS-LOGIC,GRWYAD01,GRWYC001,programs/PC/grwyal01.cbl
GRWYAD01,PC,Products and Completed Operations Liability,WY,ADD,DB2-ACCESS,GRWYAV01,GRWYC001,programs/PC/grwyad01.cbl
GRWYAV01,PC,Products and Completed Operations Liability,WY,ADD,VSAM-ACCESS,,GRWYC001,programs/PC/grwyav01.cbl
GRWYIL01,PC,Products and Completed Operations Liability,WY,INQUIRE,BUSINESS-LOGIC,GRWYID01,GRWYC001,programs/PC/grwyil01.cbl
GRWYID01,PC,Products and Completed Operations Liability,WY,INQUIRE,DB2-ACCESS,,GRWYC001,programs/PC/grwyid01.cbl
GRWYIV01,PC,Products and Completed Operations Liability,WY,INQUIRE,VSAM-ACCESS,,GRWYC001,programs/PC/grwyiv01.cbl
GRWYUL01,PC,Products and Completed Operations Liability,WY,UPDATE,BUSINESS-LOGIC,GRWYUD01,GRWYC001,programs/PC/grwyul01.cbl
GRWYUD01,PC,Products and Completed Operations Liability,WY,UPDATE,DB2-ACCESS,GRWYUV01,GRWYC001,programs/PC/grwyud01.cbl
GRWYUV01,PC,Products and Completed Operations Liability,WY,UPDATE,VSAM-ACCESS,,GRWYC001,programs/PC/grwyuv01.cbl
GRWYDL01,PC,Products and Completed Operations Liability,WY,DELETE,BUSINESS-LOGIC,GRWYDD01,GRWYC001,programs/PC/grwydl01.cbl
GRWYDD01,PC,Products and Completed Operations Liability,WY,DELETE,DB2-ACCESS,GRWYDV01,GRWYC001,programs/PC/grwydd01.cbl
GRWYDV01,PC,Products and Completed Operations Liability,WY,DELETE,VSAM-ACCESS,,GRWYC001,programs/PC/grwydv01.cbl
GRWYRL01,PC,Products and Completed Operations Liability,WY,RATE,BUSINESS-LOGIC,GRWYRD01,GRWYC001,programs/PC/grwyrl01.cbl
GRWYRD01,PC,Products and Completed Operations Liability,WY,RATE,DB2-ACCESS,,GRWYC001,programs/PC/grwyrd01.cbl
GRWYRV01,PC,Products and Completed Operations Liability,WY,RATE,VSAM-ACCESS,,GRWYC001,programs/PC/grwyrv01.cbl
GAALAL01,PA,Personal and Advertising Injury Liability,AL,ADD,BUSINESS-LOGIC,GAALAD01,GAALC001,programs/PA/gaalal01.cbl
GAALAD01,PA,Personal and Advertising Injury Liability,AL,ADD,DB2-ACCESS,GAALAV01,GAALC001,programs/PA/gaalad01.cbl
GAALAV01,PA,Personal and Advertising Injury Liability,AL,ADD,VSAM-ACCESS,,GAALC001,programs/PA/gaalav01.cbl
GAALIL01,PA,Personal and Advertising Injury Liability,AL,INQUIRE,BUSINESS-LOGIC,GAALID01,GAALC001,programs/PA/gaalil01.cbl
GAALID01,PA,Personal and Advertising Injury Liability,AL,INQUIRE,DB2-ACCESS,,GAALC001,programs/PA/gaalid01.cbl
GAALIV01,PA,Personal and Advertising Injury Liability,AL,INQUIRE,VSAM-ACCESS,,GAALC001,programs/PA/gaaliv01.cbl
GAALUL01,PA,Personal and Advertising Injury Liability,AL,UPDATE,BUSINESS-LOGIC,GAALUD01,GAALC001,programs/PA/gaalul01.cbl
GAALUD01,PA,Personal and Advertising Injury Liability,AL,UPDATE,DB2-ACCESS,GAALUV01,GAALC001,programs/PA/gaalud01.cbl
GAALUV01,PA,Personal and Advertising Injury Liability,AL,UPDATE,VSAM-ACCESS,,GAALC001,programs/PA/gaaluv01.cbl
GAALDL01,PA,Personal and Advertising Injury Liability,AL,DELETE,BUSINESS-LOGIC,GAALDD01,GAALC001,programs/PA/gaaldl01.cbl
GAALDD01,PA,Personal and Advertising Injury Liability,AL,DELETE,DB2-ACCESS,GAALDV01,GAALC001,programs/PA/gaaldd01.cbl
GAALDV01,PA,Personal and Advertising Injury Liability,AL,DELETE,VSAM-ACCESS,,GAALC001,programs/PA/gaaldv01.cbl
GAALRL01,PA,Personal and Advertising Injury Liability,AL,RATE,BUSINESS-LOGIC,GAALRD01,GAALC001,programs/PA/gaalrl01.cbl
GAALRD01,PA,Personal and Advertising Injury Liability,AL,RATE,DB2-ACCESS,,GAALC001,programs/PA/gaalrd01.cbl
GAALRV01,PA,Personal and Advertising Injury Liability,AL,RATE,VSAM-ACCESS,,GAALC001,programs/PA/gaalrv01.cbl
GAAKAL01,PA,Personal and Advertising Injury Liability,AK,ADD,BUSINESS-LOGIC,GAAKAD01,GAAKC001,programs/PA/gaakal01.cbl
GAAKAD01,PA,Personal and Advertising Injury Liability,AK,ADD,DB2-ACCESS,GAAKAV01,GAAKC001,programs/PA/gaakad01.cbl
GAAKAV01,PA,Personal and Advertising Injury Liability,AK,ADD,VSAM-ACCESS,,GAAKC001,programs/PA/gaakav01.cbl
GAAKIL01,PA,Personal and Advertising Injury Liability,AK,INQUIRE,BUSINESS-LOGIC,GAAKID01,GAAKC001,programs/PA/gaakil01.cbl
GAAKID01,PA,Personal and Advertising Injury Liability,AK,INQUIRE,DB2-ACCESS,,GAAKC001,programs/PA/gaakid01.cbl
GAAKIV01,PA,Personal and Advertising Injury Liability,AK,INQUIRE,VSAM-ACCESS,,GAAKC001,programs/PA/gaakiv01.cbl
GAAKUL01,PA,Personal and Advertising Injury Liability,AK,UPDATE,BUSINESS-LOGIC,GAAKUD01,GAAKC001,programs/PA/gaakul01.cbl
GAAKUD01,PA,Personal and Advertising Injury Liability,AK,UPDATE,DB2-ACCESS,GAAKUV01,GAAKC001,programs/PA/gaakud01.cbl
GAAKUV01,PA,Personal and Advertising Injury Liability,AK,UPDATE,VSAM-ACCESS,,GAAKC001,programs/PA/gaakuv01.cbl
GAAKDL01,PA,Personal and Advertising Injury Liability,AK,DELETE,BUSINESS-LOGIC,GAAKDD01,GAAKC001,programs/PA/gaakdl01.cbl
GAAKDD01,PA,Personal and Advertising Injury Liability,AK,DELETE,DB2-ACCESS,GAAKDV01,GAAKC001,programs/PA/gaakdd01.cbl
GAAKDV01,PA,Personal and Advertising Injury Liability,AK,DELETE,VSAM-ACCESS,,GAAKC001,programs/PA/gaakdv01.cbl
GAAKRL01,PA,Personal and Advertising Injury Liability,AK,RATE,BUSINESS-LOGIC,GAAKRD01,GAAKC001,programs/PA/gaakrl01.cbl
GAAKRD01,PA,Personal and Advertising Injury Liability,AK,RATE,DB2-ACCESS,,GAAKC001,programs/PA/gaakrd01.cbl
GAAKRV01,PA,Personal and Advertising Injury Liability,AK,RATE,VSAM-ACCESS,,GAAKC001,programs/PA/gaakrv01.cbl
GAAZAL01,PA,Personal and Advertising Injury Liability,AZ,ADD,BUSINESS-LOGIC,GAAZAD01,GAAZC001,programs/PA/gaazal01.cbl
GAAZAD01,PA,Personal and Advertising Injury Liability,AZ,ADD,DB2-ACCESS,GAAZAV01,GAAZC001,programs/PA/gaazad01.cbl
GAAZAV01,PA,Personal and Advertising Injury Liability,AZ,ADD,VSAM-ACCESS,,GAAZC001,programs/PA/gaazav01.cbl
GAAZIL01,PA,Personal and Advertising Injury Liability,AZ,INQUIRE,BUSINESS-LOGIC,GAAZID01,GAAZC001,programs/PA/gaazil01.cbl
GAAZID01,PA,Personal and Advertising Injury Liability,AZ,INQUIRE,DB2-ACCESS,,GAAZC001,programs/PA/gaazid01.cbl
GAAZIV01,PA,Personal and Advertising Injury Liability,AZ,INQUIRE,VSAM-ACCESS,,GAAZC001,programs/PA/gaaziv01.cbl
GAAZUL01,PA,Personal and Advertising Injury Liability,AZ,UPDATE,BUSINESS-LOGIC,GAAZUD01,GAAZC001,programs/PA/gaazul01.cbl
GAAZUD01,PA,Personal and Advertising Injury Liability,AZ,UPDATE,DB2-ACCESS,GAAZUV01,GAAZC001,programs/PA/gaazud01.cbl
GAAZUV01,PA,Personal and Advertising Injury Liability,AZ,UPDATE,VSAM-ACCESS,,GAAZC001,programs/PA/gaazuv01.cbl
GAAZDL01,PA,Personal and Advertising Injury Liability,AZ,DELETE,BUSINESS-LOGIC,GAAZDD01,GAAZC001,programs/PA/gaazdl01.cbl
GAAZDD01,PA,Personal and Advertising Injury Liability,AZ,DELETE,DB2-ACCESS,GAAZDV01,GAAZC001,programs/PA/gaazdd01.cbl
GAAZDV01,PA,Personal and Advertising Injury Liability,AZ,DELETE,VSAM-ACCESS,,GAAZC001,programs/PA/gaazdv01.cbl
GAAZRL01,PA,Personal and Advertising Injury Liability,AZ,RATE,BUSINESS-LOGIC,GAAZRD01,GAAZC001,programs/PA/gaazrl01.cbl
GAAZRD01,PA,Personal and Advertising Injury Liability,AZ,RATE,DB2-ACCESS,,GAAZC001,programs/PA/gaazrd01.cbl
GAAZRV01,PA,Personal and Advertising Injury Liability,AZ,RATE,VSAM-ACCESS,,GAAZC001,programs/PA/gaazrv01.cbl
GAARAL01,PA,Personal and Advertising Injury Liability,AR,ADD,BUSINESS-LOGIC,GAARAD01,GAARC001,programs/PA/gaaral01.cbl
GAARAD01,PA,Personal and Advertising Injury Liability,AR,ADD,DB2-ACCESS,GAARAV01,GAARC001,programs/PA/gaarad01.cbl
GAARAV01,PA,Personal and Advertising Injury Liability,AR,ADD,VSAM-ACCESS,,GAARC001,programs/PA/gaarav01.cbl
GAARIL01,PA,Personal and Advertising Injury Liability,AR,INQUIRE,BUSINESS-LOGIC,GAARID01,GAARC001,programs/PA/gaaril01.cbl
GAARID01,PA,Personal and Advertising Injury Liability,AR,INQUIRE,DB2-ACCESS,,GAARC001,programs/PA/gaarid01.cbl
GAARIV01,PA,Personal and Advertising Injury Liability,AR,INQUIRE,VSAM-ACCESS,,GAARC001,programs/PA/gaariv01.cbl
GAARUL01,PA,Personal and Advertising Injury Liability,AR,UPDATE,BUSINESS-LOGIC,GAARUD01,GAARC001,programs/PA/gaarul01.cbl
GAARUD01,PA,Personal and Advertising Injury Liability,AR,UPDATE,DB2-ACCESS,GAARUV01,GAARC001,programs/PA/gaarud01.cbl
GAARUV01,PA,Personal and Advertising Injury Liability,AR,UPDATE,VSAM-ACCESS,,GAARC001,programs/PA/gaaruv01.cbl
GAARDL01,PA,Personal and Advertising Injury Liability,AR,DELETE,BUSINESS-LOGIC,GAARDD01,GAARC001,programs/PA/gaardl01.cbl
GAARDD01,PA,Personal and Advertising Injury Liability,AR,DELETE,DB2-ACCESS,GAARDV01,GAARC001,programs/PA/gaardd01.cbl
GAARDV01,PA,Personal and Advertising Injury Liability,AR,DELETE,VSAM-ACCESS,,GAARC001,programs/PA/gaardv01.cbl
GAARRL01,PA,Personal and Advertising Injury Liability,AR,RATE,BUSINESS-LOGIC,GAARRD01,GAARC001,programs/PA/gaarrl01.cbl
GAARRD01,PA,Personal and Advertising Injury Liability,AR,RATE,DB2-ACCESS,,GAARC001,programs/PA/gaarrd01.cbl
GAARRV01,PA,Personal and Advertising Injury Liability,AR,RATE,VSAM-ACCESS,,GAARC001,programs/PA/gaarrv01.cbl
GACAAL01,PA,Personal and Advertising Injury Liability,CA,ADD,BUSINESS-LOGIC,GACAAD01,GACAC001,programs/PA/gacaal01.cbl
GACAAD01,PA,Personal and Advertising Injury Liability,CA,ADD,DB2-ACCESS,GACAAV01,GACAC001,programs/PA/gacaad01.cbl
GACAAV01,PA,Personal and Advertising Injury Liability,CA,ADD,VSAM-ACCESS,,GACAC001,programs/PA/gacaav01.cbl
GACAIL01,PA,Personal and Advertising Injury Liability,CA,INQUIRE,BUSINESS-LOGIC,GACAID01,GACAC001,programs/PA/gacail01.cbl
GACAID01,PA,Personal and Advertising Injury Liability,CA,INQUIRE,DB2-ACCESS,,GACAC001,programs/PA/gacaid01.cbl
GACAIV01,PA,Personal and Advertising Injury Liability,CA,INQUIRE,VSAM-ACCESS,,GACAC001,programs/PA/gacaiv01.cbl
GACAUL01,PA,Personal and Advertising Injury Liability,CA,UPDATE,BUSINESS-LOGIC,GACAUD01,GACAC001,programs/PA/gacaul01.cbl
GACAUD01,PA,Personal and Advertising Injury Liability,CA,UPDATE,DB2-ACCESS,GACAUV01,GACAC001,programs/PA/gacaud01.cbl
GACAUV01,PA,Personal and Advertising Injury Liability,CA,UPDATE,VSAM-ACCESS,,GACAC001,programs/PA/gacauv01.cbl
GACADL01,PA,Personal and Advertising Injury Liability,CA,DELETE,BUSINESS-LOGIC,GACADD01,GACAC001,programs/PA/gacadl01.cbl
GACADD01,PA,Personal and Advertising Injury Liability,CA,DELETE,DB2-ACCESS,GACADV01,GACAC001,programs/PA/gacadd01.cbl
GACADV01,PA,Personal and Advertising Injury Liability,CA,DELETE,VSAM-ACCESS,,GACAC001,programs/PA/gacadv01.cbl
GACARL01,PA,Personal and Advertising Injury Liability,CA,RATE,BUSINESS-LOGIC,GACARD01,GACAC001,programs/PA/gacarl01.cbl
GACARD01,PA,Personal and Advertising Injury Liability,CA,RATE,DB2-ACCESS,,GACAC001,programs/PA/gacard01.cbl
GACARV01,PA,Personal and Advertising Injury Liability,CA,RATE,VSAM-ACCESS,,GACAC001,programs/PA/gacarv01.cbl
GACOAL01,PA,Personal and Advertising Injury Liability,CO,ADD,BUSINESS-LOGIC,GACOAD01,GACOC001,programs/PA/gacoal01.cbl
GACOAD01,PA,Personal and Advertising Injury Liability,CO,ADD,DB2-ACCESS,GACOAV01,GACOC001,programs/PA/gacoad01.cbl
GACOAV01,PA,Personal and Advertising Injury Liability,CO,ADD,VSAM-ACCESS,,GACOC001,programs/PA/gacoav01.cbl
GACOIL01,PA,Personal and Advertising Injury Liability,CO,INQUIRE,BUSINESS-LOGIC,GACOID01,GACOC001,programs/PA/gacoil01.cbl
GACOID01,PA,Personal and Advertising Injury Liability,CO,INQUIRE,DB2-ACCESS,,GACOC001,programs/PA/gacoid01.cbl
GACOIV01,PA,Personal and Advertising Injury Liability,CO,INQUIRE,VSAM-ACCESS,,GACOC001,programs/PA/gacoiv01.cbl
GACOUL01,PA,Personal and Advertising Injury Liability,CO,UPDATE,BUSINESS-LOGIC,GACOUD01,GACOC001,programs/PA/gacoul01.cbl
GACOUD01,PA,Personal and Advertising Injury Liability,CO,UPDATE,DB2-ACCESS,GACOUV01,GACOC001,programs/PA/gacoud01.cbl
GACOUV01,PA,Personal and Advertising Injury Liability,CO,UPDATE,VSAM-ACCESS,,GACOC001,programs/PA/gacouv01.cbl
GACODL01,PA,Personal and Advertising Injury Liability,CO,DELETE,BUSINESS-LOGIC,GACODD01,GACOC001,programs/PA/gacodl01.cbl
GACODD01,PA,Personal and Advertising Injury Liability,CO,DELETE,DB2-ACCESS,GACODV01,GACOC001,programs/PA/gacodd01.cbl
GACODV01,PA,Personal and Advertising Injury Liability,CO,DELETE,VSAM-ACCESS,,GACOC001,programs/PA/gacodv01.cbl
GACORL01,PA,Personal and Advertising Injury Liability,CO,RATE,BUSINESS-LOGIC,GACORD01,GACOC001,programs/PA/gacorl01.cbl
GACORD01,PA,Personal and Advertising Injury Liability,CO,RATE,DB2-ACCESS,,GACOC001,programs/PA/gacord01.cbl
GACORV01,PA,Personal and Advertising Injury Liability,CO,RATE,VSAM-ACCESS,,GACOC001,programs/PA/gacorv01.cbl
GACTAL01,PA,Personal and Advertising Injury Liability,CT,ADD,BUSINESS-LOGIC,GACTAD01,GACTC001,programs/PA/gactal01.cbl
GACTAD01,PA,Personal and Advertising Injury Liability,CT,ADD,DB2-ACCESS,GACTAV01,GACTC001,programs/PA/gactad01.cbl
GACTAV01,PA,Personal and Advertising Injury Liability,CT,ADD,VSAM-ACCESS,,GACTC001,programs/PA/gactav01.cbl
GACTIL01,PA,Personal and Advertising Injury Liability,CT,INQUIRE,BUSINESS-LOGIC,GACTID01,GACTC001,programs/PA/gactil01.cbl
GACTID01,PA,Personal and Advertising Injury Liability,CT,INQUIRE,DB2-ACCESS,,GACTC001,programs/PA/gactid01.cbl
GACTIV01,PA,Personal and Advertising Injury Liability,CT,INQUIRE,VSAM-ACCESS,,GACTC001,programs/PA/gactiv01.cbl
GACTUL01,PA,Personal and Advertising Injury Liability,CT,UPDATE,BUSINESS-LOGIC,GACTUD01,GACTC001,programs/PA/gactul01.cbl
GACTUD01,PA,Personal and Advertising Injury Liability,CT,UPDATE,DB2-ACCESS,GACTUV01,GACTC001,programs/PA/gactud01.cbl
GACTUV01,PA,Personal and Advertising Injury Liability,CT,UPDATE,VSAM-ACCESS,,GACTC001,programs/PA/gactuv01.cbl
GACTDL01,PA,Personal and Advertising Injury Liability,CT,DELETE,BUSINESS-LOGIC,GACTDD01,GACTC001,programs/PA/gactdl01.cbl
GACTDD01,PA,Personal and Advertising Injury Liability,CT,DELETE,DB2-ACCESS,GACTDV01,GACTC001,programs/PA/gactdd01.cbl
GACTDV01,PA,Personal and Advertising Injury Liability,CT,DELETE,VSAM-ACCESS,,GACTC001,programs/PA/gactdv01.cbl
GACTRL01,PA,Personal and Advertising Injury Liability,CT,RATE,BUSINESS-LOGIC,GACTRD01,GACTC001,programs/PA/gactrl01.cbl
GACTRD01,PA,Personal and Advertising Injury Liability,CT,RATE,DB2-ACCESS,,GACTC001,programs/PA/gactrd01.cbl
GACTRV01,PA,Personal and Advertising Injury Liability,CT,RATE,VSAM-ACCESS,,GACTC001,programs/PA/gactrv01.cbl
GADEAL01,PA,Personal and Advertising Injury Liability,DE,ADD,BUSINESS-LOGIC,GADEAD01,GADEC001,programs/PA/gadeal01.cbl
GADEAD01,PA,Personal and Advertising Injury Liability,DE,ADD,DB2-ACCESS,GADEAV01,GADEC001,programs/PA/gadead01.cbl
GADEAV01,PA,Personal and Advertising Injury Liability,DE,ADD,VSAM-ACCESS,,GADEC001,programs/PA/gadeav01.cbl
GADEIL01,PA,Personal and Advertising Injury Liability,DE,INQUIRE,BUSINESS-LOGIC,GADEID01,GADEC001,programs/PA/gadeil01.cbl
GADEID01,PA,Personal and Advertising Injury Liability,DE,INQUIRE,DB2-ACCESS,,GADEC001,programs/PA/gadeid01.cbl
GADEIV01,PA,Personal and Advertising Injury Liability,DE,INQUIRE,VSAM-ACCESS,,GADEC001,programs/PA/gadeiv01.cbl
GADEUL01,PA,Personal and Advertising Injury Liability,DE,UPDATE,BUSINESS-LOGIC,GADEUD01,GADEC001,programs/PA/gadeul01.cbl
GADEUD01,PA,Personal and Advertising Injury Liability,DE,UPDATE,DB2-ACCESS,GADEUV01,GADEC001,programs/PA/gadeud01.cbl
GADEUV01,PA,Personal and Advertising Injury Liability,DE,UPDATE,VSAM-ACCESS,,GADEC001,programs/PA/gadeuv01.cbl
GADEDL01,PA,Personal and Advertising Injury Liability,DE,DELETE,BUSINESS-LOGIC,GADEDD01,GADEC001,programs/PA/gadedl01.cbl
GADEDD01,PA,Personal and Advertising Injury Liability,DE,DELETE,DB2-ACCESS,GADEDV01,GADEC001,programs/PA/gadedd01.cbl
GADEDV01,PA,Personal and Advertising Injury Liability,DE,DELETE,VSAM-ACCESS,,GADEC001,programs/PA/gadedv01.cbl
GADERL01,PA,Personal and Advertising Injury Liability,DE,RATE,BUSINESS-LOGIC,GADERD01,GADEC001,programs/PA/gaderl01.cbl
GADERD01,PA,Personal and Advertising Injury Liability,DE,RATE,DB2-ACCESS,,GADEC001,programs/PA/gaderd01.cbl
GADERV01,PA,Personal and Advertising Injury Liability,DE,RATE,VSAM-ACCESS,,GADEC001,programs/PA/gaderv01.cbl
GADCAL01,PA,Personal and Advertising Injury Liability,DC,ADD,BUSINESS-LOGIC,GADCAD01,GADCC001,programs/PA/gadcal01.cbl
GADCAD01,PA,Personal and Advertising Injury Liability,DC,ADD,DB2-ACCESS,GADCAV01,GADCC001,programs/PA/gadcad01.cbl
GADCAV01,PA,Personal and Advertising Injury Liability,DC,ADD,VSAM-ACCESS,,GADCC001,programs/PA/gadcav01.cbl
GADCIL01,PA,Personal and Advertising Injury Liability,DC,INQUIRE,BUSINESS-LOGIC,GADCID01,GADCC001,programs/PA/gadcil01.cbl
GADCID01,PA,Personal and Advertising Injury Liability,DC,INQUIRE,DB2-ACCESS,,GADCC001,programs/PA/gadcid01.cbl
GADCIV01,PA,Personal and Advertising Injury Liability,DC,INQUIRE,VSAM-ACCESS,,GADCC001,programs/PA/gadciv01.cbl
GADCUL01,PA,Personal and Advertising Injury Liability,DC,UPDATE,BUSINESS-LOGIC,GADCUD01,GADCC001,programs/PA/gadcul01.cbl
GADCUD01,PA,Personal and Advertising Injury Liability,DC,UPDATE,DB2-ACCESS,GADCUV01,GADCC001,programs/PA/gadcud01.cbl
GADCUV01,PA,Personal and Advertising Injury Liability,DC,UPDATE,VSAM-ACCESS,,GADCC001,programs/PA/gadcuv01.cbl
GADCDL01,PA,Personal and Advertising Injury Liability,DC,DELETE,BUSINESS-LOGIC,GADCDD01,GADCC001,programs/PA/gadcdl01.cbl
GADCDD01,PA,Personal and Advertising Injury Liability,DC,DELETE,DB2-ACCESS,GADCDV01,GADCC001,programs/PA/gadcdd01.cbl
GADCDV01,PA,Personal and Advertising Injury Liability,DC,DELETE,VSAM-ACCESS,,GADCC001,programs/PA/gadcdv01.cbl
GADCRL01,PA,Personal and Advertising Injury Liability,DC,RATE,BUSINESS-LOGIC,GADCRD01,GADCC001,programs/PA/gadcrl01.cbl
GADCRD01,PA,Personal and Advertising Injury Liability,DC,RATE,DB2-ACCESS,,GADCC001,programs/PA/gadcrd01.cbl
GADCRV01,PA,Personal and Advertising Injury Liability,DC,RATE,VSAM-ACCESS,,GADCC001,programs/PA/gadcrv01.cbl
GAFLAL01,PA,Personal and Advertising Injury Liability,FL,ADD,BUSINESS-LOGIC,GAFLAD01,GAFLC001,programs/PA/gaflal01.cbl
GAFLAD01,PA,Personal and Advertising Injury Liability,FL,ADD,DB2-ACCESS,GAFLAV01,GAFLC001,programs/PA/gaflad01.cbl
GAFLAV01,PA,Personal and Advertising Injury Liability,FL,ADD,VSAM-ACCESS,,GAFLC001,programs/PA/gaflav01.cbl
GAFLIL01,PA,Personal and Advertising Injury Liability,FL,INQUIRE,BUSINESS-LOGIC,GAFLID01,GAFLC001,programs/PA/gaflil01.cbl
GAFLID01,PA,Personal and Advertising Injury Liability,FL,INQUIRE,DB2-ACCESS,,GAFLC001,programs/PA/gaflid01.cbl
GAFLIV01,PA,Personal and Advertising Injury Liability,FL,INQUIRE,VSAM-ACCESS,,GAFLC001,programs/PA/gafliv01.cbl
GAFLUL01,PA,Personal and Advertising Injury Liability,FL,UPDATE,BUSINESS-LOGIC,GAFLUD01,GAFLC001,programs/PA/gaflul01.cbl
GAFLUD01,PA,Personal and Advertising Injury Liability,FL,UPDATE,DB2-ACCESS,GAFLUV01,GAFLC001,programs/PA/gaflud01.cbl
GAFLUV01,PA,Personal and Advertising Injury Liability,FL,UPDATE,VSAM-ACCESS,,GAFLC001,programs/PA/gafluv01.cbl
GAFLDL01,PA,Personal and Advertising Injury Liability,FL,DELETE,BUSINESS-LOGIC,GAFLDD01,GAFLC001,programs/PA/gafldl01.cbl
GAFLDD01,PA,Personal and Advertising Injury Liability,FL,DELETE,DB2-ACCESS,GAFLDV01,GAFLC001,programs/PA/gafldd01.cbl
GAFLDV01,PA,Personal and Advertising Injury Liability,FL,DELETE,VSAM-ACCESS,,GAFLC001,programs/PA/gafldv01.cbl
GAFLRL01,PA,Personal and Advertising Injury Liability,FL,RATE,BUSINESS-LOGIC,GAFLRD01,GAFLC001,programs/PA/gaflrl01.cbl
GAFLRD01,PA,Personal and Advertising Injury Liability,FL,RATE,DB2-ACCESS,,GAFLC001,programs/PA/gaflrd01.cbl
GAFLRV01,PA,Personal and Advertising Injury Liability,FL,RATE,VSAM-ACCESS,,GAFLC001,programs/PA/gaflrv01.cbl
GAGAAL01,PA,Personal and Advertising Injury Liability,GA,ADD,BUSINESS-LOGIC,GAGAAD01,GAGAC001,programs/PA/gagaal01.cbl
GAGAAD01,PA,Personal and Advertising Injury Liability,GA,ADD,DB2-ACCESS,GAGAAV01,GAGAC001,programs/PA/gagaad01.cbl
GAGAAV01,PA,Personal and Advertising Injury Liability,GA,ADD,VSAM-ACCESS,,GAGAC001,programs/PA/gagaav01.cbl
GAGAIL01,PA,Personal and Advertising Injury Liability,GA,INQUIRE,BUSINESS-LOGIC,GAGAID01,GAGAC001,programs/PA/gagail01.cbl
GAGAID01,PA,Personal and Advertising Injury Liability,GA,INQUIRE,DB2-ACCESS,,GAGAC001,programs/PA/gagaid01.cbl
GAGAIV01,PA,Personal and Advertising Injury Liability,GA,INQUIRE,VSAM-ACCESS,,GAGAC001,programs/PA/gagaiv01.cbl
GAGAUL01,PA,Personal and Advertising Injury Liability,GA,UPDATE,BUSINESS-LOGIC,GAGAUD01,GAGAC001,programs/PA/gagaul01.cbl
GAGAUD01,PA,Personal and Advertising Injury Liability,GA,UPDATE,DB2-ACCESS,GAGAUV01,GAGAC001,programs/PA/gagaud01.cbl
GAGAUV01,PA,Personal and Advertising Injury Liability,GA,UPDATE,VSAM-ACCESS,,GAGAC001,programs/PA/gagauv01.cbl
GAGADL01,PA,Personal and Advertising Injury Liability,GA,DELETE,BUSINESS-LOGIC,GAGADD01,GAGAC001,programs/PA/gagadl01.cbl
GAGADD01,PA,Personal and Advertising Injury Liability,GA,DELETE,DB2-ACCESS,GAGADV01,GAGAC001,programs/PA/gagadd01.cbl
GAGADV01,PA,Personal and Advertising Injury Liability,GA,DELETE,VSAM-ACCESS,,GAGAC001,programs/PA/gagadv01.cbl
GAGARL01,PA,Personal and Advertising Injury Liability,GA,RATE,BUSINESS-LOGIC,GAGARD01,GAGAC001,programs/PA/gagarl01.cbl
GAGARD01,PA,Personal and Advertising Injury Liability,GA,RATE,DB2-ACCESS,,GAGAC001,programs/PA/gagard01.cbl
GAGARV01,PA,Personal and Advertising Injury Liability,GA,RATE,VSAM-ACCESS,,GAGAC001,programs/PA/gagarv01.cbl
GAHIAL01,PA,Personal and Advertising Injury Liability,HI,ADD,BUSINESS-LOGIC,GAHIAD01,GAHIC001,programs/PA/gahial01.cbl
GAHIAD01,PA,Personal and Advertising Injury Liability,HI,ADD,DB2-ACCESS,GAHIAV01,GAHIC001,programs/PA/gahiad01.cbl
GAHIAV01,PA,Personal and Advertising Injury Liability,HI,ADD,VSAM-ACCESS,,GAHIC001,programs/PA/gahiav01.cbl
GAHIIL01,PA,Personal and Advertising Injury Liability,HI,INQUIRE,BUSINESS-LOGIC,GAHIID01,GAHIC001,programs/PA/gahiil01.cbl
GAHIID01,PA,Personal and Advertising Injury Liability,HI,INQUIRE,DB2-ACCESS,,GAHIC001,programs/PA/gahiid01.cbl
GAHIIV01,PA,Personal and Advertising Injury Liability,HI,INQUIRE,VSAM-ACCESS,,GAHIC001,programs/PA/gahiiv01.cbl
GAHIUL01,PA,Personal and Advertising Injury Liability,HI,UPDATE,BUSINESS-LOGIC,GAHIUD01,GAHIC001,programs/PA/gahiul01.cbl
GAHIUD01,PA,Personal and Advertising Injury Liability,HI,UPDATE,DB2-ACCESS,GAHIUV01,GAHIC001,programs/PA/gahiud01.cbl
GAHIUV01,PA,Personal and Advertising Injury Liability,HI,UPDATE,VSAM-ACCESS,,GAHIC001,programs/PA/gahiuv01.cbl
GAHIDL01,PA,Personal and Advertising Injury Liability,HI,DELETE,BUSINESS-LOGIC,GAHIDD01,GAHIC001,programs/PA/gahidl01.cbl
GAHIDD01,PA,Personal and Advertising Injury Liability,HI,DELETE,DB2-ACCESS,GAHIDV01,GAHIC001,programs/PA/gahidd01.cbl
GAHIDV01,PA,Personal and Advertising Injury Liability,HI,DELETE,VSAM-ACCESS,,GAHIC001,programs/PA/gahidv01.cbl
GAHIRL01,PA,Personal and Advertising Injury Liability,HI,RATE,BUSINESS-LOGIC,GAHIRD01,GAHIC001,programs/PA/gahirl01.cbl
GAHIRD01,PA,Personal and Advertising Injury Liability,HI,RATE,DB2-ACCESS,,GAHIC001,programs/PA/gahird01.cbl
GAHIRV01,PA,Personal and Advertising Injury Liability,HI,RATE,VSAM-ACCESS,,GAHIC001,programs/PA/gahirv01.cbl
GAIDAL01,PA,Personal and Advertising Injury Liability,ID,ADD,BUSINESS-LOGIC,GAIDAD01,GAIDC001,programs/PA/gaidal01.cbl
GAIDAD01,PA,Personal and Advertising Injury Liability,ID,ADD,DB2-ACCESS,GAIDAV01,GAIDC001,programs/PA/gaidad01.cbl
GAIDAV01,PA,Personal and Advertising Injury Liability,ID,ADD,VSAM-ACCESS,,GAIDC001,programs/PA/gaidav01.cbl
GAIDIL01,PA,Personal and Advertising Injury Liability,ID,INQUIRE,BUSINESS-LOGIC,GAIDID01,GAIDC001,programs/PA/gaidil01.cbl
GAIDID01,PA,Personal and Advertising Injury Liability,ID,INQUIRE,DB2-ACCESS,,GAIDC001,programs/PA/gaidid01.cbl
GAIDIV01,PA,Personal and Advertising Injury Liability,ID,INQUIRE,VSAM-ACCESS,,GAIDC001,programs/PA/gaidiv01.cbl
GAIDUL01,PA,Personal and Advertising Injury Liability,ID,UPDATE,BUSINESS-LOGIC,GAIDUD01,GAIDC001,programs/PA/gaidul01.cbl
GAIDUD01,PA,Personal and Advertising Injury Liability,ID,UPDATE,DB2-ACCESS,GAIDUV01,GAIDC001,programs/PA/gaidud01.cbl
GAIDUV01,PA,Personal and Advertising Injury Liability,ID,UPDATE,VSAM-ACCESS,,GAIDC001,programs/PA/gaiduv01.cbl
GAIDDL01,PA,Personal and Advertising Injury Liability,ID,DELETE,BUSINESS-LOGIC,GAIDDD01,GAIDC001,programs/PA/gaiddl01.cbl
GAIDDD01,PA,Personal and Advertising Injury Liability,ID,DELETE,DB2-ACCESS,GAIDDV01,GAIDC001,programs/PA/gaiddd01.cbl
GAIDDV01,PA,Personal and Advertising Injury Liability,ID,DELETE,VSAM-ACCESS,,GAIDC001,programs/PA/gaiddv01.cbl
GAIDRL01,PA,Personal and Advertising Injury Liability,ID,RATE,BUSINESS-LOGIC,GAIDRD01,GAIDC001,programs/PA/gaidrl01.cbl
GAIDRD01,PA,Personal and Advertising Injury Liability,ID,RATE,DB2-ACCESS,,GAIDC001,programs/PA/gaidrd01.cbl
GAIDRV01,PA,Personal and Advertising Injury Liability,ID,RATE,VSAM-ACCESS,,GAIDC001,programs/PA/gaidrv01.cbl
GAILAL01,PA,Personal and Advertising Injury Liability,IL,ADD,BUSINESS-LOGIC,GAILAD01,GAILC001,programs/PA/gailal01.cbl
GAILAD01,PA,Personal and Advertising Injury Liability,IL,ADD,DB2-ACCESS,GAILAV01,GAILC001,programs/PA/gailad01.cbl
GAILAV01,PA,Personal and Advertising Injury Liability,IL,ADD,VSAM-ACCESS,,GAILC001,programs/PA/gailav01.cbl
GAILIL01,PA,Personal and Advertising Injury Liability,IL,INQUIRE,BUSINESS-LOGIC,GAILID01,GAILC001,programs/PA/gailil01.cbl
GAILID01,PA,Personal and Advertising Injury Liability,IL,INQUIRE,DB2-ACCESS,,GAILC001,programs/PA/gailid01.cbl
GAILIV01,PA,Personal and Advertising Injury Liability,IL,INQUIRE,VSAM-ACCESS,,GAILC001,programs/PA/gailiv01.cbl
GAILUL01,PA,Personal and Advertising Injury Liability,IL,UPDATE,BUSINESS-LOGIC,GAILUD01,GAILC001,programs/PA/gailul01.cbl
GAILUD01,PA,Personal and Advertising Injury Liability,IL,UPDATE,DB2-ACCESS,GAILUV01,GAILC001,programs/PA/gailud01.cbl
GAILUV01,PA,Personal and Advertising Injury Liability,IL,UPDATE,VSAM-ACCESS,,GAILC001,programs/PA/gailuv01.cbl
GAILDL01,PA,Personal and Advertising Injury Liability,IL,DELETE,BUSINESS-LOGIC,GAILDD01,GAILC001,programs/PA/gaildl01.cbl
GAILDD01,PA,Personal and Advertising Injury Liability,IL,DELETE,DB2-ACCESS,GAILDV01,GAILC001,programs/PA/gaildd01.cbl
GAILDV01,PA,Personal and Advertising Injury Liability,IL,DELETE,VSAM-ACCESS,,GAILC001,programs/PA/gaildv01.cbl
GAILRL01,PA,Personal and Advertising Injury Liability,IL,RATE,BUSINESS-LOGIC,GAILRD01,GAILC001,programs/PA/gailrl01.cbl
GAILRD01,PA,Personal and Advertising Injury Liability,IL,RATE,DB2-ACCESS,,GAILC001,programs/PA/gailrd01.cbl
GAILRV01,PA,Personal and Advertising Injury Liability,IL,RATE,VSAM-ACCESS,,GAILC001,programs/PA/gailrv01.cbl
GAINAL01,PA,Personal and Advertising Injury Liability,IN,ADD,BUSINESS-LOGIC,GAINAD01,GAINC001,programs/PA/gainal01.cbl
GAINAD01,PA,Personal and Advertising Injury Liability,IN,ADD,DB2-ACCESS,GAINAV01,GAINC001,programs/PA/gainad01.cbl
GAINAV01,PA,Personal and Advertising Injury Liability,IN,ADD,VSAM-ACCESS,,GAINC001,programs/PA/gainav01.cbl
GAINIL01,PA,Personal and Advertising Injury Liability,IN,INQUIRE,BUSINESS-LOGIC,GAINID01,GAINC001,programs/PA/gainil01.cbl
GAINID01,PA,Personal and Advertising Injury Liability,IN,INQUIRE,DB2-ACCESS,,GAINC001,programs/PA/gainid01.cbl
GAINIV01,PA,Personal and Advertising Injury Liability,IN,INQUIRE,VSAM-ACCESS,,GAINC001,programs/PA/gainiv01.cbl
GAINUL01,PA,Personal and Advertising Injury Liability,IN,UPDATE,BUSINESS-LOGIC,GAINUD01,GAINC001,programs/PA/gainul01.cbl
GAINUD01,PA,Personal and Advertising Injury Liability,IN,UPDATE,DB2-ACCESS,GAINUV01,GAINC001,programs/PA/gainud01.cbl
GAINUV01,PA,Personal and Advertising Injury Liability,IN,UPDATE,VSAM-ACCESS,,GAINC001,programs/PA/gainuv01.cbl
GAINDL01,PA,Personal and Advertising Injury Liability,IN,DELETE,BUSINESS-LOGIC,GAINDD01,GAINC001,programs/PA/gaindl01.cbl
GAINDD01,PA,Personal and Advertising Injury Liability,IN,DELETE,DB2-ACCESS,GAINDV01,GAINC001,programs/PA/gaindd01.cbl
GAINDV01,PA,Personal and Advertising Injury Liability,IN,DELETE,VSAM-ACCESS,,GAINC001,programs/PA/gaindv01.cbl
GAINRL01,PA,Personal and Advertising Injury Liability,IN,RATE,BUSINESS-LOGIC,GAINRD01,GAINC001,programs/PA/gainrl01.cbl
GAINRD01,PA,Personal and Advertising Injury Liability,IN,RATE,DB2-ACCESS,,GAINC001,programs/PA/gainrd01.cbl
GAINRV01,PA,Personal and Advertising Injury Liability,IN,RATE,VSAM-ACCESS,,GAINC001,programs/PA/gainrv01.cbl
GAIAAL01,PA,Personal and Advertising Injury Liability,IA,ADD,BUSINESS-LOGIC,GAIAAD01,GAIAC001,programs/PA/gaiaal01.cbl
GAIAAD01,PA,Personal and Advertising Injury Liability,IA,ADD,DB2-ACCESS,GAIAAV01,GAIAC001,programs/PA/gaiaad01.cbl
GAIAAV01,PA,Personal and Advertising Injury Liability,IA,ADD,VSAM-ACCESS,,GAIAC001,programs/PA/gaiaav01.cbl
GAIAIL01,PA,Personal and Advertising Injury Liability,IA,INQUIRE,BUSINESS-LOGIC,GAIAID01,GAIAC001,programs/PA/gaiail01.cbl
GAIAID01,PA,Personal and Advertising Injury Liability,IA,INQUIRE,DB2-ACCESS,,GAIAC001,programs/PA/gaiaid01.cbl
GAIAIV01,PA,Personal and Advertising Injury Liability,IA,INQUIRE,VSAM-ACCESS,,GAIAC001,programs/PA/gaiaiv01.cbl
GAIAUL01,PA,Personal and Advertising Injury Liability,IA,UPDATE,BUSINESS-LOGIC,GAIAUD01,GAIAC001,programs/PA/gaiaul01.cbl
GAIAUD01,PA,Personal and Advertising Injury Liability,IA,UPDATE,DB2-ACCESS,GAIAUV01,GAIAC001,programs/PA/gaiaud01.cbl
GAIAUV01,PA,Personal and Advertising Injury Liability,IA,UPDATE,VSAM-ACCESS,,GAIAC001,programs/PA/gaiauv01.cbl
GAIADL01,PA,Personal and Advertising Injury Liability,IA,DELETE,BUSINESS-LOGIC,GAIADD01,GAIAC001,programs/PA/gaiadl01.cbl
GAIADD01,PA,Personal and Advertising Injury Liability,IA,DELETE,DB2-ACCESS,GAIADV01,GAIAC001,programs/PA/gaiadd01.cbl
GAIADV01,PA,Personal and Advertising Injury Liability,IA,DELETE,VSAM-ACCESS,,GAIAC001,programs/PA/gaiadv01.cbl
GAIARL01,PA,Personal and Advertising Injury Liability,IA,RATE,BUSINESS-LOGIC,GAIARD01,GAIAC001,programs/PA/gaiarl01.cbl
GAIARD01,PA,Personal and Advertising Injury Liability,IA,RATE,DB2-ACCESS,,GAIAC001,programs/PA/gaiard01.cbl
GAIARV01,PA,Personal and Advertising Injury Liability,IA,RATE,VSAM-ACCESS,,GAIAC001,programs/PA/gaiarv01.cbl
GAKSAL01,PA,Personal and Advertising Injury Liability,KS,ADD,BUSINESS-LOGIC,GAKSAD01,GAKSC001,programs/PA/gaksal01.cbl
GAKSAD01,PA,Personal and Advertising Injury Liability,KS,ADD,DB2-ACCESS,GAKSAV01,GAKSC001,programs/PA/gaksad01.cbl
GAKSAV01,PA,Personal and Advertising Injury Liability,KS,ADD,VSAM-ACCESS,,GAKSC001,programs/PA/gaksav01.cbl
GAKSIL01,PA,Personal and Advertising Injury Liability,KS,INQUIRE,BUSINESS-LOGIC,GAKSID01,GAKSC001,programs/PA/gaksil01.cbl
GAKSID01,PA,Personal and Advertising Injury Liability,KS,INQUIRE,DB2-ACCESS,,GAKSC001,programs/PA/gaksid01.cbl
GAKSIV01,PA,Personal and Advertising Injury Liability,KS,INQUIRE,VSAM-ACCESS,,GAKSC001,programs/PA/gaksiv01.cbl
GAKSUL01,PA,Personal and Advertising Injury Liability,KS,UPDATE,BUSINESS-LOGIC,GAKSUD01,GAKSC001,programs/PA/gaksul01.cbl
GAKSUD01,PA,Personal and Advertising Injury Liability,KS,UPDATE,DB2-ACCESS,GAKSUV01,GAKSC001,programs/PA/gaksud01.cbl
GAKSUV01,PA,Personal and Advertising Injury Liability,KS,UPDATE,VSAM-ACCESS,,GAKSC001,programs/PA/gaksuv01.cbl
GAKSDL01,PA,Personal and Advertising Injury Liability,KS,DELETE,BUSINESS-LOGIC,GAKSDD01,GAKSC001,programs/PA/gaksdl01.cbl
GAKSDD01,PA,Personal and Advertising Injury Liability,KS,DELETE,DB2-ACCESS,GAKSDV01,GAKSC001,programs/PA/gaksdd01.cbl
GAKSDV01,PA,Personal and Advertising Injury Liability,KS,DELETE,VSAM-ACCESS,,GAKSC001,programs/PA/gaksdv01.cbl
GAKSRL01,PA,Personal and Advertising Injury Liability,KS,RATE,BUSINESS-LOGIC,GAKSRD01,GAKSC001,programs/PA/gaksrl01.cbl
GAKSRD01,PA,Personal and Advertising Injury Liability,KS,RATE,DB2-ACCESS,,GAKSC001,programs/PA/gaksrd01.cbl
GAKSRV01,PA,Personal and Advertising Injury Liability,KS,RATE,VSAM-ACCESS,,GAKSC001,programs/PA/gaksrv01.cbl
GAKYAL01,PA,Personal and Advertising Injury Liability,KY,ADD,BUSINESS-LOGIC,GAKYAD01,GAKYC001,programs/PA/gakyal01.cbl
GAKYAD01,PA,Personal and Advertising Injury Liability,KY,ADD,DB2-ACCESS,GAKYAV01,GAKYC001,programs/PA/gakyad01.cbl
GAKYAV01,PA,Personal and Advertising Injury Liability,KY,ADD,VSAM-ACCESS,,GAKYC001,programs/PA/gakyav01.cbl
GAKYIL01,PA,Personal and Advertising Injury Liability,KY,INQUIRE,BUSINESS-LOGIC,GAKYID01,GAKYC001,programs/PA/gakyil01.cbl
GAKYID01,PA,Personal and Advertising Injury Liability,KY,INQUIRE,DB2-ACCESS,,GAKYC001,programs/PA/gakyid01.cbl
GAKYIV01,PA,Personal and Advertising Injury Liability,KY,INQUIRE,VSAM-ACCESS,,GAKYC001,programs/PA/gakyiv01.cbl
GAKYUL01,PA,Personal and Advertising Injury Liability,KY,UPDATE,BUSINESS-LOGIC,GAKYUD01,GAKYC001,programs/PA/gakyul01.cbl
GAKYUD01,PA,Personal and Advertising Injury Liability,KY,UPDATE,DB2-ACCESS,GAKYUV01,GAKYC001,programs/PA/gakyud01.cbl
GAKYUV01,PA,Personal and Advertising Injury Liability,KY,UPDATE,VSAM-ACCESS,,GAKYC001,programs/PA/gakyuv01.cbl
GAKYDL01,PA,Personal and Advertising Injury Liability,KY,DELETE,BUSINESS-LOGIC,GAKYDD01,GAKYC001,programs/PA/gakydl01.cbl
GAKYDD01,PA,Personal and Advertising Injury Liability,KY,DELETE,DB2-ACCESS,GAKYDV01,GAKYC001,programs/PA/gakydd01.cbl
GAKYDV01,PA,Personal and Advertising Injury Liability,KY,DELETE,VSAM-ACCESS,,GAKYC001,programs/PA/gakydv01.cbl
GAKYRL01,PA,Personal and Advertising Injury Liability,KY,RATE,BUSINESS-LOGIC,GAKYRD01,GAKYC001,programs/PA/gakyrl01.cbl
GAKYRD01,PA,Personal and Advertising Injury Liability,KY,RATE,DB2-ACCESS,,GAKYC001,programs/PA/gakyrd01.cbl
GAKYRV01,PA,Personal and Advertising Injury Liability,KY,RATE,VSAM-ACCESS,,GAKYC001,programs/PA/gakyrv01.cbl
GALAAL01,PA,Personal and Advertising Injury Liability,LA,ADD,BUSINESS-LOGIC,GALAAD01,GALAC001,programs/PA/galaal01.cbl
GALAAD01,PA,Personal and Advertising Injury Liability,LA,ADD,DB2-ACCESS,GALAAV01,GALAC001,programs/PA/galaad01.cbl
GALAAV01,PA,Personal and Advertising Injury Liability,LA,ADD,VSAM-ACCESS,,GALAC001,programs/PA/galaav01.cbl
GALAIL01,PA,Personal and Advertising Injury Liability,LA,INQUIRE,BUSINESS-LOGIC,GALAID01,GALAC001,programs/PA/galail01.cbl
GALAID01,PA,Personal and Advertising Injury Liability,LA,INQUIRE,DB2-ACCESS,,GALAC001,programs/PA/galaid01.cbl
GALAIV01,PA,Personal and Advertising Injury Liability,LA,INQUIRE,VSAM-ACCESS,,GALAC001,programs/PA/galaiv01.cbl
GALAUL01,PA,Personal and Advertising Injury Liability,LA,UPDATE,BUSINESS-LOGIC,GALAUD01,GALAC001,programs/PA/galaul01.cbl
GALAUD01,PA,Personal and Advertising Injury Liability,LA,UPDATE,DB2-ACCESS,GALAUV01,GALAC001,programs/PA/galaud01.cbl
GALAUV01,PA,Personal and Advertising Injury Liability,LA,UPDATE,VSAM-ACCESS,,GALAC001,programs/PA/galauv01.cbl
GALADL01,PA,Personal and Advertising Injury Liability,LA,DELETE,BUSINESS-LOGIC,GALADD01,GALAC001,programs/PA/galadl01.cbl
GALADD01,PA,Personal and Advertising Injury Liability,LA,DELETE,DB2-ACCESS,GALADV01,GALAC001,programs/PA/galadd01.cbl
GALADV01,PA,Personal and Advertising Injury Liability,LA,DELETE,VSAM-ACCESS,,GALAC001,programs/PA/galadv01.cbl
GALARL01,PA,Personal and Advertising Injury Liability,LA,RATE,BUSINESS-LOGIC,GALARD01,GALAC001,programs/PA/galarl01.cbl
GALARD01,PA,Personal and Advertising Injury Liability,LA,RATE,DB2-ACCESS,,GALAC001,programs/PA/galard01.cbl
GALARV01,PA,Personal and Advertising Injury Liability,LA,RATE,VSAM-ACCESS,,GALAC001,programs/PA/galarv01.cbl
GAMEAL01,PA,Personal and Advertising Injury Liability,ME,ADD,BUSINESS-LOGIC,GAMEAD01,GAMEC001,programs/PA/gameal01.cbl
GAMEAD01,PA,Personal and Advertising Injury Liability,ME,ADD,DB2-ACCESS,GAMEAV01,GAMEC001,programs/PA/gamead01.cbl
GAMEAV01,PA,Personal and Advertising Injury Liability,ME,ADD,VSAM-ACCESS,,GAMEC001,programs/PA/gameav01.cbl
GAMEIL01,PA,Personal and Advertising Injury Liability,ME,INQUIRE,BUSINESS-LOGIC,GAMEID01,GAMEC001,programs/PA/gameil01.cbl
GAMEID01,PA,Personal and Advertising Injury Liability,ME,INQUIRE,DB2-ACCESS,,GAMEC001,programs/PA/gameid01.cbl
GAMEIV01,PA,Personal and Advertising Injury Liability,ME,INQUIRE,VSAM-ACCESS,,GAMEC001,programs/PA/gameiv01.cbl
GAMEUL01,PA,Personal and Advertising Injury Liability,ME,UPDATE,BUSINESS-LOGIC,GAMEUD01,GAMEC001,programs/PA/gameul01.cbl
GAMEUD01,PA,Personal and Advertising Injury Liability,ME,UPDATE,DB2-ACCESS,GAMEUV01,GAMEC001,programs/PA/gameud01.cbl
GAMEUV01,PA,Personal and Advertising Injury Liability,ME,UPDATE,VSAM-ACCESS,,GAMEC001,programs/PA/gameuv01.cbl
GAMEDL01,PA,Personal and Advertising Injury Liability,ME,DELETE,BUSINESS-LOGIC,GAMEDD01,GAMEC001,programs/PA/gamedl01.cbl
GAMEDD01,PA,Personal and Advertising Injury Liability,ME,DELETE,DB2-ACCESS,GAMEDV01,GAMEC001,programs/PA/gamedd01.cbl
GAMEDV01,PA,Personal and Advertising Injury Liability,ME,DELETE,VSAM-ACCESS,,GAMEC001,programs/PA/gamedv01.cbl
GAMERL01,PA,Personal and Advertising Injury Liability,ME,RATE,BUSINESS-LOGIC,GAMERD01,GAMEC001,programs/PA/gamerl01.cbl
GAMERD01,PA,Personal and Advertising Injury Liability,ME,RATE,DB2-ACCESS,,GAMEC001,programs/PA/gamerd01.cbl
GAMERV01,PA,Personal and Advertising Injury Liability,ME,RATE,VSAM-ACCESS,,GAMEC001,programs/PA/gamerv01.cbl
GAMDAL01,PA,Personal and Advertising Injury Liability,MD,ADD,BUSINESS-LOGIC,GAMDAD01,GAMDC001,programs/PA/gamdal01.cbl
GAMDAD01,PA,Personal and Advertising Injury Liability,MD,ADD,DB2-ACCESS,GAMDAV01,GAMDC001,programs/PA/gamdad01.cbl
GAMDAV01,PA,Personal and Advertising Injury Liability,MD,ADD,VSAM-ACCESS,,GAMDC001,programs/PA/gamdav01.cbl
GAMDIL01,PA,Personal and Advertising Injury Liability,MD,INQUIRE,BUSINESS-LOGIC,GAMDID01,GAMDC001,programs/PA/gamdil01.cbl
GAMDID01,PA,Personal and Advertising Injury Liability,MD,INQUIRE,DB2-ACCESS,,GAMDC001,programs/PA/gamdid01.cbl
GAMDIV01,PA,Personal and Advertising Injury Liability,MD,INQUIRE,VSAM-ACCESS,,GAMDC001,programs/PA/gamdiv01.cbl
GAMDUL01,PA,Personal and Advertising Injury Liability,MD,UPDATE,BUSINESS-LOGIC,GAMDUD01,GAMDC001,programs/PA/gamdul01.cbl
GAMDUD01,PA,Personal and Advertising Injury Liability,MD,UPDATE,DB2-ACCESS,GAMDUV01,GAMDC001,programs/PA/gamdud01.cbl
GAMDUV01,PA,Personal and Advertising Injury Liability,MD,UPDATE,VSAM-ACCESS,,GAMDC001,programs/PA/gamduv01.cbl
GAMDDL01,PA,Personal and Advertising Injury Liability,MD,DELETE,BUSINESS-LOGIC,GAMDDD01,GAMDC001,programs/PA/gamddl01.cbl
GAMDDD01,PA,Personal and Advertising Injury Liability,MD,DELETE,DB2-ACCESS,GAMDDV01,GAMDC001,programs/PA/gamddd01.cbl
GAMDDV01,PA,Personal and Advertising Injury Liability,MD,DELETE,VSAM-ACCESS,,GAMDC001,programs/PA/gamddv01.cbl
GAMDRL01,PA,Personal and Advertising Injury Liability,MD,RATE,BUSINESS-LOGIC,GAMDRD01,GAMDC001,programs/PA/gamdrl01.cbl
GAMDRD01,PA,Personal and Advertising Injury Liability,MD,RATE,DB2-ACCESS,,GAMDC001,programs/PA/gamdrd01.cbl
GAMDRV01,PA,Personal and Advertising Injury Liability,MD,RATE,VSAM-ACCESS,,GAMDC001,programs/PA/gamdrv01.cbl
GAMAAL01,PA,Personal and Advertising Injury Liability,MA,ADD,BUSINESS-LOGIC,GAMAAD01,GAMAC001,programs/PA/gamaal01.cbl
GAMAAD01,PA,Personal and Advertising Injury Liability,MA,ADD,DB2-ACCESS,GAMAAV01,GAMAC001,programs/PA/gamaad01.cbl
GAMAAV01,PA,Personal and Advertising Injury Liability,MA,ADD,VSAM-ACCESS,,GAMAC001,programs/PA/gamaav01.cbl
GAMAIL01,PA,Personal and Advertising Injury Liability,MA,INQUIRE,BUSINESS-LOGIC,GAMAID01,GAMAC001,programs/PA/gamail01.cbl
GAMAID01,PA,Personal and Advertising Injury Liability,MA,INQUIRE,DB2-ACCESS,,GAMAC001,programs/PA/gamaid01.cbl
GAMAIV01,PA,Personal and Advertising Injury Liability,MA,INQUIRE,VSAM-ACCESS,,GAMAC001,programs/PA/gamaiv01.cbl
GAMAUL01,PA,Personal and Advertising Injury Liability,MA,UPDATE,BUSINESS-LOGIC,GAMAUD01,GAMAC001,programs/PA/gamaul01.cbl
GAMAUD01,PA,Personal and Advertising Injury Liability,MA,UPDATE,DB2-ACCESS,GAMAUV01,GAMAC001,programs/PA/gamaud01.cbl
GAMAUV01,PA,Personal and Advertising Injury Liability,MA,UPDATE,VSAM-ACCESS,,GAMAC001,programs/PA/gamauv01.cbl
GAMADL01,PA,Personal and Advertising Injury Liability,MA,DELETE,BUSINESS-LOGIC,GAMADD01,GAMAC001,programs/PA/gamadl01.cbl
GAMADD01,PA,Personal and Advertising Injury Liability,MA,DELETE,DB2-ACCESS,GAMADV01,GAMAC001,programs/PA/gamadd01.cbl
GAMADV01,PA,Personal and Advertising Injury Liability,MA,DELETE,VSAM-ACCESS,,GAMAC001,programs/PA/gamadv01.cbl
GAMARL01,PA,Personal and Advertising Injury Liability,MA,RATE,BUSINESS-LOGIC,GAMARD01,GAMAC001,programs/PA/gamarl01.cbl
GAMARD01,PA,Personal and Advertising Injury Liability,MA,RATE,DB2-ACCESS,,GAMAC001,programs/PA/gamard01.cbl
GAMARV01,PA,Personal and Advertising Injury Liability,MA,RATE,VSAM-ACCESS,,GAMAC001,programs/PA/gamarv01.cbl
GAMIAL01,PA,Personal and Advertising Injury Liability,MI,ADD,BUSINESS-LOGIC,GAMIAD01,GAMIC001,programs/PA/gamial01.cbl
GAMIAD01,PA,Personal and Advertising Injury Liability,MI,ADD,DB2-ACCESS,GAMIAV01,GAMIC001,programs/PA/gamiad01.cbl
GAMIAV01,PA,Personal and Advertising Injury Liability,MI,ADD,VSAM-ACCESS,,GAMIC001,programs/PA/gamiav01.cbl
GAMIIL01,PA,Personal and Advertising Injury Liability,MI,INQUIRE,BUSINESS-LOGIC,GAMIID01,GAMIC001,programs/PA/gamiil01.cbl
GAMIID01,PA,Personal and Advertising Injury Liability,MI,INQUIRE,DB2-ACCESS,,GAMIC001,programs/PA/gamiid01.cbl
GAMIIV01,PA,Personal and Advertising Injury Liability,MI,INQUIRE,VSAM-ACCESS,,GAMIC001,programs/PA/gamiiv01.cbl
GAMIUL01,PA,Personal and Advertising Injury Liability,MI,UPDATE,BUSINESS-LOGIC,GAMIUD01,GAMIC001,programs/PA/gamiul01.cbl
GAMIUD01,PA,Personal and Advertising Injury Liability,MI,UPDATE,DB2-ACCESS,GAMIUV01,GAMIC001,programs/PA/gamiud01.cbl
GAMIUV01,PA,Personal and Advertising Injury Liability,MI,UPDATE,VSAM-ACCESS,,GAMIC001,programs/PA/gamiuv01.cbl
GAMIDL01,PA,Personal and Advertising Injury Liability,MI,DELETE,BUSINESS-LOGIC,GAMIDD01,GAMIC001,programs/PA/gamidl01.cbl
GAMIDD01,PA,Personal and Advertising Injury Liability,MI,DELETE,DB2-ACCESS,GAMIDV01,GAMIC001,programs/PA/gamidd01.cbl
GAMIDV01,PA,Personal and Advertising Injury Liability,MI,DELETE,VSAM-ACCESS,,GAMIC001,programs/PA/gamidv01.cbl
GAMIRL01,PA,Personal and Advertising Injury Liability,MI,RATE,BUSINESS-LOGIC,GAMIRD01,GAMIC001,programs/PA/gamirl01.cbl
GAMIRD01,PA,Personal and Advertising Injury Liability,MI,RATE,DB2-ACCESS,,GAMIC001,programs/PA/gamird01.cbl
GAMIRV01,PA,Personal and Advertising Injury Liability,MI,RATE,VSAM-ACCESS,,GAMIC001,programs/PA/gamirv01.cbl
GAMNAL01,PA,Personal and Advertising Injury Liability,MN,ADD,BUSINESS-LOGIC,GAMNAD01,GAMNC001,programs/PA/gamnal01.cbl
GAMNAD01,PA,Personal and Advertising Injury Liability,MN,ADD,DB2-ACCESS,GAMNAV01,GAMNC001,programs/PA/gamnad01.cbl
GAMNAV01,PA,Personal and Advertising Injury Liability,MN,ADD,VSAM-ACCESS,,GAMNC001,programs/PA/gamnav01.cbl
GAMNIL01,PA,Personal and Advertising Injury Liability,MN,INQUIRE,BUSINESS-LOGIC,GAMNID01,GAMNC001,programs/PA/gamnil01.cbl
GAMNID01,PA,Personal and Advertising Injury Liability,MN,INQUIRE,DB2-ACCESS,,GAMNC001,programs/PA/gamnid01.cbl
GAMNIV01,PA,Personal and Advertising Injury Liability,MN,INQUIRE,VSAM-ACCESS,,GAMNC001,programs/PA/gamniv01.cbl
GAMNUL01,PA,Personal and Advertising Injury Liability,MN,UPDATE,BUSINESS-LOGIC,GAMNUD01,GAMNC001,programs/PA/gamnul01.cbl
GAMNUD01,PA,Personal and Advertising Injury Liability,MN,UPDATE,DB2-ACCESS,GAMNUV01,GAMNC001,programs/PA/gamnud01.cbl
GAMNUV01,PA,Personal and Advertising Injury Liability,MN,UPDATE,VSAM-ACCESS,,GAMNC001,programs/PA/gamnuv01.cbl
GAMNDL01,PA,Personal and Advertising Injury Liability,MN,DELETE,BUSINESS-LOGIC,GAMNDD01,GAMNC001,programs/PA/gamndl01.cbl
GAMNDD01,PA,Personal and Advertising Injury Liability,MN,DELETE,DB2-ACCESS,GAMNDV01,GAMNC001,programs/PA/gamndd01.cbl
GAMNDV01,PA,Personal and Advertising Injury Liability,MN,DELETE,VSAM-ACCESS,,GAMNC001,programs/PA/gamndv01.cbl
GAMNRL01,PA,Personal and Advertising Injury Liability,MN,RATE,BUSINESS-LOGIC,GAMNRD01,GAMNC001,programs/PA/gamnrl01.cbl
GAMNRD01,PA,Personal and Advertising Injury Liability,MN,RATE,DB2-ACCESS,,GAMNC001,programs/PA/gamnrd01.cbl
GAMNRV01,PA,Personal and Advertising Injury Liability,MN,RATE,VSAM-ACCESS,,GAMNC001,programs/PA/gamnrv01.cbl
GAMSAL01,PA,Personal and Advertising Injury Liability,MS,ADD,BUSINESS-LOGIC,GAMSAD01,GAMSC001,programs/PA/gamsal01.cbl
GAMSAD01,PA,Personal and Advertising Injury Liability,MS,ADD,DB2-ACCESS,GAMSAV01,GAMSC001,programs/PA/gamsad01.cbl
GAMSAV01,PA,Personal and Advertising Injury Liability,MS,ADD,VSAM-ACCESS,,GAMSC001,programs/PA/gamsav01.cbl
GAMSIL01,PA,Personal and Advertising Injury Liability,MS,INQUIRE,BUSINESS-LOGIC,GAMSID01,GAMSC001,programs/PA/gamsil01.cbl
GAMSID01,PA,Personal and Advertising Injury Liability,MS,INQUIRE,DB2-ACCESS,,GAMSC001,programs/PA/gamsid01.cbl
GAMSIV01,PA,Personal and Advertising Injury Liability,MS,INQUIRE,VSAM-ACCESS,,GAMSC001,programs/PA/gamsiv01.cbl
GAMSUL01,PA,Personal and Advertising Injury Liability,MS,UPDATE,BUSINESS-LOGIC,GAMSUD01,GAMSC001,programs/PA/gamsul01.cbl
GAMSUD01,PA,Personal and Advertising Injury Liability,MS,UPDATE,DB2-ACCESS,GAMSUV01,GAMSC001,programs/PA/gamsud01.cbl
GAMSUV01,PA,Personal and Advertising Injury Liability,MS,UPDATE,VSAM-ACCESS,,GAMSC001,programs/PA/gamsuv01.cbl
GAMSDL01,PA,Personal and Advertising Injury Liability,MS,DELETE,BUSINESS-LOGIC,GAMSDD01,GAMSC001,programs/PA/gamsdl01.cbl
GAMSDD01,PA,Personal and Advertising Injury Liability,MS,DELETE,DB2-ACCESS,GAMSDV01,GAMSC001,programs/PA/gamsdd01.cbl
GAMSDV01,PA,Personal and Advertising Injury Liability,MS,DELETE,VSAM-ACCESS,,GAMSC001,programs/PA/gamsdv01.cbl
GAMSRL01,PA,Personal and Advertising Injury Liability,MS,RATE,BUSINESS-LOGIC,GAMSRD01,GAMSC001,programs/PA/gamsrl01.cbl
GAMSRD01,PA,Personal and Advertising Injury Liability,MS,RATE,DB2-ACCESS,,GAMSC001,programs/PA/gamsrd01.cbl
GAMSRV01,PA,Personal and Advertising Injury Liability,MS,RATE,VSAM-ACCESS,,GAMSC001,programs/PA/gamsrv01.cbl
GAMOAL01,PA,Personal and Advertising Injury Liability,MO,ADD,BUSINESS-LOGIC,GAMOAD01,GAMOC001,programs/PA/gamoal01.cbl
GAMOAD01,PA,Personal and Advertising Injury Liability,MO,ADD,DB2-ACCESS,GAMOAV01,GAMOC001,programs/PA/gamoad01.cbl
GAMOAV01,PA,Personal and Advertising Injury Liability,MO,ADD,VSAM-ACCESS,,GAMOC001,programs/PA/gamoav01.cbl
GAMOIL01,PA,Personal and Advertising Injury Liability,MO,INQUIRE,BUSINESS-LOGIC,GAMOID01,GAMOC001,programs/PA/gamoil01.cbl
GAMOID01,PA,Personal and Advertising Injury Liability,MO,INQUIRE,DB2-ACCESS,,GAMOC001,programs/PA/gamoid01.cbl
GAMOIV01,PA,Personal and Advertising Injury Liability,MO,INQUIRE,VSAM-ACCESS,,GAMOC001,programs/PA/gamoiv01.cbl
GAMOUL01,PA,Personal and Advertising Injury Liability,MO,UPDATE,BUSINESS-LOGIC,GAMOUD01,GAMOC001,programs/PA/gamoul01.cbl
GAMOUD01,PA,Personal and Advertising Injury Liability,MO,UPDATE,DB2-ACCESS,GAMOUV01,GAMOC001,programs/PA/gamoud01.cbl
GAMOUV01,PA,Personal and Advertising Injury Liability,MO,UPDATE,VSAM-ACCESS,,GAMOC001,programs/PA/gamouv01.cbl
GAMODL01,PA,Personal and Advertising Injury Liability,MO,DELETE,BUSINESS-LOGIC,GAMODD01,GAMOC001,programs/PA/gamodl01.cbl
GAMODD01,PA,Personal and Advertising Injury Liability,MO,DELETE,DB2-ACCESS,GAMODV01,GAMOC001,programs/PA/gamodd01.cbl
GAMODV01,PA,Personal and Advertising Injury Liability,MO,DELETE,VSAM-ACCESS,,GAMOC001,programs/PA/gamodv01.cbl
GAMORL01,PA,Personal and Advertising Injury Liability,MO,RATE,BUSINESS-LOGIC,GAMORD01,GAMOC001,programs/PA/gamorl01.cbl
GAMORD01,PA,Personal and Advertising Injury Liability,MO,RATE,DB2-ACCESS,,GAMOC001,programs/PA/gamord01.cbl
GAMORV01,PA,Personal and Advertising Injury Liability,MO,RATE,VSAM-ACCESS,,GAMOC001,programs/PA/gamorv01.cbl
GAMTAL01,PA,Personal and Advertising Injury Liability,MT,ADD,BUSINESS-LOGIC,GAMTAD01,GAMTC001,programs/PA/gamtal01.cbl
GAMTAD01,PA,Personal and Advertising Injury Liability,MT,ADD,DB2-ACCESS,GAMTAV01,GAMTC001,programs/PA/gamtad01.cbl
GAMTAV01,PA,Personal and Advertising Injury Liability,MT,ADD,VSAM-ACCESS,,GAMTC001,programs/PA/gamtav01.cbl
GAMTIL01,PA,Personal and Advertising Injury Liability,MT,INQUIRE,BUSINESS-LOGIC,GAMTID01,GAMTC001,programs/PA/gamtil01.cbl
GAMTID01,PA,Personal and Advertising Injury Liability,MT,INQUIRE,DB2-ACCESS,,GAMTC001,programs/PA/gamtid01.cbl
GAMTIV01,PA,Personal and Advertising Injury Liability,MT,INQUIRE,VSAM-ACCESS,,GAMTC001,programs/PA/gamtiv01.cbl
GAMTUL01,PA,Personal and Advertising Injury Liability,MT,UPDATE,BUSINESS-LOGIC,GAMTUD01,GAMTC001,programs/PA/gamtul01.cbl
GAMTUD01,PA,Personal and Advertising Injury Liability,MT,UPDATE,DB2-ACCESS,GAMTUV01,GAMTC001,programs/PA/gamtud01.cbl
GAMTUV01,PA,Personal and Advertising Injury Liability,MT,UPDATE,VSAM-ACCESS,,GAMTC001,programs/PA/gamtuv01.cbl
GAMTDL01,PA,Personal and Advertising Injury Liability,MT,DELETE,BUSINESS-LOGIC,GAMTDD01,GAMTC001,programs/PA/gamtdl01.cbl
GAMTDD01,PA,Personal and Advertising Injury Liability,MT,DELETE,DB2-ACCESS,GAMTDV01,GAMTC001,programs/PA/gamtdd01.cbl
GAMTDV01,PA,Personal and Advertising Injury Liability,MT,DELETE,VSAM-ACCESS,,GAMTC001,programs/PA/gamtdv01.cbl
GAMTRL01,PA,Personal and Advertising Injury Liability,MT,RATE,BUSINESS-LOGIC,GAMTRD01,GAMTC001,programs/PA/gamtrl01.cbl
GAMTRD01,PA,Personal and Advertising Injury Liability,MT,RATE,DB2-ACCESS,,GAMTC001,programs/PA/gamtrd01.cbl
GAMTRV01,PA,Personal and Advertising Injury Liability,MT,RATE,VSAM-ACCESS,,GAMTC001,programs/PA/gamtrv01.cbl
GANEAL01,PA,Personal and Advertising Injury Liability,NE,ADD,BUSINESS-LOGIC,GANEAD01,GANEC001,programs/PA/ganeal01.cbl
GANEAD01,PA,Personal and Advertising Injury Liability,NE,ADD,DB2-ACCESS,GANEAV01,GANEC001,programs/PA/ganead01.cbl
GANEAV01,PA,Personal and Advertising Injury Liability,NE,ADD,VSAM-ACCESS,,GANEC001,programs/PA/ganeav01.cbl
GANEIL01,PA,Personal and Advertising Injury Liability,NE,INQUIRE,BUSINESS-LOGIC,GANEID01,GANEC001,programs/PA/ganeil01.cbl
GANEID01,PA,Personal and Advertising Injury Liability,NE,INQUIRE,DB2-ACCESS,,GANEC001,programs/PA/ganeid01.cbl
GANEIV01,PA,Personal and Advertising Injury Liability,NE,INQUIRE,VSAM-ACCESS,,GANEC001,programs/PA/ganeiv01.cbl
GANEUL01,PA,Personal and Advertising Injury Liability,NE,UPDATE,BUSINESS-LOGIC,GANEUD01,GANEC001,programs/PA/ganeul01.cbl
GANEUD01,PA,Personal and Advertising Injury Liability,NE,UPDATE,DB2-ACCESS,GANEUV01,GANEC001,programs/PA/ganeud01.cbl
GANEUV01,PA,Personal and Advertising Injury Liability,NE,UPDATE,VSAM-ACCESS,,GANEC001,programs/PA/ganeuv01.cbl
GANEDL01,PA,Personal and Advertising Injury Liability,NE,DELETE,BUSINESS-LOGIC,GANEDD01,GANEC001,programs/PA/ganedl01.cbl
GANEDD01,PA,Personal and Advertising Injury Liability,NE,DELETE,DB2-ACCESS,GANEDV01,GANEC001,programs/PA/ganedd01.cbl
GANEDV01,PA,Personal and Advertising Injury Liability,NE,DELETE,VSAM-ACCESS,,GANEC001,programs/PA/ganedv01.cbl
GANERL01,PA,Personal and Advertising Injury Liability,NE,RATE,BUSINESS-LOGIC,GANERD01,GANEC001,programs/PA/ganerl01.cbl
GANERD01,PA,Personal and Advertising Injury Liability,NE,RATE,DB2-ACCESS,,GANEC001,programs/PA/ganerd01.cbl
GANERV01,PA,Personal and Advertising Injury Liability,NE,RATE,VSAM-ACCESS,,GANEC001,programs/PA/ganerv01.cbl
GANVAL01,PA,Personal and Advertising Injury Liability,NV,ADD,BUSINESS-LOGIC,GANVAD01,GANVC001,programs/PA/ganval01.cbl
GANVAD01,PA,Personal and Advertising Injury Liability,NV,ADD,DB2-ACCESS,GANVAV01,GANVC001,programs/PA/ganvad01.cbl
GANVAV01,PA,Personal and Advertising Injury Liability,NV,ADD,VSAM-ACCESS,,GANVC001,programs/PA/ganvav01.cbl
GANVIL01,PA,Personal and Advertising Injury Liability,NV,INQUIRE,BUSINESS-LOGIC,GANVID01,GANVC001,programs/PA/ganvil01.cbl
GANVID01,PA,Personal and Advertising Injury Liability,NV,INQUIRE,DB2-ACCESS,,GANVC001,programs/PA/ganvid01.cbl
GANVIV01,PA,Personal and Advertising Injury Liability,NV,INQUIRE,VSAM-ACCESS,,GANVC001,programs/PA/ganviv01.cbl
GANVUL01,PA,Personal and Advertising Injury Liability,NV,UPDATE,BUSINESS-LOGIC,GANVUD01,GANVC001,programs/PA/ganvul01.cbl
GANVUD01,PA,Personal and Advertising Injury Liability,NV,UPDATE,DB2-ACCESS,GANVUV01,GANVC001,programs/PA/ganvud01.cbl
GANVUV01,PA,Personal and Advertising Injury Liability,NV,UPDATE,VSAM-ACCESS,,GANVC001,programs/PA/ganvuv01.cbl
GANVDL01,PA,Personal and Advertising Injury Liability,NV,DELETE,BUSINESS-LOGIC,GANVDD01,GANVC001,programs/PA/ganvdl01.cbl
GANVDD01,PA,Personal and Advertising Injury Liability,NV,DELETE,DB2-ACCESS,GANVDV01,GANVC001,programs/PA/ganvdd01.cbl
GANVDV01,PA,Personal and Advertising Injury Liability,NV,DELETE,VSAM-ACCESS,,GANVC001,programs/PA/ganvdv01.cbl
GANVRL01,PA,Personal and Advertising Injury Liability,NV,RATE,BUSINESS-LOGIC,GANVRD01,GANVC001,programs/PA/ganvrl01.cbl
GANVRD01,PA,Personal and Advertising Injury Liability,NV,RATE,DB2-ACCESS,,GANVC001,programs/PA/ganvrd01.cbl
GANVRV01,PA,Personal and Advertising Injury Liability,NV,RATE,VSAM-ACCESS,,GANVC001,programs/PA/ganvrv01.cbl
GANHAL01,PA,Personal and Advertising Injury Liability,NH,ADD,BUSINESS-LOGIC,GANHAD01,GANHC001,programs/PA/ganhal01.cbl
GANHAD01,PA,Personal and Advertising Injury Liability,NH,ADD,DB2-ACCESS,GANHAV01,GANHC001,programs/PA/ganhad01.cbl
GANHAV01,PA,Personal and Advertising Injury Liability,NH,ADD,VSAM-ACCESS,,GANHC001,programs/PA/ganhav01.cbl
GANHIL01,PA,Personal and Advertising Injury Liability,NH,INQUIRE,BUSINESS-LOGIC,GANHID01,GANHC001,programs/PA/ganhil01.cbl
GANHID01,PA,Personal and Advertising Injury Liability,NH,INQUIRE,DB2-ACCESS,,GANHC001,programs/PA/ganhid01.cbl
GANHIV01,PA,Personal and Advertising Injury Liability,NH,INQUIRE,VSAM-ACCESS,,GANHC001,programs/PA/ganhiv01.cbl
GANHUL01,PA,Personal and Advertising Injury Liability,NH,UPDATE,BUSINESS-LOGIC,GANHUD01,GANHC001,programs/PA/ganhul01.cbl
GANHUD01,PA,Personal and Advertising Injury Liability,NH,UPDATE,DB2-ACCESS,GANHUV01,GANHC001,programs/PA/ganhud01.cbl
GANHUV01,PA,Personal and Advertising Injury Liability,NH,UPDATE,VSAM-ACCESS,,GANHC001,programs/PA/ganhuv01.cbl
GANHDL01,PA,Personal and Advertising Injury Liability,NH,DELETE,BUSINESS-LOGIC,GANHDD01,GANHC001,programs/PA/ganhdl01.cbl
GANHDD01,PA,Personal and Advertising Injury Liability,NH,DELETE,DB2-ACCESS,GANHDV01,GANHC001,programs/PA/ganhdd01.cbl
GANHDV01,PA,Personal and Advertising Injury Liability,NH,DELETE,VSAM-ACCESS,,GANHC001,programs/PA/ganhdv01.cbl
GANHRL01,PA,Personal and Advertising Injury Liability,NH,RATE,BUSINESS-LOGIC,GANHRD01,GANHC001,programs/PA/ganhrl01.cbl
GANHRD01,PA,Personal and Advertising Injury Liability,NH,RATE,DB2-ACCESS,,GANHC001,programs/PA/ganhrd01.cbl
GANHRV01,PA,Personal and Advertising Injury Liability,NH,RATE,VSAM-ACCESS,,GANHC001,programs/PA/ganhrv01.cbl
GANJAL01,PA,Personal and Advertising Injury Liability,NJ,ADD,BUSINESS-LOGIC,GANJAD01,GANJC001,programs/PA/ganjal01.cbl
GANJAD01,PA,Personal and Advertising Injury Liability,NJ,ADD,DB2-ACCESS,GANJAV01,GANJC001,programs/PA/ganjad01.cbl
GANJAV01,PA,Personal and Advertising Injury Liability,NJ,ADD,VSAM-ACCESS,,GANJC001,programs/PA/ganjav01.cbl
GANJIL01,PA,Personal and Advertising Injury Liability,NJ,INQUIRE,BUSINESS-LOGIC,GANJID01,GANJC001,programs/PA/ganjil01.cbl
GANJID01,PA,Personal and Advertising Injury Liability,NJ,INQUIRE,DB2-ACCESS,,GANJC001,programs/PA/ganjid01.cbl
GANJIV01,PA,Personal and Advertising Injury Liability,NJ,INQUIRE,VSAM-ACCESS,,GANJC001,programs/PA/ganjiv01.cbl
GANJUL01,PA,Personal and Advertising Injury Liability,NJ,UPDATE,BUSINESS-LOGIC,GANJUD01,GANJC001,programs/PA/ganjul01.cbl
GANJUD01,PA,Personal and Advertising Injury Liability,NJ,UPDATE,DB2-ACCESS,GANJUV01,GANJC001,programs/PA/ganjud01.cbl
GANJUV01,PA,Personal and Advertising Injury Liability,NJ,UPDATE,VSAM-ACCESS,,GANJC001,programs/PA/ganjuv01.cbl
GANJDL01,PA,Personal and Advertising Injury Liability,NJ,DELETE,BUSINESS-LOGIC,GANJDD01,GANJC001,programs/PA/ganjdl01.cbl
GANJDD01,PA,Personal and Advertising Injury Liability,NJ,DELETE,DB2-ACCESS,GANJDV01,GANJC001,programs/PA/ganjdd01.cbl
GANJDV01,PA,Personal and Advertising Injury Liability,NJ,DELETE,VSAM-ACCESS,,GANJC001,programs/PA/ganjdv01.cbl
GANJRL01,PA,Personal and Advertising Injury Liability,NJ,RATE,BUSINESS-LOGIC,GANJRD01,GANJC001,programs/PA/ganjrl01.cbl
GANJRD01,PA,Personal and Advertising Injury Liability,NJ,RATE,DB2-ACCESS,,GANJC001,programs/PA/ganjrd01.cbl
GANJRV01,PA,Personal and Advertising Injury Liability,NJ,RATE,VSAM-ACCESS,,GANJC001,programs/PA/ganjrv01.cbl
GANMAL01,PA,Personal and Advertising Injury Liability,NM,ADD,BUSINESS-LOGIC,GANMAD01,GANMC001,programs/PA/ganmal01.cbl
GANMAD01,PA,Personal and Advertising Injury Liability,NM,ADD,DB2-ACCESS,GANMAV01,GANMC001,programs/PA/ganmad01.cbl
GANMAV01,PA,Personal and Advertising Injury Liability,NM,ADD,VSAM-ACCESS,,GANMC001,programs/PA/ganmav01.cbl
GANMIL01,PA,Personal and Advertising Injury Liability,NM,INQUIRE,BUSINESS-LOGIC,GANMID01,GANMC001,programs/PA/ganmil01.cbl
GANMID01,PA,Personal and Advertising Injury Liability,NM,INQUIRE,DB2-ACCESS,,GANMC001,programs/PA/ganmid01.cbl
GANMIV01,PA,Personal and Advertising Injury Liability,NM,INQUIRE,VSAM-ACCESS,,GANMC001,programs/PA/ganmiv01.cbl
GANMUL01,PA,Personal and Advertising Injury Liability,NM,UPDATE,BUSINESS-LOGIC,GANMUD01,GANMC001,programs/PA/ganmul01.cbl
GANMUD01,PA,Personal and Advertising Injury Liability,NM,UPDATE,DB2-ACCESS,GANMUV01,GANMC001,programs/PA/ganmud01.cbl
GANMUV01,PA,Personal and Advertising Injury Liability,NM,UPDATE,VSAM-ACCESS,,GANMC001,programs/PA/ganmuv01.cbl
GANMDL01,PA,Personal and Advertising Injury Liability,NM,DELETE,BUSINESS-LOGIC,GANMDD01,GANMC001,programs/PA/ganmdl01.cbl
GANMDD01,PA,Personal and Advertising Injury Liability,NM,DELETE,DB2-ACCESS,GANMDV01,GANMC001,programs/PA/ganmdd01.cbl
GANMDV01,PA,Personal and Advertising Injury Liability,NM,DELETE,VSAM-ACCESS,,GANMC001,programs/PA/ganmdv01.cbl
GANMRL01,PA,Personal and Advertising Injury Liability,NM,RATE,BUSINESS-LOGIC,GANMRD01,GANMC001,programs/PA/ganmrl01.cbl
GANMRD01,PA,Personal and Advertising Injury Liability,NM,RATE,DB2-ACCESS,,GANMC001,programs/PA/ganmrd01.cbl
GANMRV01,PA,Personal and Advertising Injury Liability,NM,RATE,VSAM-ACCESS,,GANMC001,programs/PA/ganmrv01.cbl
GANYAL01,PA,Personal and Advertising Injury Liability,NY,ADD,BUSINESS-LOGIC,GANYAD01,GANYC001,programs/PA/ganyal01.cbl
GANYAD01,PA,Personal and Advertising Injury Liability,NY,ADD,DB2-ACCESS,GANYAV01,GANYC001,programs/PA/ganyad01.cbl
GANYAV01,PA,Personal and Advertising Injury Liability,NY,ADD,VSAM-ACCESS,,GANYC001,programs/PA/ganyav01.cbl
GANYIL01,PA,Personal and Advertising Injury Liability,NY,INQUIRE,BUSINESS-LOGIC,GANYID01,GANYC001,programs/PA/ganyil01.cbl
GANYID01,PA,Personal and Advertising Injury Liability,NY,INQUIRE,DB2-ACCESS,,GANYC001,programs/PA/ganyid01.cbl
GANYIV01,PA,Personal and Advertising Injury Liability,NY,INQUIRE,VSAM-ACCESS,,GANYC001,programs/PA/ganyiv01.cbl
GANYUL01,PA,Personal and Advertising Injury Liability,NY,UPDATE,BUSINESS-LOGIC,GANYUD01,GANYC001,programs/PA/ganyul01.cbl
GANYUD01,PA,Personal and Advertising Injury Liability,NY,UPDATE,DB2-ACCESS,GANYUV01,GANYC001,programs/PA/ganyud01.cbl
GANYUV01,PA,Personal and Advertising Injury Liability,NY,UPDATE,VSAM-ACCESS,,GANYC001,programs/PA/ganyuv01.cbl
GANYDL01,PA,Personal and Advertising Injury Liability,NY,DELETE,BUSINESS-LOGIC,GANYDD01,GANYC001,programs/PA/ganydl01.cbl
GANYDD01,PA,Personal and Advertising Injury Liability,NY,DELETE,DB2-ACCESS,GANYDV01,GANYC001,programs/PA/ganydd01.cbl
GANYDV01,PA,Personal and Advertising Injury Liability,NY,DELETE,VSAM-ACCESS,,GANYC001,programs/PA/ganydv01.cbl
GANYRL01,PA,Personal and Advertising Injury Liability,NY,RATE,BUSINESS-LOGIC,GANYRD01,GANYC001,programs/PA/ganyrl01.cbl
GANYRD01,PA,Personal and Advertising Injury Liability,NY,RATE,DB2-ACCESS,,GANYC001,programs/PA/ganyrd01.cbl
GANYRV01,PA,Personal and Advertising Injury Liability,NY,RATE,VSAM-ACCESS,,GANYC001,programs/PA/ganyrv01.cbl
GANCAL01,PA,Personal and Advertising Injury Liability,NC,ADD,BUSINESS-LOGIC,GANCAD01,GANCC001,programs/PA/gancal01.cbl
GANCAD01,PA,Personal and Advertising Injury Liability,NC,ADD,DB2-ACCESS,GANCAV01,GANCC001,programs/PA/gancad01.cbl
GANCAV01,PA,Personal and Advertising Injury Liability,NC,ADD,VSAM-ACCESS,,GANCC001,programs/PA/gancav01.cbl
GANCIL01,PA,Personal and Advertising Injury Liability,NC,INQUIRE,BUSINESS-LOGIC,GANCID01,GANCC001,programs/PA/gancil01.cbl
GANCID01,PA,Personal and Advertising Injury Liability,NC,INQUIRE,DB2-ACCESS,,GANCC001,programs/PA/gancid01.cbl
GANCIV01,PA,Personal and Advertising Injury Liability,NC,INQUIRE,VSAM-ACCESS,,GANCC001,programs/PA/ganciv01.cbl
GANCUL01,PA,Personal and Advertising Injury Liability,NC,UPDATE,BUSINESS-LOGIC,GANCUD01,GANCC001,programs/PA/gancul01.cbl
GANCUD01,PA,Personal and Advertising Injury Liability,NC,UPDATE,DB2-ACCESS,GANCUV01,GANCC001,programs/PA/gancud01.cbl
GANCUV01,PA,Personal and Advertising Injury Liability,NC,UPDATE,VSAM-ACCESS,,GANCC001,programs/PA/gancuv01.cbl
GANCDL01,PA,Personal and Advertising Injury Liability,NC,DELETE,BUSINESS-LOGIC,GANCDD01,GANCC001,programs/PA/gancdl01.cbl
GANCDD01,PA,Personal and Advertising Injury Liability,NC,DELETE,DB2-ACCESS,GANCDV01,GANCC001,programs/PA/gancdd01.cbl
GANCDV01,PA,Personal and Advertising Injury Liability,NC,DELETE,VSAM-ACCESS,,GANCC001,programs/PA/gancdv01.cbl
GANCRL01,PA,Personal and Advertising Injury Liability,NC,RATE,BUSINESS-LOGIC,GANCRD01,GANCC001,programs/PA/gancrl01.cbl
GANCRD01,PA,Personal and Advertising Injury Liability,NC,RATE,DB2-ACCESS,,GANCC001,programs/PA/gancrd01.cbl
GANCRV01,PA,Personal and Advertising Injury Liability,NC,RATE,VSAM-ACCESS,,GANCC001,programs/PA/gancrv01.cbl
GANDAL01,PA,Personal and Advertising Injury Liability,ND,ADD,BUSINESS-LOGIC,GANDAD01,GANDC001,programs/PA/gandal01.cbl
GANDAD01,PA,Personal and Advertising Injury Liability,ND,ADD,DB2-ACCESS,GANDAV01,GANDC001,programs/PA/gandad01.cbl
GANDAV01,PA,Personal and Advertising Injury Liability,ND,ADD,VSAM-ACCESS,,GANDC001,programs/PA/gandav01.cbl
GANDIL01,PA,Personal and Advertising Injury Liability,ND,INQUIRE,BUSINESS-LOGIC,GANDID01,GANDC001,programs/PA/gandil01.cbl
GANDID01,PA,Personal and Advertising Injury Liability,ND,INQUIRE,DB2-ACCESS,,GANDC001,programs/PA/gandid01.cbl
GANDIV01,PA,Personal and Advertising Injury Liability,ND,INQUIRE,VSAM-ACCESS,,GANDC001,programs/PA/gandiv01.cbl
GANDUL01,PA,Personal and Advertising Injury Liability,ND,UPDATE,BUSINESS-LOGIC,GANDUD01,GANDC001,programs/PA/gandul01.cbl
GANDUD01,PA,Personal and Advertising Injury Liability,ND,UPDATE,DB2-ACCESS,GANDUV01,GANDC001,programs/PA/gandud01.cbl
GANDUV01,PA,Personal and Advertising Injury Liability,ND,UPDATE,VSAM-ACCESS,,GANDC001,programs/PA/ganduv01.cbl
GANDDL01,PA,Personal and Advertising Injury Liability,ND,DELETE,BUSINESS-LOGIC,GANDDD01,GANDC001,programs/PA/ganddl01.cbl
GANDDD01,PA,Personal and Advertising Injury Liability,ND,DELETE,DB2-ACCESS,GANDDV01,GANDC001,programs/PA/ganddd01.cbl
GANDDV01,PA,Personal and Advertising Injury Liability,ND,DELETE,VSAM-ACCESS,,GANDC001,programs/PA/ganddv01.cbl
GANDRL01,PA,Personal and Advertising Injury Liability,ND,RATE,BUSINESS-LOGIC,GANDRD01,GANDC001,programs/PA/gandrl01.cbl
GANDRD01,PA,Personal and Advertising Injury Liability,ND,RATE,DB2-ACCESS,,GANDC001,programs/PA/gandrd01.cbl
GANDRV01,PA,Personal and Advertising Injury Liability,ND,RATE,VSAM-ACCESS,,GANDC001,programs/PA/gandrv01.cbl
GAOHAL01,PA,Personal and Advertising Injury Liability,OH,ADD,BUSINESS-LOGIC,GAOHAD01,GAOHC001,programs/PA/gaohal01.cbl
GAOHAD01,PA,Personal and Advertising Injury Liability,OH,ADD,DB2-ACCESS,GAOHAV01,GAOHC001,programs/PA/gaohad01.cbl
GAOHAV01,PA,Personal and Advertising Injury Liability,OH,ADD,VSAM-ACCESS,,GAOHC001,programs/PA/gaohav01.cbl
GAOHIL01,PA,Personal and Advertising Injury Liability,OH,INQUIRE,BUSINESS-LOGIC,GAOHID01,GAOHC001,programs/PA/gaohil01.cbl
GAOHID01,PA,Personal and Advertising Injury Liability,OH,INQUIRE,DB2-ACCESS,,GAOHC001,programs/PA/gaohid01.cbl
GAOHIV01,PA,Personal and Advertising Injury Liability,OH,INQUIRE,VSAM-ACCESS,,GAOHC001,programs/PA/gaohiv01.cbl
GAOHUL01,PA,Personal and Advertising Injury Liability,OH,UPDATE,BUSINESS-LOGIC,GAOHUD01,GAOHC001,programs/PA/gaohul01.cbl
GAOHUD01,PA,Personal and Advertising Injury Liability,OH,UPDATE,DB2-ACCESS,GAOHUV01,GAOHC001,programs/PA/gaohud01.cbl
GAOHUV01,PA,Personal and Advertising Injury Liability,OH,UPDATE,VSAM-ACCESS,,GAOHC001,programs/PA/gaohuv01.cbl
GAOHDL01,PA,Personal and Advertising Injury Liability,OH,DELETE,BUSINESS-LOGIC,GAOHDD01,GAOHC001,programs/PA/gaohdl01.cbl
GAOHDD01,PA,Personal and Advertising Injury Liability,OH,DELETE,DB2-ACCESS,GAOHDV01,GAOHC001,programs/PA/gaohdd01.cbl
GAOHDV01,PA,Personal and Advertising Injury Liability,OH,DELETE,VSAM-ACCESS,,GAOHC001,programs/PA/gaohdv01.cbl
GAOHRL01,PA,Personal and Advertising Injury Liability,OH,RATE,BUSINESS-LOGIC,GAOHRD01,GAOHC001,programs/PA/gaohrl01.cbl
GAOHRD01,PA,Personal and Advertising Injury Liability,OH,RATE,DB2-ACCESS,,GAOHC001,programs/PA/gaohrd01.cbl
GAOHRV01,PA,Personal and Advertising Injury Liability,OH,RATE,VSAM-ACCESS,,GAOHC001,programs/PA/gaohrv01.cbl
GAOKAL01,PA,Personal and Advertising Injury Liability,OK,ADD,BUSINESS-LOGIC,GAOKAD01,GAOKC001,programs/PA/gaokal01.cbl
GAOKAD01,PA,Personal and Advertising Injury Liability,OK,ADD,DB2-ACCESS,GAOKAV01,GAOKC001,programs/PA/gaokad01.cbl
GAOKAV01,PA,Personal and Advertising Injury Liability,OK,ADD,VSAM-ACCESS,,GAOKC001,programs/PA/gaokav01.cbl
GAOKIL01,PA,Personal and Advertising Injury Liability,OK,INQUIRE,BUSINESS-LOGIC,GAOKID01,GAOKC001,programs/PA/gaokil01.cbl
GAOKID01,PA,Personal and Advertising Injury Liability,OK,INQUIRE,DB2-ACCESS,,GAOKC001,programs/PA/gaokid01.cbl
GAOKIV01,PA,Personal and Advertising Injury Liability,OK,INQUIRE,VSAM-ACCESS,,GAOKC001,programs/PA/gaokiv01.cbl
GAOKUL01,PA,Personal and Advertising Injury Liability,OK,UPDATE,BUSINESS-LOGIC,GAOKUD01,GAOKC001,programs/PA/gaokul01.cbl
GAOKUD01,PA,Personal and Advertising Injury Liability,OK,UPDATE,DB2-ACCESS,GAOKUV01,GAOKC001,programs/PA/gaokud01.cbl
GAOKUV01,PA,Personal and Advertising Injury Liability,OK,UPDATE,VSAM-ACCESS,,GAOKC001,programs/PA/gaokuv01.cbl
GAOKDL01,PA,Personal and Advertising Injury Liability,OK,DELETE,BUSINESS-LOGIC,GAOKDD01,GAOKC001,programs/PA/gaokdl01.cbl
GAOKDD01,PA,Personal and Advertising Injury Liability,OK,DELETE,DB2-ACCESS,GAOKDV01,GAOKC001,programs/PA/gaokdd01.cbl
GAOKDV01,PA,Personal and Advertising Injury Liability,OK,DELETE,VSAM-ACCESS,,GAOKC001,programs/PA/gaokdv01.cbl
GAOKRL01,PA,Personal and Advertising Injury Liability,OK,RATE,BUSINESS-LOGIC,GAOKRD01,GAOKC001,programs/PA/gaokrl01.cbl
GAOKRD01,PA,Personal and Advertising Injury Liability,OK,RATE,DB2-ACCESS,,GAOKC001,programs/PA/gaokrd01.cbl
GAOKRV01,PA,Personal and Advertising Injury Liability,OK,RATE,VSAM-ACCESS,,GAOKC001,programs/PA/gaokrv01.cbl
GAORAL01,PA,Personal and Advertising Injury Liability,OR,ADD,BUSINESS-LOGIC,GAORAD01,GAORC001,programs/PA/gaoral01.cbl
GAORAD01,PA,Personal and Advertising Injury Liability,OR,ADD,DB2-ACCESS,GAORAV01,GAORC001,programs/PA/gaorad01.cbl
GAORAV01,PA,Personal and Advertising Injury Liability,OR,ADD,VSAM-ACCESS,,GAORC001,programs/PA/gaorav01.cbl
GAORIL01,PA,Personal and Advertising Injury Liability,OR,INQUIRE,BUSINESS-LOGIC,GAORID01,GAORC001,programs/PA/gaoril01.cbl
GAORID01,PA,Personal and Advertising Injury Liability,OR,INQUIRE,DB2-ACCESS,,GAORC001,programs/PA/gaorid01.cbl
GAORIV01,PA,Personal and Advertising Injury Liability,OR,INQUIRE,VSAM-ACCESS,,GAORC001,programs/PA/gaoriv01.cbl
GAORUL01,PA,Personal and Advertising Injury Liability,OR,UPDATE,BUSINESS-LOGIC,GAORUD01,GAORC001,programs/PA/gaorul01.cbl
GAORUD01,PA,Personal and Advertising Injury Liability,OR,UPDATE,DB2-ACCESS,GAORUV01,GAORC001,programs/PA/gaorud01.cbl
GAORUV01,PA,Personal and Advertising Injury Liability,OR,UPDATE,VSAM-ACCESS,,GAORC001,programs/PA/gaoruv01.cbl
GAORDL01,PA,Personal and Advertising Injury Liability,OR,DELETE,BUSINESS-LOGIC,GAORDD01,GAORC001,programs/PA/gaordl01.cbl
GAORDD01,PA,Personal and Advertising Injury Liability,OR,DELETE,DB2-ACCESS,GAORDV01,GAORC001,programs/PA/gaordd01.cbl
GAORDV01,PA,Personal and Advertising Injury Liability,OR,DELETE,VSAM-ACCESS,,GAORC001,programs/PA/gaordv01.cbl
GAORRL01,PA,Personal and Advertising Injury Liability,OR,RATE,BUSINESS-LOGIC,GAORRD01,GAORC001,programs/PA/gaorrl01.cbl
GAORRD01,PA,Personal and Advertising Injury Liability,OR,RATE,DB2-ACCESS,,GAORC001,programs/PA/gaorrd01.cbl
GAORRV01,PA,Personal and Advertising Injury Liability,OR,RATE,VSAM-ACCESS,,GAORC001,programs/PA/gaorrv01.cbl
GAPAAL01,PA,Personal and Advertising Injury Liability,PA,ADD,BUSINESS-LOGIC,GAPAAD01,GAPAC001,programs/PA/gapaal01.cbl
GAPAAD01,PA,Personal and Advertising Injury Liability,PA,ADD,DB2-ACCESS,GAPAAV01,GAPAC001,programs/PA/gapaad01.cbl
GAPAAV01,PA,Personal and Advertising Injury Liability,PA,ADD,VSAM-ACCESS,,GAPAC001,programs/PA/gapaav01.cbl
GAPAIL01,PA,Personal and Advertising Injury Liability,PA,INQUIRE,BUSINESS-LOGIC,GAPAID01,GAPAC001,programs/PA/gapail01.cbl
GAPAID01,PA,Personal and Advertising Injury Liability,PA,INQUIRE,DB2-ACCESS,,GAPAC001,programs/PA/gapaid01.cbl
GAPAIV01,PA,Personal and Advertising Injury Liability,PA,INQUIRE,VSAM-ACCESS,,GAPAC001,programs/PA/gapaiv01.cbl
GAPAUL01,PA,Personal and Advertising Injury Liability,PA,UPDATE,BUSINESS-LOGIC,GAPAUD01,GAPAC001,programs/PA/gapaul01.cbl
GAPAUD01,PA,Personal and Advertising Injury Liability,PA,UPDATE,DB2-ACCESS,GAPAUV01,GAPAC001,programs/PA/gapaud01.cbl
GAPAUV01,PA,Personal and Advertising Injury Liability,PA,UPDATE,VSAM-ACCESS,,GAPAC001,programs/PA/gapauv01.cbl
GAPADL01,PA,Personal and Advertising Injury Liability,PA,DELETE,BUSINESS-LOGIC,GAPADD01,GAPAC001,programs/PA/gapadl01.cbl
GAPADD01,PA,Personal and Advertising Injury Liability,PA,DELETE,DB2-ACCESS,GAPADV01,GAPAC001,programs/PA/gapadd01.cbl
GAPADV01,PA,Personal and Advertising Injury Liability,PA,DELETE,VSAM-ACCESS,,GAPAC001,programs/PA/gapadv01.cbl
GAPARL01,PA,Personal and Advertising Injury Liability,PA,RATE,BUSINESS-LOGIC,GAPARD01,GAPAC001,programs/PA/gaparl01.cbl
GAPARD01,PA,Personal and Advertising Injury Liability,PA,RATE,DB2-ACCESS,,GAPAC001,programs/PA/gapard01.cbl
GAPARV01,PA,Personal and Advertising Injury Liability,PA,RATE,VSAM-ACCESS,,GAPAC001,programs/PA/gaparv01.cbl
GARIAL01,PA,Personal and Advertising Injury Liability,RI,ADD,BUSINESS-LOGIC,GARIAD01,GARIC001,programs/PA/garial01.cbl
GARIAD01,PA,Personal and Advertising Injury Liability,RI,ADD,DB2-ACCESS,GARIAV01,GARIC001,programs/PA/gariad01.cbl
GARIAV01,PA,Personal and Advertising Injury Liability,RI,ADD,VSAM-ACCESS,,GARIC001,programs/PA/gariav01.cbl
GARIIL01,PA,Personal and Advertising Injury Liability,RI,INQUIRE,BUSINESS-LOGIC,GARIID01,GARIC001,programs/PA/gariil01.cbl
GARIID01,PA,Personal and Advertising Injury Liability,RI,INQUIRE,DB2-ACCESS,,GARIC001,programs/PA/gariid01.cbl
GARIIV01,PA,Personal and Advertising Injury Liability,RI,INQUIRE,VSAM-ACCESS,,GARIC001,programs/PA/gariiv01.cbl
GARIUL01,PA,Personal and Advertising Injury Liability,RI,UPDATE,BUSINESS-LOGIC,GARIUD01,GARIC001,programs/PA/gariul01.cbl
GARIUD01,PA,Personal and Advertising Injury Liability,RI,UPDATE,DB2-ACCESS,GARIUV01,GARIC001,programs/PA/gariud01.cbl
GARIUV01,PA,Personal and Advertising Injury Liability,RI,UPDATE,VSAM-ACCESS,,GARIC001,programs/PA/gariuv01.cbl
GARIDL01,PA,Personal and Advertising Injury Liability,RI,DELETE,BUSINESS-LOGIC,GARIDD01,GARIC001,programs/PA/garidl01.cbl
GARIDD01,PA,Personal and Advertising Injury Liability,RI,DELETE,DB2-ACCESS,GARIDV01,GARIC001,programs/PA/garidd01.cbl
GARIDV01,PA,Personal and Advertising Injury Liability,RI,DELETE,VSAM-ACCESS,,GARIC001,programs/PA/garidv01.cbl
GARIRL01,PA,Personal and Advertising Injury Liability,RI,RATE,BUSINESS-LOGIC,GARIRD01,GARIC001,programs/PA/garirl01.cbl
GARIRD01,PA,Personal and Advertising Injury Liability,RI,RATE,DB2-ACCESS,,GARIC001,programs/PA/garird01.cbl
GARIRV01,PA,Personal and Advertising Injury Liability,RI,RATE,VSAM-ACCESS,,GARIC001,programs/PA/garirv01.cbl
GASCAL01,PA,Personal and Advertising Injury Liability,SC,ADD,BUSINESS-LOGIC,GASCAD01,GASCC001,programs/PA/gascal01.cbl
GASCAD01,PA,Personal and Advertising Injury Liability,SC,ADD,DB2-ACCESS,GASCAV01,GASCC001,programs/PA/gascad01.cbl
GASCAV01,PA,Personal and Advertising Injury Liability,SC,ADD,VSAM-ACCESS,,GASCC001,programs/PA/gascav01.cbl
GASCIL01,PA,Personal and Advertising Injury Liability,SC,INQUIRE,BUSINESS-LOGIC,GASCID01,GASCC001,programs/PA/gascil01.cbl
GASCID01,PA,Personal and Advertising Injury Liability,SC,INQUIRE,DB2-ACCESS,,GASCC001,programs/PA/gascid01.cbl
GASCIV01,PA,Personal and Advertising Injury Liability,SC,INQUIRE,VSAM-ACCESS,,GASCC001,programs/PA/gasciv01.cbl
GASCUL01,PA,Personal and Advertising Injury Liability,SC,UPDATE,BUSINESS-LOGIC,GASCUD01,GASCC001,programs/PA/gascul01.cbl
GASCUD01,PA,Personal and Advertising Injury Liability,SC,UPDATE,DB2-ACCESS,GASCUV01,GASCC001,programs/PA/gascud01.cbl
GASCUV01,PA,Personal and Advertising Injury Liability,SC,UPDATE,VSAM-ACCESS,,GASCC001,programs/PA/gascuv01.cbl
GASCDL01,PA,Personal and Advertising Injury Liability,SC,DELETE,BUSINESS-LOGIC,GASCDD01,GASCC001,programs/PA/gascdl01.cbl
GASCDD01,PA,Personal and Advertising Injury Liability,SC,DELETE,DB2-ACCESS,GASCDV01,GASCC001,programs/PA/gascdd01.cbl
GASCDV01,PA,Personal and Advertising Injury Liability,SC,DELETE,VSAM-ACCESS,,GASCC001,programs/PA/gascdv01.cbl
GASCRL01,PA,Personal and Advertising Injury Liability,SC,RATE,BUSINESS-LOGIC,GASCRD01,GASCC001,programs/PA/gascrl01.cbl
GASCRD01,PA,Personal and Advertising Injury Liability,SC,RATE,DB2-ACCESS,,GASCC001,programs/PA/gascrd01.cbl
GASCRV01,PA,Personal and Advertising Injury Liability,SC,RATE,VSAM-ACCESS,,GASCC001,programs/PA/gascrv01.cbl
GASDAL01,PA,Personal and Advertising Injury Liability,SD,ADD,BUSINESS-LOGIC,GASDAD01,GASDC001,programs/PA/gasdal01.cbl
GASDAD01,PA,Personal and Advertising Injury Liability,SD,ADD,DB2-ACCESS,GASDAV01,GASDC001,programs/PA/gasdad01.cbl
GASDAV01,PA,Personal and Advertising Injury Liability,SD,ADD,VSAM-ACCESS,,GASDC001,programs/PA/gasdav01.cbl
GASDIL01,PA,Personal and Advertising Injury Liability,SD,INQUIRE,BUSINESS-LOGIC,GASDID01,GASDC001,programs/PA/gasdil01.cbl
GASDID01,PA,Personal and Advertising Injury Liability,SD,INQUIRE,DB2-ACCESS,,GASDC001,programs/PA/gasdid01.cbl
GASDIV01,PA,Personal and Advertising Injury Liability,SD,INQUIRE,VSAM-ACCESS,,GASDC001,programs/PA/gasdiv01.cbl
GASDUL01,PA,Personal and Advertising Injury Liability,SD,UPDATE,BUSINESS-LOGIC,GASDUD01,GASDC001,programs/PA/gasdul01.cbl
GASDUD01,PA,Personal and Advertising Injury Liability,SD,UPDATE,DB2-ACCESS,GASDUV01,GASDC001,programs/PA/gasdud01.cbl
GASDUV01,PA,Personal and Advertising Injury Liability,SD,UPDATE,VSAM-ACCESS,,GASDC001,programs/PA/gasduv01.cbl
GASDDL01,PA,Personal and Advertising Injury Liability,SD,DELETE,BUSINESS-LOGIC,GASDDD01,GASDC001,programs/PA/gasddl01.cbl
GASDDD01,PA,Personal and Advertising Injury Liability,SD,DELETE,DB2-ACCESS,GASDDV01,GASDC001,programs/PA/gasddd01.cbl
GASDDV01,PA,Personal and Advertising Injury Liability,SD,DELETE,VSAM-ACCESS,,GASDC001,programs/PA/gasddv01.cbl
GASDRL01,PA,Personal and Advertising Injury Liability,SD,RATE,BUSINESS-LOGIC,GASDRD01,GASDC001,programs/PA/gasdrl01.cbl
GASDRD01,PA,Personal and Advertising Injury Liability,SD,RATE,DB2-ACCESS,,GASDC001,programs/PA/gasdrd01.cbl
GASDRV01,PA,Personal and Advertising Injury Liability,SD,RATE,VSAM-ACCESS,,GASDC001,programs/PA/gasdrv01.cbl
GATNAL01,PA,Personal and Advertising Injury Liability,TN,ADD,BUSINESS-LOGIC,GATNAD01,GATNC001,programs/PA/gatnal01.cbl
GATNAD01,PA,Personal and Advertising Injury Liability,TN,ADD,DB2-ACCESS,GATNAV01,GATNC001,programs/PA/gatnad01.cbl
GATNAV01,PA,Personal and Advertising Injury Liability,TN,ADD,VSAM-ACCESS,,GATNC001,programs/PA/gatnav01.cbl
GATNIL01,PA,Personal and Advertising Injury Liability,TN,INQUIRE,BUSINESS-LOGIC,GATNID01,GATNC001,programs/PA/gatnil01.cbl
GATNID01,PA,Personal and Advertising Injury Liability,TN,INQUIRE,DB2-ACCESS,,GATNC001,programs/PA/gatnid01.cbl
GATNIV01,PA,Personal and Advertising Injury Liability,TN,INQUIRE,VSAM-ACCESS,,GATNC001,programs/PA/gatniv01.cbl
GATNUL01,PA,Personal and Advertising Injury Liability,TN,UPDATE,BUSINESS-LOGIC,GATNUD01,GATNC001,programs/PA/gatnul01.cbl
GATNUD01,PA,Personal and Advertising Injury Liability,TN,UPDATE,DB2-ACCESS,GATNUV01,GATNC001,programs/PA/gatnud01.cbl
GATNUV01,PA,Personal and Advertising Injury Liability,TN,UPDATE,VSAM-ACCESS,,GATNC001,programs/PA/gatnuv01.cbl
GATNDL01,PA,Personal and Advertising Injury Liability,TN,DELETE,BUSINESS-LOGIC,GATNDD01,GATNC001,programs/PA/gatndl01.cbl
GATNDD01,PA,Personal and Advertising Injury Liability,TN,DELETE,DB2-ACCESS,GATNDV01,GATNC001,programs/PA/gatndd01.cbl
GATNDV01,PA,Personal and Advertising Injury Liability,TN,DELETE,VSAM-ACCESS,,GATNC001,programs/PA/gatndv01.cbl
GATNRL01,PA,Personal and Advertising Injury Liability,TN,RATE,BUSINESS-LOGIC,GATNRD01,GATNC001,programs/PA/gatnrl01.cbl
GATNRD01,PA,Personal and Advertising Injury Liability,TN,RATE,DB2-ACCESS,,GATNC001,programs/PA/gatnrd01.cbl
GATNRV01,PA,Personal and Advertising Injury Liability,TN,RATE,VSAM-ACCESS,,GATNC001,programs/PA/gatnrv01.cbl
GATXAL01,PA,Personal and Advertising Injury Liability,TX,ADD,BUSINESS-LOGIC,GATXAD01,GATXC001,programs/PA/gatxal01.cbl
GATXAD01,PA,Personal and Advertising Injury Liability,TX,ADD,DB2-ACCESS,GATXAV01,GATXC001,programs/PA/gatxad01.cbl
GATXAV01,PA,Personal and Advertising Injury Liability,TX,ADD,VSAM-ACCESS,,GATXC001,programs/PA/gatxav01.cbl
GATXIL01,PA,Personal and Advertising Injury Liability,TX,INQUIRE,BUSINESS-LOGIC,GATXID01,GATXC001,programs/PA/gatxil01.cbl
GATXID01,PA,Personal and Advertising Injury Liability,TX,INQUIRE,DB2-ACCESS,,GATXC001,programs/PA/gatxid01.cbl
GATXIV01,PA,Personal and Advertising Injury Liability,TX,INQUIRE,VSAM-ACCESS,,GATXC001,programs/PA/gatxiv01.cbl
GATXUL01,PA,Personal and Advertising Injury Liability,TX,UPDATE,BUSINESS-LOGIC,GATXUD01,GATXC001,programs/PA/gatxul01.cbl
GATXUD01,PA,Personal and Advertising Injury Liability,TX,UPDATE,DB2-ACCESS,GATXUV01,GATXC001,programs/PA/gatxud01.cbl
GATXUV01,PA,Personal and Advertising Injury Liability,TX,UPDATE,VSAM-ACCESS,,GATXC001,programs/PA/gatxuv01.cbl
GATXDL01,PA,Personal and Advertising Injury Liability,TX,DELETE,BUSINESS-LOGIC,GATXDD01,GATXC001,programs/PA/gatxdl01.cbl
GATXDD01,PA,Personal and Advertising Injury Liability,TX,DELETE,DB2-ACCESS,GATXDV01,GATXC001,programs/PA/gatxdd01.cbl
GATXDV01,PA,Personal and Advertising Injury Liability,TX,DELETE,VSAM-ACCESS,,GATXC001,programs/PA/gatxdv01.cbl
GATXRL01,PA,Personal and Advertising Injury Liability,TX,RATE,BUSINESS-LOGIC,GATXRD01,GATXC001,programs/PA/gatxrl01.cbl
GATXRD01,PA,Personal and Advertising Injury Liability,TX,RATE,DB2-ACCESS,,GATXC001,programs/PA/gatxrd01.cbl
GATXRV01,PA,Personal and Advertising Injury Liability,TX,RATE,VSAM-ACCESS,,GATXC001,programs/PA/gatxrv01.cbl
GAUTAL01,PA,Personal and Advertising Injury Liability,UT,ADD,BUSINESS-LOGIC,GAUTAD01,GAUTC001,programs/PA/gautal01.cbl
GAUTAD01,PA,Personal and Advertising Injury Liability,UT,ADD,DB2-ACCESS,GAUTAV01,GAUTC001,programs/PA/gautad01.cbl
GAUTAV01,PA,Personal and Advertising Injury Liability,UT,ADD,VSAM-ACCESS,,GAUTC001,programs/PA/gautav01.cbl
GAUTIL01,PA,Personal and Advertising Injury Liability,UT,INQUIRE,BUSINESS-LOGIC,GAUTID01,GAUTC001,programs/PA/gautil01.cbl
GAUTID01,PA,Personal and Advertising Injury Liability,UT,INQUIRE,DB2-ACCESS,,GAUTC001,programs/PA/gautid01.cbl
GAUTIV01,PA,Personal and Advertising Injury Liability,UT,INQUIRE,VSAM-ACCESS,,GAUTC001,programs/PA/gautiv01.cbl
GAUTUL01,PA,Personal and Advertising Injury Liability,UT,UPDATE,BUSINESS-LOGIC,GAUTUD01,GAUTC001,programs/PA/gautul01.cbl
GAUTUD01,PA,Personal and Advertising Injury Liability,UT,UPDATE,DB2-ACCESS,GAUTUV01,GAUTC001,programs/PA/gautud01.cbl
GAUTUV01,PA,Personal and Advertising Injury Liability,UT,UPDATE,VSAM-ACCESS,,GAUTC001,programs/PA/gautuv01.cbl
GAUTDL01,PA,Personal and Advertising Injury Liability,UT,DELETE,BUSINESS-LOGIC,GAUTDD01,GAUTC001,programs/PA/gautdl01.cbl
GAUTDD01,PA,Personal and Advertising Injury Liability,UT,DELETE,DB2-ACCESS,GAUTDV01,GAUTC001,programs/PA/gautdd01.cbl
GAUTDV01,PA,Personal and Advertising Injury Liability,UT,DELETE,VSAM-ACCESS,,GAUTC001,programs/PA/gautdv01.cbl
GAUTRL01,PA,Personal and Advertising Injury Liability,UT,RATE,BUSINESS-LOGIC,GAUTRD01,GAUTC001,programs/PA/gautrl01.cbl
GAUTRD01,PA,Personal and Advertising Injury Liability,UT,RATE,DB2-ACCESS,,GAUTC001,programs/PA/gautrd01.cbl
GAUTRV01,PA,Personal and Advertising Injury Liability,UT,RATE,VSAM-ACCESS,,GAUTC001,programs/PA/gautrv01.cbl
GAVTAL01,PA,Personal and Advertising Injury Liability,VT,ADD,BUSINESS-LOGIC,GAVTAD01,GAVTC001,programs/PA/gavtal01.cbl
GAVTAD01,PA,Personal and Advertising Injury Liability,VT,ADD,DB2-ACCESS,GAVTAV01,GAVTC001,programs/PA/gavtad01.cbl
GAVTAV01,PA,Personal and Advertising Injury Liability,VT,ADD,VSAM-ACCESS,,GAVTC001,programs/PA/gavtav01.cbl
GAVTIL01,PA,Personal and Advertising Injury Liability,VT,INQUIRE,BUSINESS-LOGIC,GAVTID01,GAVTC001,programs/PA/gavtil01.cbl
GAVTID01,PA,Personal and Advertising Injury Liability,VT,INQUIRE,DB2-ACCESS,,GAVTC001,programs/PA/gavtid01.cbl
GAVTIV01,PA,Personal and Advertising Injury Liability,VT,INQUIRE,VSAM-ACCESS,,GAVTC001,programs/PA/gavtiv01.cbl
GAVTUL01,PA,Personal and Advertising Injury Liability,VT,UPDATE,BUSINESS-LOGIC,GAVTUD01,GAVTC001,programs/PA/gavtul01.cbl
GAVTUD01,PA,Personal and Advertising Injury Liability,VT,UPDATE,DB2-ACCESS,GAVTUV01,GAVTC001,programs/PA/gavtud01.cbl
GAVTUV01,PA,Personal and Advertising Injury Liability,VT,UPDATE,VSAM-ACCESS,,GAVTC001,programs/PA/gavtuv01.cbl
GAVTDL01,PA,Personal and Advertising Injury Liability,VT,DELETE,BUSINESS-LOGIC,GAVTDD01,GAVTC001,programs/PA/gavtdl01.cbl
GAVTDD01,PA,Personal and Advertising Injury Liability,VT,DELETE,DB2-ACCESS,GAVTDV01,GAVTC001,programs/PA/gavtdd01.cbl
GAVTDV01,PA,Personal and Advertising Injury Liability,VT,DELETE,VSAM-ACCESS,,GAVTC001,programs/PA/gavtdv01.cbl
GAVTRL01,PA,Personal and Advertising Injury Liability,VT,RATE,BUSINESS-LOGIC,GAVTRD01,GAVTC001,programs/PA/gavtrl01.cbl
GAVTRD01,PA,Personal and Advertising Injury Liability,VT,RATE,DB2-ACCESS,,GAVTC001,programs/PA/gavtrd01.cbl
GAVTRV01,PA,Personal and Advertising Injury Liability,VT,RATE,VSAM-ACCESS,,GAVTC001,programs/PA/gavtrv01.cbl
GAVAAL01,PA,Personal and Advertising Injury Liability,VA,ADD,BUSINESS-LOGIC,GAVAAD01,GAVAC001,programs/PA/gavaal01.cbl
GAVAAD01,PA,Personal and Advertising Injury Liability,VA,ADD,DB2-ACCESS,GAVAAV01,GAVAC001,programs/PA/gavaad01.cbl
GAVAAV01,PA,Personal and Advertising Injury Liability,VA,ADD,VSAM-ACCESS,,GAVAC001,programs/PA/gavaav01.cbl
GAVAIL01,PA,Personal and Advertising Injury Liability,VA,INQUIRE,BUSINESS-LOGIC,GAVAID01,GAVAC001,programs/PA/gavail01.cbl
GAVAID01,PA,Personal and Advertising Injury Liability,VA,INQUIRE,DB2-ACCESS,,GAVAC001,programs/PA/gavaid01.cbl
GAVAIV01,PA,Personal and Advertising Injury Liability,VA,INQUIRE,VSAM-ACCESS,,GAVAC001,programs/PA/gavaiv01.cbl
GAVAUL01,PA,Personal and Advertising Injury Liability,VA,UPDATE,BUSINESS-LOGIC,GAVAUD01,GAVAC001,programs/PA/gavaul01.cbl
GAVAUD01,PA,Personal and Advertising Injury Liability,VA,UPDATE,DB2-ACCESS,GAVAUV01,GAVAC001,programs/PA/gavaud01.cbl
GAVAUV01,PA,Personal and Advertising Injury Liability,VA,UPDATE,VSAM-ACCESS,,GAVAC001,programs/PA/gavauv01.cbl
GAVADL01,PA,Personal and Advertising Injury Liability,VA,DELETE,BUSINESS-LOGIC,GAVADD01,GAVAC001,programs/PA/gavadl01.cbl
GAVADD01,PA,Personal and Advertising Injury Liability,VA,DELETE,DB2-ACCESS,GAVADV01,GAVAC001,programs/PA/gavadd01.cbl
GAVADV01,PA,Personal and Advertising Injury Liability,VA,DELETE,VSAM-ACCESS,,GAVAC001,programs/PA/gavadv01.cbl
GAVARL01,PA,Personal and Advertising Injury Liability,VA,RATE,BUSINESS-LOGIC,GAVARD01,GAVAC001,programs/PA/gavarl01.cbl
GAVARD01,PA,Personal and Advertising Injury Liability,VA,RATE,DB2-ACCESS,,GAVAC001,programs/PA/gavard01.cbl
GAVARV01,PA,Personal and Advertising Injury Liability,VA,RATE,VSAM-ACCESS,,GAVAC001,programs/PA/gavarv01.cbl
GAWAAL01,PA,Personal and Advertising Injury Liability,WA,ADD,BUSINESS-LOGIC,GAWAAD01,GAWAC001,programs/PA/gawaal01.cbl
GAWAAD01,PA,Personal and Advertising Injury Liability,WA,ADD,DB2-ACCESS,GAWAAV01,GAWAC001,programs/PA/gawaad01.cbl
GAWAAV01,PA,Personal and Advertising Injury Liability,WA,ADD,VSAM-ACCESS,,GAWAC001,programs/PA/gawaav01.cbl
GAWAIL01,PA,Personal and Advertising Injury Liability,WA,INQUIRE,BUSINESS-LOGIC,GAWAID01,GAWAC001,programs/PA/gawail01.cbl
GAWAID01,PA,Personal and Advertising Injury Liability,WA,INQUIRE,DB2-ACCESS,,GAWAC001,programs/PA/gawaid01.cbl
GAWAIV01,PA,Personal and Advertising Injury Liability,WA,INQUIRE,VSAM-ACCESS,,GAWAC001,programs/PA/gawaiv01.cbl
GAWAUL01,PA,Personal and Advertising Injury Liability,WA,UPDATE,BUSINESS-LOGIC,GAWAUD01,GAWAC001,programs/PA/gawaul01.cbl
GAWAUD01,PA,Personal and Advertising Injury Liability,WA,UPDATE,DB2-ACCESS,GAWAUV01,GAWAC001,programs/PA/gawaud01.cbl
GAWAUV01,PA,Personal and Advertising Injury Liability,WA,UPDATE,VSAM-ACCESS,,GAWAC001,programs/PA/gawauv01.cbl
GAWADL01,PA,Personal and Advertising Injury Liability,WA,DELETE,BUSINESS-LOGIC,GAWADD01,GAWAC001,programs/PA/gawadl01.cbl
GAWADD01,PA,Personal and Advertising Injury Liability,WA,DELETE,DB2-ACCESS,GAWADV01,GAWAC001,programs/PA/gawadd01.cbl
GAWADV01,PA,Personal and Advertising Injury Liability,WA,DELETE,VSAM-ACCESS,,GAWAC001,programs/PA/gawadv01.cbl
GAWARL01,PA,Personal and Advertising Injury Liability,WA,RATE,BUSINESS-LOGIC,GAWARD01,GAWAC001,programs/PA/gawarl01.cbl
GAWARD01,PA,Personal and Advertising Injury Liability,WA,RATE,DB2-ACCESS,,GAWAC001,programs/PA/gaward01.cbl
GAWARV01,PA,Personal and Advertising Injury Liability,WA,RATE,VSAM-ACCESS,,GAWAC001,programs/PA/gawarv01.cbl
GAWVAL01,PA,Personal and Advertising Injury Liability,WV,ADD,BUSINESS-LOGIC,GAWVAD01,GAWVC001,programs/PA/gawval01.cbl
GAWVAD01,PA,Personal and Advertising Injury Liability,WV,ADD,DB2-ACCESS,GAWVAV01,GAWVC001,programs/PA/gawvad01.cbl
GAWVAV01,PA,Personal and Advertising Injury Liability,WV,ADD,VSAM-ACCESS,,GAWVC001,programs/PA/gawvav01.cbl
GAWVIL01,PA,Personal and Advertising Injury Liability,WV,INQUIRE,BUSINESS-LOGIC,GAWVID01,GAWVC001,programs/PA/gawvil01.cbl
GAWVID01,PA,Personal and Advertising Injury Liability,WV,INQUIRE,DB2-ACCESS,,GAWVC001,programs/PA/gawvid01.cbl
GAWVIV01,PA,Personal and Advertising Injury Liability,WV,INQUIRE,VSAM-ACCESS,,GAWVC001,programs/PA/gawviv01.cbl
GAWVUL01,PA,Personal and Advertising Injury Liability,WV,UPDATE,BUSINESS-LOGIC,GAWVUD01,GAWVC001,programs/PA/gawvul01.cbl
GAWVUD01,PA,Personal and Advertising Injury Liability,WV,UPDATE,DB2-ACCESS,GAWVUV01,GAWVC001,programs/PA/gawvud01.cbl
GAWVUV01,PA,Personal and Advertising Injury Liability,WV,UPDATE,VSAM-ACCESS,,GAWVC001,programs/PA/gawvuv01.cbl
GAWVDL01,PA,Personal and Advertising Injury Liability,WV,DELETE,BUSINESS-LOGIC,GAWVDD01,GAWVC001,programs/PA/gawvdl01.cbl
GAWVDD01,PA,Personal and Advertising Injury Liability,WV,DELETE,DB2-ACCESS,GAWVDV01,GAWVC001,programs/PA/gawvdd01.cbl
GAWVDV01,PA,Personal and Advertising Injury Liability,WV,DELETE,VSAM-ACCESS,,GAWVC001,programs/PA/gawvdv01.cbl
GAWVRL01,PA,Personal and Advertising Injury Liability,WV,RATE,BUSINESS-LOGIC,GAWVRD01,GAWVC001,programs/PA/gawvrl01.cbl
GAWVRD01,PA,Personal and Advertising Injury Liability,WV,RATE,DB2-ACCESS,,GAWVC001,programs/PA/gawvrd01.cbl
GAWVRV01,PA,Personal and Advertising Injury Liability,WV,RATE,VSAM-ACCESS,,GAWVC001,programs/PA/gawvrv01.cbl
GAWIAL01,PA,Personal and Advertising Injury Liability,WI,ADD,BUSINESS-LOGIC,GAWIAD01,GAWIC001,programs/PA/gawial01.cbl
GAWIAD01,PA,Personal and Advertising Injury Liability,WI,ADD,DB2-ACCESS,GAWIAV01,GAWIC001,programs/PA/gawiad01.cbl
GAWIAV01,PA,Personal and Advertising Injury Liability,WI,ADD,VSAM-ACCESS,,GAWIC001,programs/PA/gawiav01.cbl
GAWIIL01,PA,Personal and Advertising Injury Liability,WI,INQUIRE,BUSINESS-LOGIC,GAWIID01,GAWIC001,programs/PA/gawiil01.cbl
GAWIID01,PA,Personal and Advertising Injury Liability,WI,INQUIRE,DB2-ACCESS,,GAWIC001,programs/PA/gawiid01.cbl
GAWIIV01,PA,Personal and Advertising Injury Liability,WI,INQUIRE,VSAM-ACCESS,,GAWIC001,programs/PA/gawiiv01.cbl
GAWIUL01,PA,Personal and Advertising Injury Liability,WI,UPDATE,BUSINESS-LOGIC,GAWIUD01,GAWIC001,programs/PA/gawiul01.cbl
GAWIUD01,PA,Personal and Advertising Injury Liability,WI,UPDATE,DB2-ACCESS,GAWIUV01,GAWIC001,programs/PA/gawiud01.cbl
GAWIUV01,PA,Personal and Advertising Injury Liability,WI,UPDATE,VSAM-ACCESS,,GAWIC001,programs/PA/gawiuv01.cbl
GAWIDL01,PA,Personal and Advertising Injury Liability,WI,DELETE,BUSINESS-LOGIC,GAWIDD01,GAWIC001,programs/PA/gawidl01.cbl
GAWIDD01,PA,Personal and Advertising Injury Liability,WI,DELETE,DB2-ACCESS,GAWIDV01,GAWIC001,programs/PA/gawidd01.cbl
GAWIDV01,PA,Personal and Advertising Injury Liability,WI,DELETE,VSAM-ACCESS,,GAWIC001,programs/PA/gawidv01.cbl
GAWIRL01,PA,Personal and Advertising Injury Liability,WI,RATE,BUSINESS-LOGIC,GAWIRD01,GAWIC001,programs/PA/gawirl01.cbl
GAWIRD01,PA,Personal and Advertising Injury Liability,WI,RATE,DB2-ACCESS,,GAWIC001,programs/PA/gawird01.cbl
GAWIRV01,PA,Personal and Advertising Injury Liability,WI,RATE,VSAM-ACCESS,,GAWIC001,programs/PA/gawirv01.cbl
GAWYAL01,PA,Personal and Advertising Injury Liability,WY,ADD,BUSINESS-LOGIC,GAWYAD01,GAWYC001,programs/PA/gawyal01.cbl
GAWYAD01,PA,Personal and Advertising Injury Liability,WY,ADD,DB2-ACCESS,GAWYAV01,GAWYC001,programs/PA/gawyad01.cbl
GAWYAV01,PA,Personal and Advertising Injury Liability,WY,ADD,VSAM-ACCESS,,GAWYC001,programs/PA/gawyav01.cbl
GAWYIL01,PA,Personal and Advertising Injury Liability,WY,INQUIRE,BUSINESS-LOGIC,GAWYID01,GAWYC001,programs/PA/gawyil01.cbl
GAWYID01,PA,Personal and Advertising Injury Liability,WY,INQUIRE,DB2-ACCESS,,GAWYC001,programs/PA/gawyid01.cbl
GAWYIV01,PA,Personal and Advertising Injury Liability,WY,INQUIRE,VSAM-ACCESS,,GAWYC001,programs/PA/gawyiv01.cbl
GAWYUL01,PA,Personal and Advertising Injury Liability,WY,UPDATE,BUSINESS-LOGIC,GAWYUD01,GAWYC001,programs/PA/gawyul01.cbl
GAWYUD01,PA,Personal and Advertising Injury Liability,WY,UPDATE,DB2-ACCESS,GAWYUV01,GAWYC001,programs/PA/gawyud01.cbl
GAWYUV01,PA,Personal and Advertising Injury Liability,WY,UPDATE,VSAM-ACCESS,,GAWYC001,programs/PA/gawyuv01.cbl
GAWYDL01,PA,Personal and Advertising Injury Liability,WY,DELETE,BUSINESS-LOGIC,GAWYDD01,GAWYC001,programs/PA/gawydl01.cbl
GAWYDD01,PA,Personal and Advertising Injury Liability,WY,DELETE,DB2-ACCESS,GAWYDV01,GAWYC001,programs/PA/gawydd01.cbl
GAWYDV01,PA,Personal and Advertising Injury Liability,WY,DELETE,VSAM-ACCESS,,GAWYC001,programs/PA/gawydv01.cbl
GAWYRL01,PA,Personal and Advertising Injury Liability,WY,RATE,BUSINESS-LOGIC,GAWYRD01,GAWYC001,programs/PA/gawyrl01.cbl
GAWYRD01,PA,Personal and Advertising Injury Liability,WY,RATE,DB2-ACCESS,,GAWYC001,programs/PA/gawyrd01.cbl
GAWYRV01,PA,Personal and Advertising Injury Liability,WY,RATE,VSAM-ACCESS,,GAWYC001,programs/PA/gawyrv01.cbl
GMALAL01,MP,Medical Payments,AL,ADD,BUSINESS-LOGIC,GMALAD01,GMALC001,programs/MP/gmalal01.cbl
GMALAD01,MP,Medical Payments,AL,ADD,DB2-ACCESS,GMALAV01,GMALC001,programs/MP/gmalad01.cbl
GMALAV01,MP,Medical Payments,AL,ADD,VSAM-ACCESS,,GMALC001,programs/MP/gmalav01.cbl
GMALIL01,MP,Medical Payments,AL,INQUIRE,BUSINESS-LOGIC,GMALID01,GMALC001,programs/MP/gmalil01.cbl
GMALID01,MP,Medical Payments,AL,INQUIRE,DB2-ACCESS,,GMALC001,programs/MP/gmalid01.cbl
GMALIV01,MP,Medical Payments,AL,INQUIRE,VSAM-ACCESS,,GMALC001,programs/MP/gmaliv01.cbl
GMALUL01,MP,Medical Payments,AL,UPDATE,BUSINESS-LOGIC,GMALUD01,GMALC001,programs/MP/gmalul01.cbl
GMALUD01,MP,Medical Payments,AL,UPDATE,DB2-ACCESS,GMALUV01,GMALC001,programs/MP/gmalud01.cbl
GMALUV01,MP,Medical Payments,AL,UPDATE,VSAM-ACCESS,,GMALC001,programs/MP/gmaluv01.cbl
GMALDL01,MP,Medical Payments,AL,DELETE,BUSINESS-LOGIC,GMALDD01,GMALC001,programs/MP/gmaldl01.cbl
GMALDD01,MP,Medical Payments,AL,DELETE,DB2-ACCESS,GMALDV01,GMALC001,programs/MP/gmaldd01.cbl
GMALDV01,MP,Medical Payments,AL,DELETE,VSAM-ACCESS,,GMALC001,programs/MP/gmaldv01.cbl
GMALRL01,MP,Medical Payments,AL,RATE,BUSINESS-LOGIC,GMALRD01,GMALC001,programs/MP/gmalrl01.cbl
GMALRD01,MP,Medical Payments,AL,RATE,DB2-ACCESS,,GMALC001,programs/MP/gmalrd01.cbl
GMALRV01,MP,Medical Payments,AL,RATE,VSAM-ACCESS,,GMALC001,programs/MP/gmalrv01.cbl
GMAKAL01,MP,Medical Payments,AK,ADD,BUSINESS-LOGIC,GMAKAD01,GMAKC001,programs/MP/gmakal01.cbl
GMAKAD01,MP,Medical Payments,AK,ADD,DB2-ACCESS,GMAKAV01,GMAKC001,programs/MP/gmakad01.cbl
GMAKAV01,MP,Medical Payments,AK,ADD,VSAM-ACCESS,,GMAKC001,programs/MP/gmakav01.cbl
GMAKIL01,MP,Medical Payments,AK,INQUIRE,BUSINESS-LOGIC,GMAKID01,GMAKC001,programs/MP/gmakil01.cbl
GMAKID01,MP,Medical Payments,AK,INQUIRE,DB2-ACCESS,,GMAKC001,programs/MP/gmakid01.cbl
GMAKIV01,MP,Medical Payments,AK,INQUIRE,VSAM-ACCESS,,GMAKC001,programs/MP/gmakiv01.cbl
GMAKUL01,MP,Medical Payments,AK,UPDATE,BUSINESS-LOGIC,GMAKUD01,GMAKC001,programs/MP/gmakul01.cbl
GMAKUD01,MP,Medical Payments,AK,UPDATE,DB2-ACCESS,GMAKUV01,GMAKC001,programs/MP/gmakud01.cbl
GMAKUV01,MP,Medical Payments,AK,UPDATE,VSAM-ACCESS,,GMAKC001,programs/MP/gmakuv01.cbl
GMAKDL01,MP,Medical Payments,AK,DELETE,BUSINESS-LOGIC,GMAKDD01,GMAKC001,programs/MP/gmakdl01.cbl
GMAKDD01,MP,Medical Payments,AK,DELETE,DB2-ACCESS,GMAKDV01,GMAKC001,programs/MP/gmakdd01.cbl
GMAKDV01,MP,Medical Payments,AK,DELETE,VSAM-ACCESS,,GMAKC001,programs/MP/gmakdv01.cbl
GMAKRL01,MP,Medical Payments,AK,RATE,BUSINESS-LOGIC,GMAKRD01,GMAKC001,programs/MP/gmakrl01.cbl
GMAKRD01,MP,Medical Payments,AK,RATE,DB2-ACCESS,,GMAKC001,programs/MP/gmakrd01.cbl
GMAKRV01,MP,Medical Payments,AK,RATE,VSAM-ACCESS,,GMAKC001,programs/MP/gmakrv01.cbl
GMAZAL01,MP,Medical Payments,AZ,ADD,BUSINESS-LOGIC,GMAZAD01,GMAZC001,programs/MP/gmazal01.cbl
GMAZAD01,MP,Medical Payments,AZ,ADD,DB2-ACCESS,GMAZAV01,GMAZC001,programs/MP/gmazad01.cbl
GMAZAV01,MP,Medical Payments,AZ,ADD,VSAM-ACCESS,,GMAZC001,programs/MP/gmazav01.cbl
GMAZIL01,MP,Medical Payments,AZ,INQUIRE,BUSINESS-LOGIC,GMAZID01,GMAZC001,programs/MP/gmazil01.cbl
GMAZID01,MP,Medical Payments,AZ,INQUIRE,DB2-ACCESS,,GMAZC001,programs/MP/gmazid01.cbl
GMAZIV01,MP,Medical Payments,AZ,INQUIRE,VSAM-ACCESS,,GMAZC001,programs/MP/gmaziv01.cbl
GMAZUL01,MP,Medical Payments,AZ,UPDATE,BUSINESS-LOGIC,GMAZUD01,GMAZC001,programs/MP/gmazul01.cbl
GMAZUD01,MP,Medical Payments,AZ,UPDATE,DB2-ACCESS,GMAZUV01,GMAZC001,programs/MP/gmazud01.cbl
GMAZUV01,MP,Medical Payments,AZ,UPDATE,VSAM-ACCESS,,GMAZC001,programs/MP/gmazuv01.cbl
GMAZDL01,MP,Medical Payments,AZ,DELETE,BUSINESS-LOGIC,GMAZDD01,GMAZC001,programs/MP/gmazdl01.cbl
GMAZDD01,MP,Medical Payments,AZ,DELETE,DB2-ACCESS,GMAZDV01,GMAZC001,programs/MP/gmazdd01.cbl
GMAZDV01,MP,Medical Payments,AZ,DELETE,VSAM-ACCESS,,GMAZC001,programs/MP/gmazdv01.cbl
GMAZRL01,MP,Medical Payments,AZ,RATE,BUSINESS-LOGIC,GMAZRD01,GMAZC001,programs/MP/gmazrl01.cbl
GMAZRD01,MP,Medical Payments,AZ,RATE,DB2-ACCESS,,GMAZC001,programs/MP/gmazrd01.cbl
GMAZRV01,MP,Medical Payments,AZ,RATE,VSAM-ACCESS,,GMAZC001,programs/MP/gmazrv01.cbl
GMARAL01,MP,Medical Payments,AR,ADD,BUSINESS-LOGIC,GMARAD01,GMARC001,programs/MP/gmaral01.cbl
GMARAD01,MP,Medical Payments,AR,ADD,DB2-ACCESS,GMARAV01,GMARC001,programs/MP/gmarad01.cbl
GMARAV01,MP,Medical Payments,AR,ADD,VSAM-ACCESS,,GMARC001,programs/MP/gmarav01.cbl
GMARIL01,MP,Medical Payments,AR,INQUIRE,BUSINESS-LOGIC,GMARID01,GMARC001,programs/MP/gmaril01.cbl
GMARID01,MP,Medical Payments,AR,INQUIRE,DB2-ACCESS,,GMARC001,programs/MP/gmarid01.cbl
GMARIV01,MP,Medical Payments,AR,INQUIRE,VSAM-ACCESS,,GMARC001,programs/MP/gmariv01.cbl
GMARUL01,MP,Medical Payments,AR,UPDATE,BUSINESS-LOGIC,GMARUD01,GMARC001,programs/MP/gmarul01.cbl
GMARUD01,MP,Medical Payments,AR,UPDATE,DB2-ACCESS,GMARUV01,GMARC001,programs/MP/gmarud01.cbl
GMARUV01,MP,Medical Payments,AR,UPDATE,VSAM-ACCESS,,GMARC001,programs/MP/gmaruv01.cbl
GMARDL01,MP,Medical Payments,AR,DELETE,BUSINESS-LOGIC,GMARDD01,GMARC001,programs/MP/gmardl01.cbl
GMARDD01,MP,Medical Payments,AR,DELETE,DB2-ACCESS,GMARDV01,GMARC001,programs/MP/gmardd01.cbl
GMARDV01,MP,Medical Payments,AR,DELETE,VSAM-ACCESS,,GMARC001,programs/MP/gmardv01.cbl
GMARRL01,MP,Medical Payments,AR,RATE,BUSINESS-LOGIC,GMARRD01,GMARC001,programs/MP/gmarrl01.cbl
GMARRD01,MP,Medical Payments,AR,RATE,DB2-ACCESS,,GMARC001,programs/MP/gmarrd01.cbl
GMARRV01,MP,Medical Payments,AR,RATE,VSAM-ACCESS,,GMARC001,programs/MP/gmarrv01.cbl
GMCAAL01,MP,Medical Payments,CA,ADD,BUSINESS-LOGIC,GMCAAD01,GMCAC001,programs/MP/gmcaal01.cbl
GMCAAD01,MP,Medical Payments,CA,ADD,DB2-ACCESS,GMCAAV01,GMCAC001,programs/MP/gmcaad01.cbl
GMCAAV01,MP,Medical Payments,CA,ADD,VSAM-ACCESS,,GMCAC001,programs/MP/gmcaav01.cbl
GMCAIL01,MP,Medical Payments,CA,INQUIRE,BUSINESS-LOGIC,GMCAID01,GMCAC001,programs/MP/gmcail01.cbl
GMCAID01,MP,Medical Payments,CA,INQUIRE,DB2-ACCESS,,GMCAC001,programs/MP/gmcaid01.cbl
GMCAIV01,MP,Medical Payments,CA,INQUIRE,VSAM-ACCESS,,GMCAC001,programs/MP/gmcaiv01.cbl
GMCAUL01,MP,Medical Payments,CA,UPDATE,BUSINESS-LOGIC,GMCAUD01,GMCAC001,programs/MP/gmcaul01.cbl
GMCAUD01,MP,Medical Payments,CA,UPDATE,DB2-ACCESS,GMCAUV01,GMCAC001,programs/MP/gmcaud01.cbl
GMCAUV01,MP,Medical Payments,CA,UPDATE,VSAM-ACCESS,,GMCAC001,programs/MP/gmcauv01.cbl
GMCADL01,MP,Medical Payments,CA,DELETE,BUSINESS-LOGIC,GMCADD01,GMCAC001,programs/MP/gmcadl01.cbl
GMCADD01,MP,Medical Payments,CA,DELETE,DB2-ACCESS,GMCADV01,GMCAC001,programs/MP/gmcadd01.cbl
GMCADV01,MP,Medical Payments,CA,DELETE,VSAM-ACCESS,,GMCAC001,programs/MP/gmcadv01.cbl
GMCARL01,MP,Medical Payments,CA,RATE,BUSINESS-LOGIC,GMCARD01,GMCAC001,programs/MP/gmcarl01.cbl
GMCARD01,MP,Medical Payments,CA,RATE,DB2-ACCESS,,GMCAC001,programs/MP/gmcard01.cbl
GMCARV01,MP,Medical Payments,CA,RATE,VSAM-ACCESS,,GMCAC001,programs/MP/gmcarv01.cbl
GMCOAL01,MP,Medical Payments,CO,ADD,BUSINESS-LOGIC,GMCOAD01,GMCOC001,programs/MP/gmcoal01.cbl
GMCOAD01,MP,Medical Payments,CO,ADD,DB2-ACCESS,GMCOAV01,GMCOC001,programs/MP/gmcoad01.cbl
GMCOAV01,MP,Medical Payments,CO,ADD,VSAM-ACCESS,,GMCOC001,programs/MP/gmcoav01.cbl
GMCOIL01,MP,Medical Payments,CO,INQUIRE,BUSINESS-LOGIC,GMCOID01,GMCOC001,programs/MP/gmcoil01.cbl
GMCOID01,MP,Medical Payments,CO,INQUIRE,DB2-ACCESS,,GMCOC001,programs/MP/gmcoid01.cbl
GMCOIV01,MP,Medical Payments,CO,INQUIRE,VSAM-ACCESS,,GMCOC001,programs/MP/gmcoiv01.cbl
GMCOUL01,MP,Medical Payments,CO,UPDATE,BUSINESS-LOGIC,GMCOUD01,GMCOC001,programs/MP/gmcoul01.cbl
GMCOUD01,MP,Medical Payments,CO,UPDATE,DB2-ACCESS,GMCOUV01,GMCOC001,programs/MP/gmcoud01.cbl
GMCOUV01,MP,Medical Payments,CO,UPDATE,VSAM-ACCESS,,GMCOC001,programs/MP/gmcouv01.cbl
GMCODL01,MP,Medical Payments,CO,DELETE,BUSINESS-LOGIC,GMCODD01,GMCOC001,programs/MP/gmcodl01.cbl
GMCODD01,MP,Medical Payments,CO,DELETE,DB2-ACCESS,GMCODV01,GMCOC001,programs/MP/gmcodd01.cbl
GMCODV01,MP,Medical Payments,CO,DELETE,VSAM-ACCESS,,GMCOC001,programs/MP/gmcodv01.cbl
GMCORL01,MP,Medical Payments,CO,RATE,BUSINESS-LOGIC,GMCORD01,GMCOC001,programs/MP/gmcorl01.cbl
GMCORD01,MP,Medical Payments,CO,RATE,DB2-ACCESS,,GMCOC001,programs/MP/gmcord01.cbl
GMCORV01,MP,Medical Payments,CO,RATE,VSAM-ACCESS,,GMCOC001,programs/MP/gmcorv01.cbl
GMCTAL01,MP,Medical Payments,CT,ADD,BUSINESS-LOGIC,GMCTAD01,GMCTC001,programs/MP/gmctal01.cbl
GMCTAD01,MP,Medical Payments,CT,ADD,DB2-ACCESS,GMCTAV01,GMCTC001,programs/MP/gmctad01.cbl
GMCTAV01,MP,Medical Payments,CT,ADD,VSAM-ACCESS,,GMCTC001,programs/MP/gmctav01.cbl
GMCTIL01,MP,Medical Payments,CT,INQUIRE,BUSINESS-LOGIC,GMCTID01,GMCTC001,programs/MP/gmctil01.cbl
GMCTID01,MP,Medical Payments,CT,INQUIRE,DB2-ACCESS,,GMCTC001,programs/MP/gmctid01.cbl
GMCTIV01,MP,Medical Payments,CT,INQUIRE,VSAM-ACCESS,,GMCTC001,programs/MP/gmctiv01.cbl
GMCTUL01,MP,Medical Payments,CT,UPDATE,BUSINESS-LOGIC,GMCTUD01,GMCTC001,programs/MP/gmctul01.cbl
GMCTUD01,MP,Medical Payments,CT,UPDATE,DB2-ACCESS,GMCTUV01,GMCTC001,programs/MP/gmctud01.cbl
GMCTUV01,MP,Medical Payments,CT,UPDATE,VSAM-ACCESS,,GMCTC001,programs/MP/gmctuv01.cbl
GMCTDL01,MP,Medical Payments,CT,DELETE,BUSINESS-LOGIC,GMCTDD01,GMCTC001,programs/MP/gmctdl01.cbl
GMCTDD01,MP,Medical Payments,CT,DELETE,DB2-ACCESS,GMCTDV01,GMCTC001,programs/MP/gmctdd01.cbl
GMCTDV01,MP,Medical Payments,CT,DELETE,VSAM-ACCESS,,GMCTC001,programs/MP/gmctdv01.cbl
GMCTRL01,MP,Medical Payments,CT,RATE,BUSINESS-LOGIC,GMCTRD01,GMCTC001,programs/MP/gmctrl01.cbl
GMCTRD01,MP,Medical Payments,CT,RATE,DB2-ACCESS,,GMCTC001,programs/MP/gmctrd01.cbl
GMCTRV01,MP,Medical Payments,CT,RATE,VSAM-ACCESS,,GMCTC001,programs/MP/gmctrv01.cbl
GMDEAL01,MP,Medical Payments,DE,ADD,BUSINESS-LOGIC,GMDEAD01,GMDEC001,programs/MP/gmdeal01.cbl
GMDEAD01,MP,Medical Payments,DE,ADD,DB2-ACCESS,GMDEAV01,GMDEC001,programs/MP/gmdead01.cbl
GMDEAV01,MP,Medical Payments,DE,ADD,VSAM-ACCESS,,GMDEC001,programs/MP/gmdeav01.cbl
GMDEIL01,MP,Medical Payments,DE,INQUIRE,BUSINESS-LOGIC,GMDEID01,GMDEC001,programs/MP/gmdeil01.cbl
GMDEID01,MP,Medical Payments,DE,INQUIRE,DB2-ACCESS,,GMDEC001,programs/MP/gmdeid01.cbl
GMDEIV01,MP,Medical Payments,DE,INQUIRE,VSAM-ACCESS,,GMDEC001,programs/MP/gmdeiv01.cbl
GMDEUL01,MP,Medical Payments,DE,UPDATE,BUSINESS-LOGIC,GMDEUD01,GMDEC001,programs/MP/gmdeul01.cbl
GMDEUD01,MP,Medical Payments,DE,UPDATE,DB2-ACCESS,GMDEUV01,GMDEC001,programs/MP/gmdeud01.cbl
GMDEUV01,MP,Medical Payments,DE,UPDATE,VSAM-ACCESS,,GMDEC001,programs/MP/gmdeuv01.cbl
GMDEDL01,MP,Medical Payments,DE,DELETE,BUSINESS-LOGIC,GMDEDD01,GMDEC001,programs/MP/gmdedl01.cbl
GMDEDD01,MP,Medical Payments,DE,DELETE,DB2-ACCESS,GMDEDV01,GMDEC001,programs/MP/gmdedd01.cbl
GMDEDV01,MP,Medical Payments,DE,DELETE,VSAM-ACCESS,,GMDEC001,programs/MP/gmdedv01.cbl
GMDERL01,MP,Medical Payments,DE,RATE,BUSINESS-LOGIC,GMDERD01,GMDEC001,programs/MP/gmderl01.cbl
GMDERD01,MP,Medical Payments,DE,RATE,DB2-ACCESS,,GMDEC001,programs/MP/gmderd01.cbl
GMDERV01,MP,Medical Payments,DE,RATE,VSAM-ACCESS,,GMDEC001,programs/MP/gmderv01.cbl
GMDCAL01,MP,Medical Payments,DC,ADD,BUSINESS-LOGIC,GMDCAD01,GMDCC001,programs/MP/gmdcal01.cbl
GMDCAD01,MP,Medical Payments,DC,ADD,DB2-ACCESS,GMDCAV01,GMDCC001,programs/MP/gmdcad01.cbl
GMDCAV01,MP,Medical Payments,DC,ADD,VSAM-ACCESS,,GMDCC001,programs/MP/gmdcav01.cbl
GMDCIL01,MP,Medical Payments,DC,INQUIRE,BUSINESS-LOGIC,GMDCID01,GMDCC001,programs/MP/gmdcil01.cbl
GMDCID01,MP,Medical Payments,DC,INQUIRE,DB2-ACCESS,,GMDCC001,programs/MP/gmdcid01.cbl
GMDCIV01,MP,Medical Payments,DC,INQUIRE,VSAM-ACCESS,,GMDCC001,programs/MP/gmdciv01.cbl
GMDCUL01,MP,Medical Payments,DC,UPDATE,BUSINESS-LOGIC,GMDCUD01,GMDCC001,programs/MP/gmdcul01.cbl
GMDCUD01,MP,Medical Payments,DC,UPDATE,DB2-ACCESS,GMDCUV01,GMDCC001,programs/MP/gmdcud01.cbl
GMDCUV01,MP,Medical Payments,DC,UPDATE,VSAM-ACCESS,,GMDCC001,programs/MP/gmdcuv01.cbl
GMDCDL01,MP,Medical Payments,DC,DELETE,BUSINESS-LOGIC,GMDCDD01,GMDCC001,programs/MP/gmdcdl01.cbl
GMDCDD01,MP,Medical Payments,DC,DELETE,DB2-ACCESS,GMDCDV01,GMDCC001,programs/MP/gmdcdd01.cbl
GMDCDV01,MP,Medical Payments,DC,DELETE,VSAM-ACCESS,,GMDCC001,programs/MP/gmdcdv01.cbl
GMDCRL01,MP,Medical Payments,DC,RATE,BUSINESS-LOGIC,GMDCRD01,GMDCC001,programs/MP/gmdcrl01.cbl
GMDCRD01,MP,Medical Payments,DC,RATE,DB2-ACCESS,,GMDCC001,programs/MP/gmdcrd01.cbl
GMDCRV01,MP,Medical Payments,DC,RATE,VSAM-ACCESS,,GMDCC001,programs/MP/gmdcrv01.cbl
GMFLAL01,MP,Medical Payments,FL,ADD,BUSINESS-LOGIC,GMFLAD01,GMFLC001,programs/MP/gmflal01.cbl
GMFLAD01,MP,Medical Payments,FL,ADD,DB2-ACCESS,GMFLAV01,GMFLC001,programs/MP/gmflad01.cbl
GMFLAV01,MP,Medical Payments,FL,ADD,VSAM-ACCESS,,GMFLC001,programs/MP/gmflav01.cbl
GMFLIL01,MP,Medical Payments,FL,INQUIRE,BUSINESS-LOGIC,GMFLID01,GMFLC001,programs/MP/gmflil01.cbl
GMFLID01,MP,Medical Payments,FL,INQUIRE,DB2-ACCESS,,GMFLC001,programs/MP/gmflid01.cbl
GMFLIV01,MP,Medical Payments,FL,INQUIRE,VSAM-ACCESS,,GMFLC001,programs/MP/gmfliv01.cbl
GMFLUL01,MP,Medical Payments,FL,UPDATE,BUSINESS-LOGIC,GMFLUD01,GMFLC001,programs/MP/gmflul01.cbl
GMFLUD01,MP,Medical Payments,FL,UPDATE,DB2-ACCESS,GMFLUV01,GMFLC001,programs/MP/gmflud01.cbl
GMFLUV01,MP,Medical Payments,FL,UPDATE,VSAM-ACCESS,,GMFLC001,programs/MP/gmfluv01.cbl
GMFLDL01,MP,Medical Payments,FL,DELETE,BUSINESS-LOGIC,GMFLDD01,GMFLC001,programs/MP/gmfldl01.cbl
GMFLDD01,MP,Medical Payments,FL,DELETE,DB2-ACCESS,GMFLDV01,GMFLC001,programs/MP/gmfldd01.cbl
GMFLDV01,MP,Medical Payments,FL,DELETE,VSAM-ACCESS,,GMFLC001,programs/MP/gmfldv01.cbl
GMFLRL01,MP,Medical Payments,FL,RATE,BUSINESS-LOGIC,GMFLRD01,GMFLC001,programs/MP/gmflrl01.cbl
GMFLRD01,MP,Medical Payments,FL,RATE,DB2-ACCESS,,GMFLC001,programs/MP/gmflrd01.cbl
GMFLRV01,MP,Medical Payments,FL,RATE,VSAM-ACCESS,,GMFLC001,programs/MP/gmflrv01.cbl
GMGAAL01,MP,Medical Payments,GA,ADD,BUSINESS-LOGIC,GMGAAD01,GMGAC001,programs/MP/gmgaal01.cbl
GMGAAD01,MP,Medical Payments,GA,ADD,DB2-ACCESS,GMGAAV01,GMGAC001,programs/MP/gmgaad01.cbl
GMGAAV01,MP,Medical Payments,GA,ADD,VSAM-ACCESS,,GMGAC001,programs/MP/gmgaav01.cbl
GMGAIL01,MP,Medical Payments,GA,INQUIRE,BUSINESS-LOGIC,GMGAID01,GMGAC001,programs/MP/gmgail01.cbl
GMGAID01,MP,Medical Payments,GA,INQUIRE,DB2-ACCESS,,GMGAC001,programs/MP/gmgaid01.cbl
GMGAIV01,MP,Medical Payments,GA,INQUIRE,VSAM-ACCESS,,GMGAC001,programs/MP/gmgaiv01.cbl
GMGAUL01,MP,Medical Payments,GA,UPDATE,BUSINESS-LOGIC,GMGAUD01,GMGAC001,programs/MP/gmgaul01.cbl
GMGAUD01,MP,Medical Payments,GA,UPDATE,DB2-ACCESS,GMGAUV01,GMGAC001,programs/MP/gmgaud01.cbl
GMGAUV01,MP,Medical Payments,GA,UPDATE,VSAM-ACCESS,,GMGAC001,programs/MP/gmgauv01.cbl
GMGADL01,MP,Medical Payments,GA,DELETE,BUSINESS-LOGIC,GMGADD01,GMGAC001,programs/MP/gmgadl01.cbl
GMGADD01,MP,Medical Payments,GA,DELETE,DB2-ACCESS,GMGADV01,GMGAC001,programs/MP/gmgadd01.cbl
GMGADV01,MP,Medical Payments,GA,DELETE,VSAM-ACCESS,,GMGAC001,programs/MP/gmgadv01.cbl
GMGARL01,MP,Medical Payments,GA,RATE,BUSINESS-LOGIC,GMGARD01,GMGAC001,programs/MP/gmgarl01.cbl
GMGARD01,MP,Medical Payments,GA,RATE,DB2-ACCESS,,GMGAC001,programs/MP/gmgard01.cbl
GMGARV01,MP,Medical Payments,GA,RATE,VSAM-ACCESS,,GMGAC001,programs/MP/gmgarv01.cbl
GMHIAL01,MP,Medical Payments,HI,ADD,BUSINESS-LOGIC,GMHIAD01,GMHIC001,programs/MP/gmhial01.cbl
GMHIAD01,MP,Medical Payments,HI,ADD,DB2-ACCESS,GMHIAV01,GMHIC001,programs/MP/gmhiad01.cbl
GMHIAV01,MP,Medical Payments,HI,ADD,VSAM-ACCESS,,GMHIC001,programs/MP/gmhiav01.cbl
GMHIIL01,MP,Medical Payments,HI,INQUIRE,BUSINESS-LOGIC,GMHIID01,GMHIC001,programs/MP/gmhiil01.cbl
GMHIID01,MP,Medical Payments,HI,INQUIRE,DB2-ACCESS,,GMHIC001,programs/MP/gmhiid01.cbl
GMHIIV01,MP,Medical Payments,HI,INQUIRE,VSAM-ACCESS,,GMHIC001,programs/MP/gmhiiv01.cbl
GMHIUL01,MP,Medical Payments,HI,UPDATE,BUSINESS-LOGIC,GMHIUD01,GMHIC001,programs/MP/gmhiul01.cbl
GMHIUD01,MP,Medical Payments,HI,UPDATE,DB2-ACCESS,GMHIUV01,GMHIC001,programs/MP/gmhiud01.cbl
GMHIUV01,MP,Medical Payments,HI,UPDATE,VSAM-ACCESS,,GMHIC001,programs/MP/gmhiuv01.cbl
GMHIDL01,MP,Medical Payments,HI,DELETE,BUSINESS-LOGIC,GMHIDD01,GMHIC001,programs/MP/gmhidl01.cbl
GMHIDD01,MP,Medical Payments,HI,DELETE,DB2-ACCESS,GMHIDV01,GMHIC001,programs/MP/gmhidd01.cbl
GMHIDV01,MP,Medical Payments,HI,DELETE,VSAM-ACCESS,,GMHIC001,programs/MP/gmhidv01.cbl
GMHIRL01,MP,Medical Payments,HI,RATE,BUSINESS-LOGIC,GMHIRD01,GMHIC001,programs/MP/gmhirl01.cbl
GMHIRD01,MP,Medical Payments,HI,RATE,DB2-ACCESS,,GMHIC001,programs/MP/gmhird01.cbl
GMHIRV01,MP,Medical Payments,HI,RATE,VSAM-ACCESS,,GMHIC001,programs/MP/gmhirv01.cbl
GMIDAL01,MP,Medical Payments,ID,ADD,BUSINESS-LOGIC,GMIDAD01,GMIDC001,programs/MP/gmidal01.cbl
GMIDAD01,MP,Medical Payments,ID,ADD,DB2-ACCESS,GMIDAV01,GMIDC001,programs/MP/gmidad01.cbl
GMIDAV01,MP,Medical Payments,ID,ADD,VSAM-ACCESS,,GMIDC001,programs/MP/gmidav01.cbl
GMIDIL01,MP,Medical Payments,ID,INQUIRE,BUSINESS-LOGIC,GMIDID01,GMIDC001,programs/MP/gmidil01.cbl
GMIDID01,MP,Medical Payments,ID,INQUIRE,DB2-ACCESS,,GMIDC001,programs/MP/gmidid01.cbl
GMIDIV01,MP,Medical Payments,ID,INQUIRE,VSAM-ACCESS,,GMIDC001,programs/MP/gmidiv01.cbl
GMIDUL01,MP,Medical Payments,ID,UPDATE,BUSINESS-LOGIC,GMIDUD01,GMIDC001,programs/MP/gmidul01.cbl
GMIDUD01,MP,Medical Payments,ID,UPDATE,DB2-ACCESS,GMIDUV01,GMIDC001,programs/MP/gmidud01.cbl
GMIDUV01,MP,Medical Payments,ID,UPDATE,VSAM-ACCESS,,GMIDC001,programs/MP/gmiduv01.cbl
GMIDDL01,MP,Medical Payments,ID,DELETE,BUSINESS-LOGIC,GMIDDD01,GMIDC001,programs/MP/gmiddl01.cbl
GMIDDD01,MP,Medical Payments,ID,DELETE,DB2-ACCESS,GMIDDV01,GMIDC001,programs/MP/gmiddd01.cbl
GMIDDV01,MP,Medical Payments,ID,DELETE,VSAM-ACCESS,,GMIDC001,programs/MP/gmiddv01.cbl
GMIDRL01,MP,Medical Payments,ID,RATE,BUSINESS-LOGIC,GMIDRD01,GMIDC001,programs/MP/gmidrl01.cbl
GMIDRD01,MP,Medical Payments,ID,RATE,DB2-ACCESS,,GMIDC001,programs/MP/gmidrd01.cbl
GMIDRV01,MP,Medical Payments,ID,RATE,VSAM-ACCESS,,GMIDC001,programs/MP/gmidrv01.cbl
GMILAL01,MP,Medical Payments,IL,ADD,BUSINESS-LOGIC,GMILAD01,GMILC001,programs/MP/gmilal01.cbl
GMILAD01,MP,Medical Payments,IL,ADD,DB2-ACCESS,GMILAV01,GMILC001,programs/MP/gmilad01.cbl
GMILAV01,MP,Medical Payments,IL,ADD,VSAM-ACCESS,,GMILC001,programs/MP/gmilav01.cbl
GMILIL01,MP,Medical Payments,IL,INQUIRE,BUSINESS-LOGIC,GMILID01,GMILC001,programs/MP/gmilil01.cbl
GMILID01,MP,Medical Payments,IL,INQUIRE,DB2-ACCESS,,GMILC001,programs/MP/gmilid01.cbl
GMILIV01,MP,Medical Payments,IL,INQUIRE,VSAM-ACCESS,,GMILC001,programs/MP/gmiliv01.cbl
GMILUL01,MP,Medical Payments,IL,UPDATE,BUSINESS-LOGIC,GMILUD01,GMILC001,programs/MP/gmilul01.cbl
GMILUD01,MP,Medical Payments,IL,UPDATE,DB2-ACCESS,GMILUV01,GMILC001,programs/MP/gmilud01.cbl
GMILUV01,MP,Medical Payments,IL,UPDATE,VSAM-ACCESS,,GMILC001,programs/MP/gmiluv01.cbl
GMILDL01,MP,Medical Payments,IL,DELETE,BUSINESS-LOGIC,GMILDD01,GMILC001,programs/MP/gmildl01.cbl
GMILDD01,MP,Medical Payments,IL,DELETE,DB2-ACCESS,GMILDV01,GMILC001,programs/MP/gmildd01.cbl
GMILDV01,MP,Medical Payments,IL,DELETE,VSAM-ACCESS,,GMILC001,programs/MP/gmildv01.cbl
GMILRL01,MP,Medical Payments,IL,RATE,BUSINESS-LOGIC,GMILRD01,GMILC001,programs/MP/gmilrl01.cbl
GMILRD01,MP,Medical Payments,IL,RATE,DB2-ACCESS,,GMILC001,programs/MP/gmilrd01.cbl
GMILRV01,MP,Medical Payments,IL,RATE,VSAM-ACCESS,,GMILC001,programs/MP/gmilrv01.cbl
GMINAL01,MP,Medical Payments,IN,ADD,BUSINESS-LOGIC,GMINAD01,GMINC001,programs/MP/gminal01.cbl
GMINAD01,MP,Medical Payments,IN,ADD,DB2-ACCESS,GMINAV01,GMINC001,programs/MP/gminad01.cbl
GMINAV01,MP,Medical Payments,IN,ADD,VSAM-ACCESS,,GMINC001,programs/MP/gminav01.cbl
GMINIL01,MP,Medical Payments,IN,INQUIRE,BUSINESS-LOGIC,GMINID01,GMINC001,programs/MP/gminil01.cbl
GMINID01,MP,Medical Payments,IN,INQUIRE,DB2-ACCESS,,GMINC001,programs/MP/gminid01.cbl
GMINIV01,MP,Medical Payments,IN,INQUIRE,VSAM-ACCESS,,GMINC001,programs/MP/gminiv01.cbl
GMINUL01,MP,Medical Payments,IN,UPDATE,BUSINESS-LOGIC,GMINUD01,GMINC001,programs/MP/gminul01.cbl
GMINUD01,MP,Medical Payments,IN,UPDATE,DB2-ACCESS,GMINUV01,GMINC001,programs/MP/gminud01.cbl
GMINUV01,MP,Medical Payments,IN,UPDATE,VSAM-ACCESS,,GMINC001,programs/MP/gminuv01.cbl
GMINDL01,MP,Medical Payments,IN,DELETE,BUSINESS-LOGIC,GMINDD01,GMINC001,programs/MP/gmindl01.cbl
GMINDD01,MP,Medical Payments,IN,DELETE,DB2-ACCESS,GMINDV01,GMINC001,programs/MP/gmindd01.cbl
GMINDV01,MP,Medical Payments,IN,DELETE,VSAM-ACCESS,,GMINC001,programs/MP/gmindv01.cbl
GMINRL01,MP,Medical Payments,IN,RATE,BUSINESS-LOGIC,GMINRD01,GMINC001,programs/MP/gminrl01.cbl
GMINRD01,MP,Medical Payments,IN,RATE,DB2-ACCESS,,GMINC001,programs/MP/gminrd01.cbl
GMINRV01,MP,Medical Payments,IN,RATE,VSAM-ACCESS,,GMINC001,programs/MP/gminrv01.cbl
GMIAAL01,MP,Medical Payments,IA,ADD,BUSINESS-LOGIC,GMIAAD01,GMIAC001,programs/MP/gmiaal01.cbl
GMIAAD01,MP,Medical Payments,IA,ADD,DB2-ACCESS,GMIAAV01,GMIAC001,programs/MP/gmiaad01.cbl
GMIAAV01,MP,Medical Payments,IA,ADD,VSAM-ACCESS,,GMIAC001,programs/MP/gmiaav01.cbl
GMIAIL01,MP,Medical Payments,IA,INQUIRE,BUSINESS-LOGIC,GMIAID01,GMIAC001,programs/MP/gmiail01.cbl
GMIAID01,MP,Medical Payments,IA,INQUIRE,DB2-ACCESS,,GMIAC001,programs/MP/gmiaid01.cbl
GMIAIV01,MP,Medical Payments,IA,INQUIRE,VSAM-ACCESS,,GMIAC001,programs/MP/gmiaiv01.cbl
GMIAUL01,MP,Medical Payments,IA,UPDATE,BUSINESS-LOGIC,GMIAUD01,GMIAC001,programs/MP/gmiaul01.cbl
GMIAUD01,MP,Medical Payments,IA,UPDATE,DB2-ACCESS,GMIAUV01,GMIAC001,programs/MP/gmiaud01.cbl
GMIAUV01,MP,Medical Payments,IA,UPDATE,VSAM-ACCESS,,GMIAC001,programs/MP/gmiauv01.cbl
GMIADL01,MP,Medical Payments,IA,DELETE,BUSINESS-LOGIC,GMIADD01,GMIAC001,programs/MP/gmiadl01.cbl
GMIADD01,MP,Medical Payments,IA,DELETE,DB2-ACCESS,GMIADV01,GMIAC001,programs/MP/gmiadd01.cbl
GMIADV01,MP,Medical Payments,IA,DELETE,VSAM-ACCESS,,GMIAC001,programs/MP/gmiadv01.cbl
GMIARL01,MP,Medical Payments,IA,RATE,BUSINESS-LOGIC,GMIARD01,GMIAC001,programs/MP/gmiarl01.cbl
GMIARD01,MP,Medical Payments,IA,RATE,DB2-ACCESS,,GMIAC001,programs/MP/gmiard01.cbl
GMIARV01,MP,Medical Payments,IA,RATE,VSAM-ACCESS,,GMIAC001,programs/MP/gmiarv01.cbl
GMKSAL01,MP,Medical Payments,KS,ADD,BUSINESS-LOGIC,GMKSAD01,GMKSC001,programs/MP/gmksal01.cbl
GMKSAD01,MP,Medical Payments,KS,ADD,DB2-ACCESS,GMKSAV01,GMKSC001,programs/MP/gmksad01.cbl
GMKSAV01,MP,Medical Payments,KS,ADD,VSAM-ACCESS,,GMKSC001,programs/MP/gmksav01.cbl
GMKSIL01,MP,Medical Payments,KS,INQUIRE,BUSINESS-LOGIC,GMKSID01,GMKSC001,programs/MP/gmksil01.cbl
GMKSID01,MP,Medical Payments,KS,INQUIRE,DB2-ACCESS,,GMKSC001,programs/MP/gmksid01.cbl
GMKSIV01,MP,Medical Payments,KS,INQUIRE,VSAM-ACCESS,,GMKSC001,programs/MP/gmksiv01.cbl
GMKSUL01,MP,Medical Payments,KS,UPDATE,BUSINESS-LOGIC,GMKSUD01,GMKSC001,programs/MP/gmksul01.cbl
GMKSUD01,MP,Medical Payments,KS,UPDATE,DB2-ACCESS,GMKSUV01,GMKSC001,programs/MP/gmksud01.cbl
GMKSUV01,MP,Medical Payments,KS,UPDATE,VSAM-ACCESS,,GMKSC001,programs/MP/gmksuv01.cbl
GMKSDL01,MP,Medical Payments,KS,DELETE,BUSINESS-LOGIC,GMKSDD01,GMKSC001,programs/MP/gmksdl01.cbl
GMKSDD01,MP,Medical Payments,KS,DELETE,DB2-ACCESS,GMKSDV01,GMKSC001,programs/MP/gmksdd01.cbl
GMKSDV01,MP,Medical Payments,KS,DELETE,VSAM-ACCESS,,GMKSC001,programs/MP/gmksdv01.cbl
GMKSRL01,MP,Medical Payments,KS,RATE,BUSINESS-LOGIC,GMKSRD01,GMKSC001,programs/MP/gmksrl01.cbl
GMKSRD01,MP,Medical Payments,KS,RATE,DB2-ACCESS,,GMKSC001,programs/MP/gmksrd01.cbl
GMKSRV01,MP,Medical Payments,KS,RATE,VSAM-ACCESS,,GMKSC001,programs/MP/gmksrv01.cbl
GMKYAL01,MP,Medical Payments,KY,ADD,BUSINESS-LOGIC,GMKYAD01,GMKYC001,programs/MP/gmkyal01.cbl
GMKYAD01,MP,Medical Payments,KY,ADD,DB2-ACCESS,GMKYAV01,GMKYC001,programs/MP/gmkyad01.cbl
GMKYAV01,MP,Medical Payments,KY,ADD,VSAM-ACCESS,,GMKYC001,programs/MP/gmkyav01.cbl
GMKYIL01,MP,Medical Payments,KY,INQUIRE,BUSINESS-LOGIC,GMKYID01,GMKYC001,programs/MP/gmkyil01.cbl
GMKYID01,MP,Medical Payments,KY,INQUIRE,DB2-ACCESS,,GMKYC001,programs/MP/gmkyid01.cbl
GMKYIV01,MP,Medical Payments,KY,INQUIRE,VSAM-ACCESS,,GMKYC001,programs/MP/gmkyiv01.cbl
GMKYUL01,MP,Medical Payments,KY,UPDATE,BUSINESS-LOGIC,GMKYUD01,GMKYC001,programs/MP/gmkyul01.cbl
GMKYUD01,MP,Medical Payments,KY,UPDATE,DB2-ACCESS,GMKYUV01,GMKYC001,programs/MP/gmkyud01.cbl
GMKYUV01,MP,Medical Payments,KY,UPDATE,VSAM-ACCESS,,GMKYC001,programs/MP/gmkyuv01.cbl
GMKYDL01,MP,Medical Payments,KY,DELETE,BUSINESS-LOGIC,GMKYDD01,GMKYC001,programs/MP/gmkydl01.cbl
GMKYDD01,MP,Medical Payments,KY,DELETE,DB2-ACCESS,GMKYDV01,GMKYC001,programs/MP/gmkydd01.cbl
GMKYDV01,MP,Medical Payments,KY,DELETE,VSAM-ACCESS,,GMKYC001,programs/MP/gmkydv01.cbl
GMKYRL01,MP,Medical Payments,KY,RATE,BUSINESS-LOGIC,GMKYRD01,GMKYC001,programs/MP/gmkyrl01.cbl
GMKYRD01,MP,Medical Payments,KY,RATE,DB2-ACCESS,,GMKYC001,programs/MP/gmkyrd01.cbl
GMKYRV01,MP,Medical Payments,KY,RATE,VSAM-ACCESS,,GMKYC001,programs/MP/gmkyrv01.cbl
GMLAAL01,MP,Medical Payments,LA,ADD,BUSINESS-LOGIC,GMLAAD01,GMLAC001,programs/MP/gmlaal01.cbl
GMLAAD01,MP,Medical Payments,LA,ADD,DB2-ACCESS,GMLAAV01,GMLAC001,programs/MP/gmlaad01.cbl
GMLAAV01,MP,Medical Payments,LA,ADD,VSAM-ACCESS,,GMLAC001,programs/MP/gmlaav01.cbl
GMLAIL01,MP,Medical Payments,LA,INQUIRE,BUSINESS-LOGIC,GMLAID01,GMLAC001,programs/MP/gmlail01.cbl
GMLAID01,MP,Medical Payments,LA,INQUIRE,DB2-ACCESS,,GMLAC001,programs/MP/gmlaid01.cbl
GMLAIV01,MP,Medical Payments,LA,INQUIRE,VSAM-ACCESS,,GMLAC001,programs/MP/gmlaiv01.cbl
GMLAUL01,MP,Medical Payments,LA,UPDATE,BUSINESS-LOGIC,GMLAUD01,GMLAC001,programs/MP/gmlaul01.cbl
GMLAUD01,MP,Medical Payments,LA,UPDATE,DB2-ACCESS,GMLAUV01,GMLAC001,programs/MP/gmlaud01.cbl
GMLAUV01,MP,Medical Payments,LA,UPDATE,VSAM-ACCESS,,GMLAC001,programs/MP/gmlauv01.cbl
GMLADL01,MP,Medical Payments,LA,DELETE,BUSINESS-LOGIC,GMLADD01,GMLAC001,programs/MP/gmladl01.cbl
GMLADD01,MP,Medical Payments,LA,DELETE,DB2-ACCESS,GMLADV01,GMLAC001,programs/MP/gmladd01.cbl
GMLADV01,MP,Medical Payments,LA,DELETE,VSAM-ACCESS,,GMLAC001,programs/MP/gmladv01.cbl
GMLARL01,MP,Medical Payments,LA,RATE,BUSINESS-LOGIC,GMLARD01,GMLAC001,programs/MP/gmlarl01.cbl
GMLARD01,MP,Medical Payments,LA,RATE,DB2-ACCESS,,GMLAC001,programs/MP/gmlard01.cbl
GMLARV01,MP,Medical Payments,LA,RATE,VSAM-ACCESS,,GMLAC001,programs/MP/gmlarv01.cbl
GMMEAL01,MP,Medical Payments,ME,ADD,BUSINESS-LOGIC,GMMEAD01,GMMEC001,programs/MP/gmmeal01.cbl
GMMEAD01,MP,Medical Payments,ME,ADD,DB2-ACCESS,GMMEAV01,GMMEC001,programs/MP/gmmead01.cbl
GMMEAV01,MP,Medical Payments,ME,ADD,VSAM-ACCESS,,GMMEC001,programs/MP/gmmeav01.cbl
GMMEIL01,MP,Medical Payments,ME,INQUIRE,BUSINESS-LOGIC,GMMEID01,GMMEC001,programs/MP/gmmeil01.cbl
GMMEID01,MP,Medical Payments,ME,INQUIRE,DB2-ACCESS,,GMMEC001,programs/MP/gmmeid01.cbl
GMMEIV01,MP,Medical Payments,ME,INQUIRE,VSAM-ACCESS,,GMMEC001,programs/MP/gmmeiv01.cbl
GMMEUL01,MP,Medical Payments,ME,UPDATE,BUSINESS-LOGIC,GMMEUD01,GMMEC001,programs/MP/gmmeul01.cbl
GMMEUD01,MP,Medical Payments,ME,UPDATE,DB2-ACCESS,GMMEUV01,GMMEC001,programs/MP/gmmeud01.cbl
GMMEUV01,MP,Medical Payments,ME,UPDATE,VSAM-ACCESS,,GMMEC001,programs/MP/gmmeuv01.cbl
GMMEDL01,MP,Medical Payments,ME,DELETE,BUSINESS-LOGIC,GMMEDD01,GMMEC001,programs/MP/gmmedl01.cbl
GMMEDD01,MP,Medical Payments,ME,DELETE,DB2-ACCESS,GMMEDV01,GMMEC001,programs/MP/gmmedd01.cbl
GMMEDV01,MP,Medical Payments,ME,DELETE,VSAM-ACCESS,,GMMEC001,programs/MP/gmmedv01.cbl
GMMERL01,MP,Medical Payments,ME,RATE,BUSINESS-LOGIC,GMMERD01,GMMEC001,programs/MP/gmmerl01.cbl
GMMERD01,MP,Medical Payments,ME,RATE,DB2-ACCESS,,GMMEC001,programs/MP/gmmerd01.cbl
GMMERV01,MP,Medical Payments,ME,RATE,VSAM-ACCESS,,GMMEC001,programs/MP/gmmerv01.cbl
GMMDAL01,MP,Medical Payments,MD,ADD,BUSINESS-LOGIC,GMMDAD01,GMMDC001,programs/MP/gmmdal01.cbl
GMMDAD01,MP,Medical Payments,MD,ADD,DB2-ACCESS,GMMDAV01,GMMDC001,programs/MP/gmmdad01.cbl
GMMDAV01,MP,Medical Payments,MD,ADD,VSAM-ACCESS,,GMMDC001,programs/MP/gmmdav01.cbl
GMMDIL01,MP,Medical Payments,MD,INQUIRE,BUSINESS-LOGIC,GMMDID01,GMMDC001,programs/MP/gmmdil01.cbl
GMMDID01,MP,Medical Payments,MD,INQUIRE,DB2-ACCESS,,GMMDC001,programs/MP/gmmdid01.cbl
GMMDIV01,MP,Medical Payments,MD,INQUIRE,VSAM-ACCESS,,GMMDC001,programs/MP/gmmdiv01.cbl
GMMDUL01,MP,Medical Payments,MD,UPDATE,BUSINESS-LOGIC,GMMDUD01,GMMDC001,programs/MP/gmmdul01.cbl
GMMDUD01,MP,Medical Payments,MD,UPDATE,DB2-ACCESS,GMMDUV01,GMMDC001,programs/MP/gmmdud01.cbl
GMMDUV01,MP,Medical Payments,MD,UPDATE,VSAM-ACCESS,,GMMDC001,programs/MP/gmmduv01.cbl
GMMDDL01,MP,Medical Payments,MD,DELETE,BUSINESS-LOGIC,GMMDDD01,GMMDC001,programs/MP/gmmddl01.cbl
GMMDDD01,MP,Medical Payments,MD,DELETE,DB2-ACCESS,GMMDDV01,GMMDC001,programs/MP/gmmddd01.cbl
GMMDDV01,MP,Medical Payments,MD,DELETE,VSAM-ACCESS,,GMMDC001,programs/MP/gmmddv01.cbl
GMMDRL01,MP,Medical Payments,MD,RATE,BUSINESS-LOGIC,GMMDRD01,GMMDC001,programs/MP/gmmdrl01.cbl
GMMDRD01,MP,Medical Payments,MD,RATE,DB2-ACCESS,,GMMDC001,programs/MP/gmmdrd01.cbl
GMMDRV01,MP,Medical Payments,MD,RATE,VSAM-ACCESS,,GMMDC001,programs/MP/gmmdrv01.cbl
GMMAAL01,MP,Medical Payments,MA,ADD,BUSINESS-LOGIC,GMMAAD01,GMMAC001,programs/MP/gmmaal01.cbl
GMMAAD01,MP,Medical Payments,MA,ADD,DB2-ACCESS,GMMAAV01,GMMAC001,programs/MP/gmmaad01.cbl
GMMAAV01,MP,Medical Payments,MA,ADD,VSAM-ACCESS,,GMMAC001,programs/MP/gmmaav01.cbl
GMMAIL01,MP,Medical Payments,MA,INQUIRE,BUSINESS-LOGIC,GMMAID01,GMMAC001,programs/MP/gmmail01.cbl
GMMAID01,MP,Medical Payments,MA,INQUIRE,DB2-ACCESS,,GMMAC001,programs/MP/gmmaid01.cbl
GMMAIV01,MP,Medical Payments,MA,INQUIRE,VSAM-ACCESS,,GMMAC001,programs/MP/gmmaiv01.cbl
GMMAUL01,MP,Medical Payments,MA,UPDATE,BUSINESS-LOGIC,GMMAUD01,GMMAC001,programs/MP/gmmaul01.cbl
GMMAUD01,MP,Medical Payments,MA,UPDATE,DB2-ACCESS,GMMAUV01,GMMAC001,programs/MP/gmmaud01.cbl
GMMAUV01,MP,Medical Payments,MA,UPDATE,VSAM-ACCESS,,GMMAC001,programs/MP/gmmauv01.cbl
GMMADL01,MP,Medical Payments,MA,DELETE,BUSINESS-LOGIC,GMMADD01,GMMAC001,programs/MP/gmmadl01.cbl
GMMADD01,MP,Medical Payments,MA,DELETE,DB2-ACCESS,GMMADV01,GMMAC001,programs/MP/gmmadd01.cbl
GMMADV01,MP,Medical Payments,MA,DELETE,VSAM-ACCESS,,GMMAC001,programs/MP/gmmadv01.cbl
GMMARL01,MP,Medical Payments,MA,RATE,BUSINESS-LOGIC,GMMARD01,GMMAC001,programs/MP/gmmarl01.cbl
GMMARD01,MP,Medical Payments,MA,RATE,DB2-ACCESS,,GMMAC001,programs/MP/gmmard01.cbl
GMMARV01,MP,Medical Payments,MA,RATE,VSAM-ACCESS,,GMMAC001,programs/MP/gmmarv01.cbl
GMMIAL01,MP,Medical Payments,MI,ADD,BUSINESS-LOGIC,GMMIAD01,GMMIC001,programs/MP/gmmial01.cbl
GMMIAD01,MP,Medical Payments,MI,ADD,DB2-ACCESS,GMMIAV01,GMMIC001,programs/MP/gmmiad01.cbl
GMMIAV01,MP,Medical Payments,MI,ADD,VSAM-ACCESS,,GMMIC001,programs/MP/gmmiav01.cbl
GMMIIL01,MP,Medical Payments,MI,INQUIRE,BUSINESS-LOGIC,GMMIID01,GMMIC001,programs/MP/gmmiil01.cbl
GMMIID01,MP,Medical Payments,MI,INQUIRE,DB2-ACCESS,,GMMIC001,programs/MP/gmmiid01.cbl
GMMIIV01,MP,Medical Payments,MI,INQUIRE,VSAM-ACCESS,,GMMIC001,programs/MP/gmmiiv01.cbl
GMMIUL01,MP,Medical Payments,MI,UPDATE,BUSINESS-LOGIC,GMMIUD01,GMMIC001,programs/MP/gmmiul01.cbl
GMMIUD01,MP,Medical Payments,MI,UPDATE,DB2-ACCESS,GMMIUV01,GMMIC001,programs/MP/gmmiud01.cbl
GMMIUV01,MP,Medical Payments,MI,UPDATE,VSAM-ACCESS,,GMMIC001,programs/MP/gmmiuv01.cbl
GMMIDL01,MP,Medical Payments,MI,DELETE,BUSINESS-LOGIC,GMMIDD01,GMMIC001,programs/MP/gmmidl01.cbl
GMMIDD01,MP,Medical Payments,MI,DELETE,DB2-ACCESS,GMMIDV01,GMMIC001,programs/MP/gmmidd01.cbl
GMMIDV01,MP,Medical Payments,MI,DELETE,VSAM-ACCESS,,GMMIC001,programs/MP/gmmidv01.cbl
GMMIRL01,MP,Medical Payments,MI,RATE,BUSINESS-LOGIC,GMMIRD01,GMMIC001,programs/MP/gmmirl01.cbl
GMMIRD01,MP,Medical Payments,MI,RATE,DB2-ACCESS,,GMMIC001,programs/MP/gmmird01.cbl
GMMIRV01,MP,Medical Payments,MI,RATE,VSAM-ACCESS,,GMMIC001,programs/MP/gmmirv01.cbl
GMMNAL01,MP,Medical Payments,MN,ADD,BUSINESS-LOGIC,GMMNAD01,GMMNC001,programs/MP/gmmnal01.cbl
GMMNAD01,MP,Medical Payments,MN,ADD,DB2-ACCESS,GMMNAV01,GMMNC001,programs/MP/gmmnad01.cbl
GMMNAV01,MP,Medical Payments,MN,ADD,VSAM-ACCESS,,GMMNC001,programs/MP/gmmnav01.cbl
GMMNIL01,MP,Medical Payments,MN,INQUIRE,BUSINESS-LOGIC,GMMNID01,GMMNC001,programs/MP/gmmnil01.cbl
GMMNID01,MP,Medical Payments,MN,INQUIRE,DB2-ACCESS,,GMMNC001,programs/MP/gmmnid01.cbl
GMMNIV01,MP,Medical Payments,MN,INQUIRE,VSAM-ACCESS,,GMMNC001,programs/MP/gmmniv01.cbl
GMMNUL01,MP,Medical Payments,MN,UPDATE,BUSINESS-LOGIC,GMMNUD01,GMMNC001,programs/MP/gmmnul01.cbl
GMMNUD01,MP,Medical Payments,MN,UPDATE,DB2-ACCESS,GMMNUV01,GMMNC001,programs/MP/gmmnud01.cbl
GMMNUV01,MP,Medical Payments,MN,UPDATE,VSAM-ACCESS,,GMMNC001,programs/MP/gmmnuv01.cbl
GMMNDL01,MP,Medical Payments,MN,DELETE,BUSINESS-LOGIC,GMMNDD01,GMMNC001,programs/MP/gmmndl01.cbl
GMMNDD01,MP,Medical Payments,MN,DELETE,DB2-ACCESS,GMMNDV01,GMMNC001,programs/MP/gmmndd01.cbl
GMMNDV01,MP,Medical Payments,MN,DELETE,VSAM-ACCESS,,GMMNC001,programs/MP/gmmndv01.cbl
GMMNRL01,MP,Medical Payments,MN,RATE,BUSINESS-LOGIC,GMMNRD01,GMMNC001,programs/MP/gmmnrl01.cbl
GMMNRD01,MP,Medical Payments,MN,RATE,DB2-ACCESS,,GMMNC001,programs/MP/gmmnrd01.cbl
GMMNRV01,MP,Medical Payments,MN,RATE,VSAM-ACCESS,,GMMNC001,programs/MP/gmmnrv01.cbl
GMMSAL01,MP,Medical Payments,MS,ADD,BUSINESS-LOGIC,GMMSAD01,GMMSC001,programs/MP/gmmsal01.cbl
GMMSAD01,MP,Medical Payments,MS,ADD,DB2-ACCESS,GMMSAV01,GMMSC001,programs/MP/gmmsad01.cbl
GMMSAV01,MP,Medical Payments,MS,ADD,VSAM-ACCESS,,GMMSC001,programs/MP/gmmsav01.cbl
GMMSIL01,MP,Medical Payments,MS,INQUIRE,BUSINESS-LOGIC,GMMSID01,GMMSC001,programs/MP/gmmsil01.cbl
GMMSID01,MP,Medical Payments,MS,INQUIRE,DB2-ACCESS,,GMMSC001,programs/MP/gmmsid01.cbl
GMMSIV01,MP,Medical Payments,MS,INQUIRE,VSAM-ACCESS,,GMMSC001,programs/MP/gmmsiv01.cbl
GMMSUL01,MP,Medical Payments,MS,UPDATE,BUSINESS-LOGIC,GMMSUD01,GMMSC001,programs/MP/gmmsul01.cbl
GMMSUD01,MP,Medical Payments,MS,UPDATE,DB2-ACCESS,GMMSUV01,GMMSC001,programs/MP/gmmsud01.cbl
GMMSUV01,MP,Medical Payments,MS,UPDATE,VSAM-ACCESS,,GMMSC001,programs/MP/gmmsuv01.cbl
GMMSDL01,MP,Medical Payments,MS,DELETE,BUSINESS-LOGIC,GMMSDD01,GMMSC001,programs/MP/gmmsdl01.cbl
GMMSDD01,MP,Medical Payments,MS,DELETE,DB2-ACCESS,GMMSDV01,GMMSC001,programs/MP/gmmsdd01.cbl
GMMSDV01,MP,Medical Payments,MS,DELETE,VSAM-ACCESS,,GMMSC001,programs/MP/gmmsdv01.cbl
GMMSRL01,MP,Medical Payments,MS,RATE,BUSINESS-LOGIC,GMMSRD01,GMMSC001,programs/MP/gmmsrl01.cbl
GMMSRD01,MP,Medical Payments,MS,RATE,DB2-ACCESS,,GMMSC001,programs/MP/gmmsrd01.cbl
GMMSRV01,MP,Medical Payments,MS,RATE,VSAM-ACCESS,,GMMSC001,programs/MP/gmmsrv01.cbl
GMMOAL01,MP,Medical Payments,MO,ADD,BUSINESS-LOGIC,GMMOAD01,GMMOC001,programs/MP/gmmoal01.cbl
GMMOAD01,MP,Medical Payments,MO,ADD,DB2-ACCESS,GMMOAV01,GMMOC001,programs/MP/gmmoad01.cbl
GMMOAV01,MP,Medical Payments,MO,ADD,VSAM-ACCESS,,GMMOC001,programs/MP/gmmoav01.cbl
GMMOIL01,MP,Medical Payments,MO,INQUIRE,BUSINESS-LOGIC,GMMOID01,GMMOC001,programs/MP/gmmoil01.cbl
GMMOID01,MP,Medical Payments,MO,INQUIRE,DB2-ACCESS,,GMMOC001,programs/MP/gmmoid01.cbl
GMMOIV01,MP,Medical Payments,MO,INQUIRE,VSAM-ACCESS,,GMMOC001,programs/MP/gmmoiv01.cbl
GMMOUL01,MP,Medical Payments,MO,UPDATE,BUSINESS-LOGIC,GMMOUD01,GMMOC001,programs/MP/gmmoul01.cbl
GMMOUD01,MP,Medical Payments,MO,UPDATE,DB2-ACCESS,GMMOUV01,GMMOC001,programs/MP/gmmoud01.cbl
GMMOUV01,MP,Medical Payments,MO,UPDATE,VSAM-ACCESS,,GMMOC001,programs/MP/gmmouv01.cbl
GMMODL01,MP,Medical Payments,MO,DELETE,BUSINESS-LOGIC,GMMODD01,GMMOC001,programs/MP/gmmodl01.cbl
GMMODD01,MP,Medical Payments,MO,DELETE,DB2-ACCESS,GMMODV01,GMMOC001,programs/MP/gmmodd01.cbl
GMMODV01,MP,Medical Payments,MO,DELETE,VSAM-ACCESS,,GMMOC001,programs/MP/gmmodv01.cbl
GMMORL01,MP,Medical Payments,MO,RATE,BUSINESS-LOGIC,GMMORD01,GMMOC001,programs/MP/gmmorl01.cbl
GMMORD01,MP,Medical Payments,MO,RATE,DB2-ACCESS,,GMMOC001,programs/MP/gmmord01.cbl
GMMORV01,MP,Medical Payments,MO,RATE,VSAM-ACCESS,,GMMOC001,programs/MP/gmmorv01.cbl
GMMTAL01,MP,Medical Payments,MT,ADD,BUSINESS-LOGIC,GMMTAD01,GMMTC001,programs/MP/gmmtal01.cbl
GMMTAD01,MP,Medical Payments,MT,ADD,DB2-ACCESS,GMMTAV01,GMMTC001,programs/MP/gmmtad01.cbl
GMMTAV01,MP,Medical Payments,MT,ADD,VSAM-ACCESS,,GMMTC001,programs/MP/gmmtav01.cbl
GMMTIL01,MP,Medical Payments,MT,INQUIRE,BUSINESS-LOGIC,GMMTID01,GMMTC001,programs/MP/gmmtil01.cbl
GMMTID01,MP,Medical Payments,MT,INQUIRE,DB2-ACCESS,,GMMTC001,programs/MP/gmmtid01.cbl
GMMTIV01,MP,Medical Payments,MT,INQUIRE,VSAM-ACCESS,,GMMTC001,programs/MP/gmmtiv01.cbl
GMMTUL01,MP,Medical Payments,MT,UPDATE,BUSINESS-LOGIC,GMMTUD01,GMMTC001,programs/MP/gmmtul01.cbl
GMMTUD01,MP,Medical Payments,MT,UPDATE,DB2-ACCESS,GMMTUV01,GMMTC001,programs/MP/gmmtud01.cbl
GMMTUV01,MP,Medical Payments,MT,UPDATE,VSAM-ACCESS,,GMMTC001,programs/MP/gmmtuv01.cbl
GMMTDL01,MP,Medical Payments,MT,DELETE,BUSINESS-LOGIC,GMMTDD01,GMMTC001,programs/MP/gmmtdl01.cbl
GMMTDD01,MP,Medical Payments,MT,DELETE,DB2-ACCESS,GMMTDV01,GMMTC001,programs/MP/gmmtdd01.cbl
GMMTDV01,MP,Medical Payments,MT,DELETE,VSAM-ACCESS,,GMMTC001,programs/MP/gmmtdv01.cbl
GMMTRL01,MP,Medical Payments,MT,RATE,BUSINESS-LOGIC,GMMTRD01,GMMTC001,programs/MP/gmmtrl01.cbl
GMMTRD01,MP,Medical Payments,MT,RATE,DB2-ACCESS,,GMMTC001,programs/MP/gmmtrd01.cbl
GMMTRV01,MP,Medical Payments,MT,RATE,VSAM-ACCESS,,GMMTC001,programs/MP/gmmtrv01.cbl
GMNEAL01,MP,Medical Payments,NE,ADD,BUSINESS-LOGIC,GMNEAD01,GMNEC001,programs/MP/gmneal01.cbl
GMNEAD01,MP,Medical Payments,NE,ADD,DB2-ACCESS,GMNEAV01,GMNEC001,programs/MP/gmnead01.cbl
GMNEAV01,MP,Medical Payments,NE,ADD,VSAM-ACCESS,,GMNEC001,programs/MP/gmneav01.cbl
GMNEIL01,MP,Medical Payments,NE,INQUIRE,BUSINESS-LOGIC,GMNEID01,GMNEC001,programs/MP/gmneil01.cbl
GMNEID01,MP,Medical Payments,NE,INQUIRE,DB2-ACCESS,,GMNEC001,programs/MP/gmneid01.cbl
GMNEIV01,MP,Medical Payments,NE,INQUIRE,VSAM-ACCESS,,GMNEC001,programs/MP/gmneiv01.cbl
GMNEUL01,MP,Medical Payments,NE,UPDATE,BUSINESS-LOGIC,GMNEUD01,GMNEC001,programs/MP/gmneul01.cbl
GMNEUD01,MP,Medical Payments,NE,UPDATE,DB2-ACCESS,GMNEUV01,GMNEC001,programs/MP/gmneud01.cbl
GMNEUV01,MP,Medical Payments,NE,UPDATE,VSAM-ACCESS,,GMNEC001,programs/MP/gmneuv01.cbl
GMNEDL01,MP,Medical Payments,NE,DELETE,BUSINESS-LOGIC,GMNEDD01,GMNEC001,programs/MP/gmnedl01.cbl
GMNEDD01,MP,Medical Payments,NE,DELETE,DB2-ACCESS,GMNEDV01,GMNEC001,programs/MP/gmnedd01.cbl
GMNEDV01,MP,Medical Payments,NE,DELETE,VSAM-ACCESS,,GMNEC001,programs/MP/gmnedv01.cbl
GMNERL01,MP,Medical Payments,NE,RATE,BUSINESS-LOGIC,GMNERD01,GMNEC001,programs/MP/gmnerl01.cbl
GMNERD01,MP,Medical Payments,NE,RATE,DB2-ACCESS,,GMNEC001,programs/MP/gmnerd01.cbl
GMNERV01,MP,Medical Payments,NE,RATE,VSAM-ACCESS,,GMNEC001,programs/MP/gmnerv01.cbl
GMNVAL01,MP,Medical Payments,NV,ADD,BUSINESS-LOGIC,GMNVAD01,GMNVC001,programs/MP/gmnval01.cbl
GMNVAD01,MP,Medical Payments,NV,ADD,DB2-ACCESS,GMNVAV01,GMNVC001,programs/MP/gmnvad01.cbl
GMNVAV01,MP,Medical Payments,NV,ADD,VSAM-ACCESS,,GMNVC001,programs/MP/gmnvav01.cbl
GMNVIL01,MP,Medical Payments,NV,INQUIRE,BUSINESS-LOGIC,GMNVID01,GMNVC001,programs/MP/gmnvil01.cbl
GMNVID01,MP,Medical Payments,NV,INQUIRE,DB2-ACCESS,,GMNVC001,programs/MP/gmnvid01.cbl
GMNVIV01,MP,Medical Payments,NV,INQUIRE,VSAM-ACCESS,,GMNVC001,programs/MP/gmnviv01.cbl
GMNVUL01,MP,Medical Payments,NV,UPDATE,BUSINESS-LOGIC,GMNVUD01,GMNVC001,programs/MP/gmnvul01.cbl
GMNVUD01,MP,Medical Payments,NV,UPDATE,DB2-ACCESS,GMNVUV01,GMNVC001,programs/MP/gmnvud01.cbl
GMNVUV01,MP,Medical Payments,NV,UPDATE,VSAM-ACCESS,,GMNVC001,programs/MP/gmnvuv01.cbl
GMNVDL01,MP,Medical Payments,NV,DELETE,BUSINESS-LOGIC,GMNVDD01,GMNVC001,programs/MP/gmnvdl01.cbl
GMNVDD01,MP,Medical Payments,NV,DELETE,DB2-ACCESS,GMNVDV01,GMNVC001,programs/MP/gmnvdd01.cbl
GMNVDV01,MP,Medical Payments,NV,DELETE,VSAM-ACCESS,,GMNVC001,programs/MP/gmnvdv01.cbl
GMNVRL01,MP,Medical Payments,NV,RATE,BUSINESS-LOGIC,GMNVRD01,GMNVC001,programs/MP/gmnvrl01.cbl
GMNVRD01,MP,Medical Payments,NV,RATE,DB2-ACCESS,,GMNVC001,programs/MP/gmnvrd01.cbl
GMNVRV01,MP,Medical Payments,NV,RATE,VSAM-ACCESS,,GMNVC001,programs/MP/gmnvrv01.cbl
GMNHAL01,MP,Medical Payments,NH,ADD,BUSINESS-LOGIC,GMNHAD01,GMNHC001,programs/MP/gmnhal01.cbl
GMNHAD01,MP,Medical Payments,NH,ADD,DB2-ACCESS,GMNHAV01,GMNHC001,programs/MP/gmnhad01.cbl
GMNHAV01,MP,Medical Payments,NH,ADD,VSAM-ACCESS,,GMNHC001,programs/MP/gmnhav01.cbl
GMNHIL01,MP,Medical Payments,NH,INQUIRE,BUSINESS-LOGIC,GMNHID01,GMNHC001,programs/MP/gmnhil01.cbl
GMNHID01,MP,Medical Payments,NH,INQUIRE,DB2-ACCESS,,GMNHC001,programs/MP/gmnhid01.cbl
GMNHIV01,MP,Medical Payments,NH,INQUIRE,VSAM-ACCESS,,GMNHC001,programs/MP/gmnhiv01.cbl
GMNHUL01,MP,Medical Payments,NH,UPDATE,BUSINESS-LOGIC,GMNHUD01,GMNHC001,programs/MP/gmnhul01.cbl
GMNHUD01,MP,Medical Payments,NH,UPDATE,DB2-ACCESS,GMNHUV01,GMNHC001,programs/MP/gmnhud01.cbl
GMNHUV01,MP,Medical Payments,NH,UPDATE,VSAM-ACCESS,,GMNHC001,programs/MP/gmnhuv01.cbl
GMNHDL01,MP,Medical Payments,NH,DELETE,BUSINESS-LOGIC,GMNHDD01,GMNHC001,programs/MP/gmnhdl01.cbl
GMNHDD01,MP,Medical Payments,NH,DELETE,DB2-ACCESS,GMNHDV01,GMNHC001,programs/MP/gmnhdd01.cbl
GMNHDV01,MP,Medical Payments,NH,DELETE,VSAM-ACCESS,,GMNHC001,programs/MP/gmnhdv01.cbl
GMNHRL01,MP,Medical Payments,NH,RATE,BUSINESS-LOGIC,GMNHRD01,GMNHC001,programs/MP/gmnhrl01.cbl
GMNHRD01,MP,Medical Payments,NH,RATE,DB2-ACCESS,,GMNHC001,programs/MP/gmnhrd01.cbl
GMNHRV01,MP,Medical Payments,NH,RATE,VSAM-ACCESS,,GMNHC001,programs/MP/gmnhrv01.cbl
GMNJAL01,MP,Medical Payments,NJ,ADD,BUSINESS-LOGIC,GMNJAD01,GMNJC001,programs/MP/gmnjal01.cbl
GMNJAD01,MP,Medical Payments,NJ,ADD,DB2-ACCESS,GMNJAV01,GMNJC001,programs/MP/gmnjad01.cbl
GMNJAV01,MP,Medical Payments,NJ,ADD,VSAM-ACCESS,,GMNJC001,programs/MP/gmnjav01.cbl
GMNJIL01,MP,Medical Payments,NJ,INQUIRE,BUSINESS-LOGIC,GMNJID01,GMNJC001,programs/MP/gmnjil01.cbl
GMNJID01,MP,Medical Payments,NJ,INQUIRE,DB2-ACCESS,,GMNJC001,programs/MP/gmnjid01.cbl
GMNJIV01,MP,Medical Payments,NJ,INQUIRE,VSAM-ACCESS,,GMNJC001,programs/MP/gmnjiv01.cbl
GMNJUL01,MP,Medical Payments,NJ,UPDATE,BUSINESS-LOGIC,GMNJUD01,GMNJC001,programs/MP/gmnjul01.cbl
GMNJUD01,MP,Medical Payments,NJ,UPDATE,DB2-ACCESS,GMNJUV01,GMNJC001,programs/MP/gmnjud01.cbl
GMNJUV01,MP,Medical Payments,NJ,UPDATE,VSAM-ACCESS,,GMNJC001,programs/MP/gmnjuv01.cbl
GMNJDL01,MP,Medical Payments,NJ,DELETE,BUSINESS-LOGIC,GMNJDD01,GMNJC001,programs/MP/gmnjdl01.cbl
GMNJDD01,MP,Medical Payments,NJ,DELETE,DB2-ACCESS,GMNJDV01,GMNJC001,programs/MP/gmnjdd01.cbl
GMNJDV01,MP,Medical Payments,NJ,DELETE,VSAM-ACCESS,,GMNJC001,programs/MP/gmnjdv01.cbl
GMNJRL01,MP,Medical Payments,NJ,RATE,BUSINESS-LOGIC,GMNJRD01,GMNJC001,programs/MP/gmnjrl01.cbl
GMNJRD01,MP,Medical Payments,NJ,RATE,DB2-ACCESS,,GMNJC001,programs/MP/gmnjrd01.cbl
GMNJRV01,MP,Medical Payments,NJ,RATE,VSAM-ACCESS,,GMNJC001,programs/MP/gmnjrv01.cbl
GMNMAL01,MP,Medical Payments,NM,ADD,BUSINESS-LOGIC,GMNMAD01,GMNMC001,programs/MP/gmnmal01.cbl
GMNMAD01,MP,Medical Payments,NM,ADD,DB2-ACCESS,GMNMAV01,GMNMC001,programs/MP/gmnmad01.cbl
GMNMAV01,MP,Medical Payments,NM,ADD,VSAM-ACCESS,,GMNMC001,programs/MP/gmnmav01.cbl
GMNMIL01,MP,Medical Payments,NM,INQUIRE,BUSINESS-LOGIC,GMNMID01,GMNMC001,programs/MP/gmnmil01.cbl
GMNMID01,MP,Medical Payments,NM,INQUIRE,DB2-ACCESS,,GMNMC001,programs/MP/gmnmid01.cbl
GMNMIV01,MP,Medical Payments,NM,INQUIRE,VSAM-ACCESS,,GMNMC001,programs/MP/gmnmiv01.cbl
GMNMUL01,MP,Medical Payments,NM,UPDATE,BUSINESS-LOGIC,GMNMUD01,GMNMC001,programs/MP/gmnmul01.cbl
GMNMUD01,MP,Medical Payments,NM,UPDATE,DB2-ACCESS,GMNMUV01,GMNMC001,programs/MP/gmnmud01.cbl
GMNMUV01,MP,Medical Payments,NM,UPDATE,VSAM-ACCESS,,GMNMC001,programs/MP/gmnmuv01.cbl
GMNMDL01,MP,Medical Payments,NM,DELETE,BUSINESS-LOGIC,GMNMDD01,GMNMC001,programs/MP/gmnmdl01.cbl
GMNMDD01,MP,Medical Payments,NM,DELETE,DB2-ACCESS,GMNMDV01,GMNMC001,programs/MP/gmnmdd01.cbl
GMNMDV01,MP,Medical Payments,NM,DELETE,VSAM-ACCESS,,GMNMC001,programs/MP/gmnmdv01.cbl
GMNMRL01,MP,Medical Payments,NM,RATE,BUSINESS-LOGIC,GMNMRD01,GMNMC001,programs/MP/gmnmrl01.cbl
GMNMRD01,MP,Medical Payments,NM,RATE,DB2-ACCESS,,GMNMC001,programs/MP/gmnmrd01.cbl
GMNMRV01,MP,Medical Payments,NM,RATE,VSAM-ACCESS,,GMNMC001,programs/MP/gmnmrv01.cbl
GMNYAL01,MP,Medical Payments,NY,ADD,BUSINESS-LOGIC,GMNYAD01,GMNYC001,programs/MP/gmnyal01.cbl
GMNYAD01,MP,Medical Payments,NY,ADD,DB2-ACCESS,GMNYAV01,GMNYC001,programs/MP/gmnyad01.cbl
GMNYAV01,MP,Medical Payments,NY,ADD,VSAM-ACCESS,,GMNYC001,programs/MP/gmnyav01.cbl
GMNYIL01,MP,Medical Payments,NY,INQUIRE,BUSINESS-LOGIC,GMNYID01,GMNYC001,programs/MP/gmnyil01.cbl
GMNYID01,MP,Medical Payments,NY,INQUIRE,DB2-ACCESS,,GMNYC001,programs/MP/gmnyid01.cbl
GMNYIV01,MP,Medical Payments,NY,INQUIRE,VSAM-ACCESS,,GMNYC001,programs/MP/gmnyiv01.cbl
GMNYUL01,MP,Medical Payments,NY,UPDATE,BUSINESS-LOGIC,GMNYUD01,GMNYC001,programs/MP/gmnyul01.cbl
GMNYUD01,MP,Medical Payments,NY,UPDATE,DB2-ACCESS,GMNYUV01,GMNYC001,programs/MP/gmnyud01.cbl
GMNYUV01,MP,Medical Payments,NY,UPDATE,VSAM-ACCESS,,GMNYC001,programs/MP/gmnyuv01.cbl
GMNYDL01,MP,Medical Payments,NY,DELETE,BUSINESS-LOGIC,GMNYDD01,GMNYC001,programs/MP/gmnydl01.cbl
GMNYDD01,MP,Medical Payments,NY,DELETE,DB2-ACCESS,GMNYDV01,GMNYC001,programs/MP/gmnydd01.cbl
GMNYDV01,MP,Medical Payments,NY,DELETE,VSAM-ACCESS,,GMNYC001,programs/MP/gmnydv01.cbl
GMNYRL01,MP,Medical Payments,NY,RATE,BUSINESS-LOGIC,GMNYRD01,GMNYC001,programs/MP/gmnyrl01.cbl
GMNYRD01,MP,Medical Payments,NY,RATE,DB2-ACCESS,,GMNYC001,programs/MP/gmnyrd01.cbl
GMNYRV01,MP,Medical Payments,NY,RATE,VSAM-ACCESS,,GMNYC001,programs/MP/gmnyrv01.cbl
GMNCAL01,MP,Medical Payments,NC,ADD,BUSINESS-LOGIC,GMNCAD01,GMNCC001,programs/MP/gmncal01.cbl
GMNCAD01,MP,Medical Payments,NC,ADD,DB2-ACCESS,GMNCAV01,GMNCC001,programs/MP/gmncad01.cbl
GMNCAV01,MP,Medical Payments,NC,ADD,VSAM-ACCESS,,GMNCC001,programs/MP/gmncav01.cbl
GMNCIL01,MP,Medical Payments,NC,INQUIRE,BUSINESS-LOGIC,GMNCID01,GMNCC001,programs/MP/gmncil01.cbl
GMNCID01,MP,Medical Payments,NC,INQUIRE,DB2-ACCESS,,GMNCC001,programs/MP/gmncid01.cbl
GMNCIV01,MP,Medical Payments,NC,INQUIRE,VSAM-ACCESS,,GMNCC001,programs/MP/gmnciv01.cbl
GMNCUL01,MP,Medical Payments,NC,UPDATE,BUSINESS-LOGIC,GMNCUD01,GMNCC001,programs/MP/gmncul01.cbl
GMNCUD01,MP,Medical Payments,NC,UPDATE,DB2-ACCESS,GMNCUV01,GMNCC001,programs/MP/gmncud01.cbl
GMNCUV01,MP,Medical Payments,NC,UPDATE,VSAM-ACCESS,,GMNCC001,programs/MP/gmncuv01.cbl
GMNCDL01,MP,Medical Payments,NC,DELETE,BUSINESS-LOGIC,GMNCDD01,GMNCC001,programs/MP/gmncdl01.cbl
GMNCDD01,MP,Medical Payments,NC,DELETE,DB2-ACCESS,GMNCDV01,GMNCC001,programs/MP/gmncdd01.cbl
GMNCDV01,MP,Medical Payments,NC,DELETE,VSAM-ACCESS,,GMNCC001,programs/MP/gmncdv01.cbl
GMNCRL01,MP,Medical Payments,NC,RATE,BUSINESS-LOGIC,GMNCRD01,GMNCC001,programs/MP/gmncrl01.cbl
GMNCRD01,MP,Medical Payments,NC,RATE,DB2-ACCESS,,GMNCC001,programs/MP/gmncrd01.cbl
GMNCRV01,MP,Medical Payments,NC,RATE,VSAM-ACCESS,,GMNCC001,programs/MP/gmncrv01.cbl
GMNDAL01,MP,Medical Payments,ND,ADD,BUSINESS-LOGIC,GMNDAD01,GMNDC001,programs/MP/gmndal01.cbl
GMNDAD01,MP,Medical Payments,ND,ADD,DB2-ACCESS,GMNDAV01,GMNDC001,programs/MP/gmndad01.cbl
GMNDAV01,MP,Medical Payments,ND,ADD,VSAM-ACCESS,,GMNDC001,programs/MP/gmndav01.cbl
GMNDIL01,MP,Medical Payments,ND,INQUIRE,BUSINESS-LOGIC,GMNDID01,GMNDC001,programs/MP/gmndil01.cbl
GMNDID01,MP,Medical Payments,ND,INQUIRE,DB2-ACCESS,,GMNDC001,programs/MP/gmndid01.cbl
GMNDIV01,MP,Medical Payments,ND,INQUIRE,VSAM-ACCESS,,GMNDC001,programs/MP/gmndiv01.cbl
GMNDUL01,MP,Medical Payments,ND,UPDATE,BUSINESS-LOGIC,GMNDUD01,GMNDC001,programs/MP/gmndul01.cbl
GMNDUD01,MP,Medical Payments,ND,UPDATE,DB2-ACCESS,GMNDUV01,GMNDC001,programs/MP/gmndud01.cbl
GMNDUV01,MP,Medical Payments,ND,UPDATE,VSAM-ACCESS,,GMNDC001,programs/MP/gmnduv01.cbl
GMNDDL01,MP,Medical Payments,ND,DELETE,BUSINESS-LOGIC,GMNDDD01,GMNDC001,programs/MP/gmnddl01.cbl
GMNDDD01,MP,Medical Payments,ND,DELETE,DB2-ACCESS,GMNDDV01,GMNDC001,programs/MP/gmnddd01.cbl
GMNDDV01,MP,Medical Payments,ND,DELETE,VSAM-ACCESS,,GMNDC001,programs/MP/gmnddv01.cbl
GMNDRL01,MP,Medical Payments,ND,RATE,BUSINESS-LOGIC,GMNDRD01,GMNDC001,programs/MP/gmndrl01.cbl
GMNDRD01,MP,Medical Payments,ND,RATE,DB2-ACCESS,,GMNDC001,programs/MP/gmndrd01.cbl
GMNDRV01,MP,Medical Payments,ND,RATE,VSAM-ACCESS,,GMNDC001,programs/MP/gmndrv01.cbl
GMOHAL01,MP,Medical Payments,OH,ADD,BUSINESS-LOGIC,GMOHAD01,GMOHC001,programs/MP/gmohal01.cbl
GMOHAD01,MP,Medical Payments,OH,ADD,DB2-ACCESS,GMOHAV01,GMOHC001,programs/MP/gmohad01.cbl
GMOHAV01,MP,Medical Payments,OH,ADD,VSAM-ACCESS,,GMOHC001,programs/MP/gmohav01.cbl
GMOHIL01,MP,Medical Payments,OH,INQUIRE,BUSINESS-LOGIC,GMOHID01,GMOHC001,programs/MP/gmohil01.cbl
GMOHID01,MP,Medical Payments,OH,INQUIRE,DB2-ACCESS,,GMOHC001,programs/MP/gmohid01.cbl
GMOHIV01,MP,Medical Payments,OH,INQUIRE,VSAM-ACCESS,,GMOHC001,programs/MP/gmohiv01.cbl
GMOHUL01,MP,Medical Payments,OH,UPDATE,BUSINESS-LOGIC,GMOHUD01,GMOHC001,programs/MP/gmohul01.cbl
GMOHUD01,MP,Medical Payments,OH,UPDATE,DB2-ACCESS,GMOHUV01,GMOHC001,programs/MP/gmohud01.cbl
GMOHUV01,MP,Medical Payments,OH,UPDATE,VSAM-ACCESS,,GMOHC001,programs/MP/gmohuv01.cbl
GMOHDL01,MP,Medical Payments,OH,DELETE,BUSINESS-LOGIC,GMOHDD01,GMOHC001,programs/MP/gmohdl01.cbl
GMOHDD01,MP,Medical Payments,OH,DELETE,DB2-ACCESS,GMOHDV01,GMOHC001,programs/MP/gmohdd01.cbl
GMOHDV01,MP,Medical Payments,OH,DELETE,VSAM-ACCESS,,GMOHC001,programs/MP/gmohdv01.cbl
GMOHRL01,MP,Medical Payments,OH,RATE,BUSINESS-LOGIC,GMOHRD01,GMOHC001,programs/MP/gmohrl01.cbl
GMOHRD01,MP,Medical Payments,OH,RATE,DB2-ACCESS,,GMOHC001,programs/MP/gmohrd01.cbl
GMOHRV01,MP,Medical Payments,OH,RATE,VSAM-ACCESS,,GMOHC001,programs/MP/gmohrv01.cbl
GMOKAL01,MP,Medical Payments,OK,ADD,BUSINESS-LOGIC,GMOKAD01,GMOKC001,programs/MP/gmokal01.cbl
GMOKAD01,MP,Medical Payments,OK,ADD,DB2-ACCESS,GMOKAV01,GMOKC001,programs/MP/gmokad01.cbl
GMOKAV01,MP,Medical Payments,OK,ADD,VSAM-ACCESS,,GMOKC001,programs/MP/gmokav01.cbl
GMOKIL01,MP,Medical Payments,OK,INQUIRE,BUSINESS-LOGIC,GMOKID01,GMOKC001,programs/MP/gmokil01.cbl
GMOKID01,MP,Medical Payments,OK,INQUIRE,DB2-ACCESS,,GMOKC001,programs/MP/gmokid01.cbl
GMOKIV01,MP,Medical Payments,OK,INQUIRE,VSAM-ACCESS,,GMOKC001,programs/MP/gmokiv01.cbl
GMOKUL01,MP,Medical Payments,OK,UPDATE,BUSINESS-LOGIC,GMOKUD01,GMOKC001,programs/MP/gmokul01.cbl
GMOKUD01,MP,Medical Payments,OK,UPDATE,DB2-ACCESS,GMOKUV01,GMOKC001,programs/MP/gmokud01.cbl
GMOKUV01,MP,Medical Payments,OK,UPDATE,VSAM-ACCESS,,GMOKC001,programs/MP/gmokuv01.cbl
GMOKDL01,MP,Medical Payments,OK,DELETE,BUSINESS-LOGIC,GMOKDD01,GMOKC001,programs/MP/gmokdl01.cbl
GMOKDD01,MP,Medical Payments,OK,DELETE,DB2-ACCESS,GMOKDV01,GMOKC001,programs/MP/gmokdd01.cbl
GMOKDV01,MP,Medical Payments,OK,DELETE,VSAM-ACCESS,,GMOKC001,programs/MP/gmokdv01.cbl
GMOKRL01,MP,Medical Payments,OK,RATE,BUSINESS-LOGIC,GMOKRD01,GMOKC001,programs/MP/gmokrl01.cbl
GMOKRD01,MP,Medical Payments,OK,RATE,DB2-ACCESS,,GMOKC001,programs/MP/gmokrd01.cbl
GMOKRV01,MP,Medical Payments,OK,RATE,VSAM-ACCESS,,GMOKC001,programs/MP/gmokrv01.cbl
GMORAL01,MP,Medical Payments,OR,ADD,BUSINESS-LOGIC,GMORAD01,GMORC001,programs/MP/gmoral01.cbl
GMORAD01,MP,Medical Payments,OR,ADD,DB2-ACCESS,GMORAV01,GMORC001,programs/MP/gmorad01.cbl
GMORAV01,MP,Medical Payments,OR,ADD,VSAM-ACCESS,,GMORC001,programs/MP/gmorav01.cbl
GMORIL01,MP,Medical Payments,OR,INQUIRE,BUSINESS-LOGIC,GMORID01,GMORC001,programs/MP/gmoril01.cbl
GMORID01,MP,Medical Payments,OR,INQUIRE,DB2-ACCESS,,GMORC001,programs/MP/gmorid01.cbl
GMORIV01,MP,Medical Payments,OR,INQUIRE,VSAM-ACCESS,,GMORC001,programs/MP/gmoriv01.cbl
GMORUL01,MP,Medical Payments,OR,UPDATE,BUSINESS-LOGIC,GMORUD01,GMORC001,programs/MP/gmorul01.cbl
GMORUD01,MP,Medical Payments,OR,UPDATE,DB2-ACCESS,GMORUV01,GMORC001,programs/MP/gmorud01.cbl
GMORUV01,MP,Medical Payments,OR,UPDATE,VSAM-ACCESS,,GMORC001,programs/MP/gmoruv01.cbl
GMORDL01,MP,Medical Payments,OR,DELETE,BUSINESS-LOGIC,GMORDD01,GMORC001,programs/MP/gmordl01.cbl
GMORDD01,MP,Medical Payments,OR,DELETE,DB2-ACCESS,GMORDV01,GMORC001,programs/MP/gmordd01.cbl
GMORDV01,MP,Medical Payments,OR,DELETE,VSAM-ACCESS,,GMORC001,programs/MP/gmordv01.cbl
GMORRL01,MP,Medical Payments,OR,RATE,BUSINESS-LOGIC,GMORRD01,GMORC001,programs/MP/gmorrl01.cbl
GMORRD01,MP,Medical Payments,OR,RATE,DB2-ACCESS,,GMORC001,programs/MP/gmorrd01.cbl
GMORRV01,MP,Medical Payments,OR,RATE,VSAM-ACCESS,,GMORC001,programs/MP/gmorrv01.cbl
GMPAAL01,MP,Medical Payments,PA,ADD,BUSINESS-LOGIC,GMPAAD01,GMPAC001,programs/MP/gmpaal01.cbl
GMPAAD01,MP,Medical Payments,PA,ADD,DB2-ACCESS,GMPAAV01,GMPAC001,programs/MP/gmpaad01.cbl
GMPAAV01,MP,Medical Payments,PA,ADD,VSAM-ACCESS,,GMPAC001,programs/MP/gmpaav01.cbl
GMPAIL01,MP,Medical Payments,PA,INQUIRE,BUSINESS-LOGIC,GMPAID01,GMPAC001,programs/MP/gmpail01.cbl
GMPAID01,MP,Medical Payments,PA,INQUIRE,DB2-ACCESS,,GMPAC001,programs/MP/gmpaid01.cbl
GMPAIV01,MP,Medical Payments,PA,INQUIRE,VSAM-ACCESS,,GMPAC001,programs/MP/gmpaiv01.cbl
GMPAUL01,MP,Medical Payments,PA,UPDATE,BUSINESS-LOGIC,GMPAUD01,GMPAC001,programs/MP/gmpaul01.cbl
GMPAUD01,MP,Medical Payments,PA,UPDATE,DB2-ACCESS,GMPAUV01,GMPAC001,programs/MP/gmpaud01.cbl
GMPAUV01,MP,Medical Payments,PA,UPDATE,VSAM-ACCESS,,GMPAC001,programs/MP/gmpauv01.cbl
GMPADL01,MP,Medical Payments,PA,DELETE,BUSINESS-LOGIC,GMPADD01,GMPAC001,programs/MP/gmpadl01.cbl
GMPADD01,MP,Medical Payments,PA,DELETE,DB2-ACCESS,GMPADV01,GMPAC001,programs/MP/gmpadd01.cbl
GMPADV01,MP,Medical Payments,PA,DELETE,VSAM-ACCESS,,GMPAC001,programs/MP/gmpadv01.cbl
GMPARL01,MP,Medical Payments,PA,RATE,BUSINESS-LOGIC,GMPARD01,GMPAC001,programs/MP/gmparl01.cbl
GMPARD01,MP,Medical Payments,PA,RATE,DB2-ACCESS,,GMPAC001,programs/MP/gmpard01.cbl
GMPARV01,MP,Medical Payments,PA,RATE,VSAM-ACCESS,,GMPAC001,programs/MP/gmparv01.cbl
GMRIAL01,MP,Medical Payments,RI,ADD,BUSINESS-LOGIC,GMRIAD01,GMRIC001,programs/MP/gmrial01.cbl
GMRIAD01,MP,Medical Payments,RI,ADD,DB2-ACCESS,GMRIAV01,GMRIC001,programs/MP/gmriad01.cbl
GMRIAV01,MP,Medical Payments,RI,ADD,VSAM-ACCESS,,GMRIC001,programs/MP/gmriav01.cbl
GMRIIL01,MP,Medical Payments,RI,INQUIRE,BUSINESS-LOGIC,GMRIID01,GMRIC001,programs/MP/gmriil01.cbl
GMRIID01,MP,Medical Payments,RI,INQUIRE,DB2-ACCESS,,GMRIC001,programs/MP/gmriid01.cbl
GMRIIV01,MP,Medical Payments,RI,INQUIRE,VSAM-ACCESS,,GMRIC001,programs/MP/gmriiv01.cbl
GMRIUL01,MP,Medical Payments,RI,UPDATE,BUSINESS-LOGIC,GMRIUD01,GMRIC001,programs/MP/gmriul01.cbl
GMRIUD01,MP,Medical Payments,RI,UPDATE,DB2-ACCESS,GMRIUV01,GMRIC001,programs/MP/gmriud01.cbl
GMRIUV01,MP,Medical Payments,RI,UPDATE,VSAM-ACCESS,,GMRIC001,programs/MP/gmriuv01.cbl
GMRIDL01,MP,Medical Payments,RI,DELETE,BUSINESS-LOGIC,GMRIDD01,GMRIC001,programs/MP/gmridl01.cbl
GMRIDD01,MP,Medical Payments,RI,DELETE,DB2-ACCESS,GMRIDV01,GMRIC001,programs/MP/gmridd01.cbl
GMRIDV01,MP,Medical Payments,RI,DELETE,VSAM-ACCESS,,GMRIC001,programs/MP/gmridv01.cbl
GMRIRL01,MP,Medical Payments,RI,RATE,BUSINESS-LOGIC,GMRIRD01,GMRIC001,programs/MP/gmrirl01.cbl
GMRIRD01,MP,Medical Payments,RI,RATE,DB2-ACCESS,,GMRIC001,programs/MP/gmrird01.cbl
GMRIRV01,MP,Medical Payments,RI,RATE,VSAM-ACCESS,,GMRIC001,programs/MP/gmrirv01.cbl
GMSCAL01,MP,Medical Payments,SC,ADD,BUSINESS-LOGIC,GMSCAD01,GMSCC001,programs/MP/gmscal01.cbl
GMSCAD01,MP,Medical Payments,SC,ADD,DB2-ACCESS,GMSCAV01,GMSCC001,programs/MP/gmscad01.cbl
GMSCAV01,MP,Medical Payments,SC,ADD,VSAM-ACCESS,,GMSCC001,programs/MP/gmscav01.cbl
GMSCIL01,MP,Medical Payments,SC,INQUIRE,BUSINESS-LOGIC,GMSCID01,GMSCC001,programs/MP/gmscil01.cbl
GMSCID01,MP,Medical Payments,SC,INQUIRE,DB2-ACCESS,,GMSCC001,programs/MP/gmscid01.cbl
GMSCIV01,MP,Medical Payments,SC,INQUIRE,VSAM-ACCESS,,GMSCC001,programs/MP/gmsciv01.cbl
GMSCUL01,MP,Medical Payments,SC,UPDATE,BUSINESS-LOGIC,GMSCUD01,GMSCC001,programs/MP/gmscul01.cbl
GMSCUD01,MP,Medical Payments,SC,UPDATE,DB2-ACCESS,GMSCUV01,GMSCC001,programs/MP/gmscud01.cbl
GMSCUV01,MP,Medical Payments,SC,UPDATE,VSAM-ACCESS,,GMSCC001,programs/MP/gmscuv01.cbl
GMSCDL01,MP,Medical Payments,SC,DELETE,BUSINESS-LOGIC,GMSCDD01,GMSCC001,programs/MP/gmscdl01.cbl
GMSCDD01,MP,Medical Payments,SC,DELETE,DB2-ACCESS,GMSCDV01,GMSCC001,programs/MP/gmscdd01.cbl
GMSCDV01,MP,Medical Payments,SC,DELETE,VSAM-ACCESS,,GMSCC001,programs/MP/gmscdv01.cbl
GMSCRL01,MP,Medical Payments,SC,RATE,BUSINESS-LOGIC,GMSCRD01,GMSCC001,programs/MP/gmscrl01.cbl
GMSCRD01,MP,Medical Payments,SC,RATE,DB2-ACCESS,,GMSCC001,programs/MP/gmscrd01.cbl
GMSCRV01,MP,Medical Payments,SC,RATE,VSAM-ACCESS,,GMSCC001,programs/MP/gmscrv01.cbl
GMSDAL01,MP,Medical Payments,SD,ADD,BUSINESS-LOGIC,GMSDAD01,GMSDC001,programs/MP/gmsdal01.cbl
GMSDAD01,MP,Medical Payments,SD,ADD,DB2-ACCESS,GMSDAV01,GMSDC001,programs/MP/gmsdad01.cbl
GMSDAV01,MP,Medical Payments,SD,ADD,VSAM-ACCESS,,GMSDC001,programs/MP/gmsdav01.cbl
GMSDIL01,MP,Medical Payments,SD,INQUIRE,BUSINESS-LOGIC,GMSDID01,GMSDC001,programs/MP/gmsdil01.cbl
GMSDID01,MP,Medical Payments,SD,INQUIRE,DB2-ACCESS,,GMSDC001,programs/MP/gmsdid01.cbl
GMSDIV01,MP,Medical Payments,SD,INQUIRE,VSAM-ACCESS,,GMSDC001,programs/MP/gmsdiv01.cbl
GMSDUL01,MP,Medical Payments,SD,UPDATE,BUSINESS-LOGIC,GMSDUD01,GMSDC001,programs/MP/gmsdul01.cbl
GMSDUD01,MP,Medical Payments,SD,UPDATE,DB2-ACCESS,GMSDUV01,GMSDC001,programs/MP/gmsdud01.cbl
GMSDUV01,MP,Medical Payments,SD,UPDATE,VSAM-ACCESS,,GMSDC001,programs/MP/gmsduv01.cbl
GMSDDL01,MP,Medical Payments,SD,DELETE,BUSINESS-LOGIC,GMSDDD01,GMSDC001,programs/MP/gmsddl01.cbl
GMSDDD01,MP,Medical Payments,SD,DELETE,DB2-ACCESS,GMSDDV01,GMSDC001,programs/MP/gmsddd01.cbl
GMSDDV01,MP,Medical Payments,SD,DELETE,VSAM-ACCESS,,GMSDC001,programs/MP/gmsddv01.cbl
GMSDRL01,MP,Medical Payments,SD,RATE,BUSINESS-LOGIC,GMSDRD01,GMSDC001,programs/MP/gmsdrl01.cbl
GMSDRD01,MP,Medical Payments,SD,RATE,DB2-ACCESS,,GMSDC001,programs/MP/gmsdrd01.cbl
GMSDRV01,MP,Medical Payments,SD,RATE,VSAM-ACCESS,,GMSDC001,programs/MP/gmsdrv01.cbl
GMTNAL01,MP,Medical Payments,TN,ADD,BUSINESS-LOGIC,GMTNAD01,GMTNC001,programs/MP/gmtnal01.cbl
GMTNAD01,MP,Medical Payments,TN,ADD,DB2-ACCESS,GMTNAV01,GMTNC001,programs/MP/gmtnad01.cbl
GMTNAV01,MP,Medical Payments,TN,ADD,VSAM-ACCESS,,GMTNC001,programs/MP/gmtnav01.cbl
GMTNIL01,MP,Medical Payments,TN,INQUIRE,BUSINESS-LOGIC,GMTNID01,GMTNC001,programs/MP/gmtnil01.cbl
GMTNID01,MP,Medical Payments,TN,INQUIRE,DB2-ACCESS,,GMTNC001,programs/MP/gmtnid01.cbl
GMTNIV01,MP,Medical Payments,TN,INQUIRE,VSAM-ACCESS,,GMTNC001,programs/MP/gmtniv01.cbl
GMTNUL01,MP,Medical Payments,TN,UPDATE,BUSINESS-LOGIC,GMTNUD01,GMTNC001,programs/MP/gmtnul01.cbl
GMTNUD01,MP,Medical Payments,TN,UPDATE,DB2-ACCESS,GMTNUV01,GMTNC001,programs/MP/gmtnud01.cbl
GMTNUV01,MP,Medical Payments,TN,UPDATE,VSAM-ACCESS,,GMTNC001,programs/MP/gmtnuv01.cbl
GMTNDL01,MP,Medical Payments,TN,DELETE,BUSINESS-LOGIC,GMTNDD01,GMTNC001,programs/MP/gmtndl01.cbl
GMTNDD01,MP,Medical Payments,TN,DELETE,DB2-ACCESS,GMTNDV01,GMTNC001,programs/MP/gmtndd01.cbl
GMTNDV01,MP,Medical Payments,TN,DELETE,VSAM-ACCESS,,GMTNC001,programs/MP/gmtndv01.cbl
GMTNRL01,MP,Medical Payments,TN,RATE,BUSINESS-LOGIC,GMTNRD01,GMTNC001,programs/MP/gmtnrl01.cbl
GMTNRD01,MP,Medical Payments,TN,RATE,DB2-ACCESS,,GMTNC001,programs/MP/gmtnrd01.cbl
GMTNRV01,MP,Medical Payments,TN,RATE,VSAM-ACCESS,,GMTNC001,programs/MP/gmtnrv01.cbl
GMTXAL01,MP,Medical Payments,TX,ADD,BUSINESS-LOGIC,GMTXAD01,GMTXC001,programs/MP/gmtxal01.cbl
GMTXAD01,MP,Medical Payments,TX,ADD,DB2-ACCESS,GMTXAV01,GMTXC001,programs/MP/gmtxad01.cbl
GMTXAV01,MP,Medical Payments,TX,ADD,VSAM-ACCESS,,GMTXC001,programs/MP/gmtxav01.cbl
GMTXIL01,MP,Medical Payments,TX,INQUIRE,BUSINESS-LOGIC,GMTXID01,GMTXC001,programs/MP/gmtxil01.cbl
GMTXID01,MP,Medical Payments,TX,INQUIRE,DB2-ACCESS,,GMTXC001,programs/MP/gmtxid01.cbl
GMTXIV01,MP,Medical Payments,TX,INQUIRE,VSAM-ACCESS,,GMTXC001,programs/MP/gmtxiv01.cbl
GMTXUL01,MP,Medical Payments,TX,UPDATE,BUSINESS-LOGIC,GMTXUD01,GMTXC001,programs/MP/gmtxul01.cbl
GMTXUD01,MP,Medical Payments,TX,UPDATE,DB2-ACCESS,GMTXUV01,GMTXC001,programs/MP/gmtxud01.cbl
GMTXUV01,MP,Medical Payments,TX,UPDATE,VSAM-ACCESS,,GMTXC001,programs/MP/gmtxuv01.cbl
GMTXDL01,MP,Medical Payments,TX,DELETE,BUSINESS-LOGIC,GMTXDD01,GMTXC001,programs/MP/gmtxdl01.cbl
GMTXDD01,MP,Medical Payments,TX,DELETE,DB2-ACCESS,GMTXDV01,GMTXC001,programs/MP/gmtxdd01.cbl
GMTXDV01,MP,Medical Payments,TX,DELETE,VSAM-ACCESS,,GMTXC001,programs/MP/gmtxdv01.cbl
GMTXRL01,MP,Medical Payments,TX,RATE,BUSINESS-LOGIC,GMTXRD01,GMTXC001,programs/MP/gmtxrl01.cbl
GMTXRD01,MP,Medical Payments,TX,RATE,DB2-ACCESS,,GMTXC001,programs/MP/gmtxrd01.cbl
GMTXRV01,MP,Medical Payments,TX,RATE,VSAM-ACCESS,,GMTXC001,programs/MP/gmtxrv01.cbl
GMUTAL01,MP,Medical Payments,UT,ADD,BUSINESS-LOGIC,GMUTAD01,GMUTC001,programs/MP/gmutal01.cbl
GMUTAD01,MP,Medical Payments,UT,ADD,DB2-ACCESS,GMUTAV01,GMUTC001,programs/MP/gmutad01.cbl
GMUTAV01,MP,Medical Payments,UT,ADD,VSAM-ACCESS,,GMUTC001,programs/MP/gmutav01.cbl
GMUTIL01,MP,Medical Payments,UT,INQUIRE,BUSINESS-LOGIC,GMUTID01,GMUTC001,programs/MP/gmutil01.cbl
GMUTID01,MP,Medical Payments,UT,INQUIRE,DB2-ACCESS,,GMUTC001,programs/MP/gmutid01.cbl
GMUTIV01,MP,Medical Payments,UT,INQUIRE,VSAM-ACCESS,,GMUTC001,programs/MP/gmutiv01.cbl
GMUTUL01,MP,Medical Payments,UT,UPDATE,BUSINESS-LOGIC,GMUTUD01,GMUTC001,programs/MP/gmutul01.cbl
GMUTUD01,MP,Medical Payments,UT,UPDATE,DB2-ACCESS,GMUTUV01,GMUTC001,programs/MP/gmutud01.cbl
GMUTUV01,MP,Medical Payments,UT,UPDATE,VSAM-ACCESS,,GMUTC001,programs/MP/gmutuv01.cbl
GMUTDL01,MP,Medical Payments,UT,DELETE,BUSINESS-LOGIC,GMUTDD01,GMUTC001,programs/MP/gmutdl01.cbl
GMUTDD01,MP,Medical Payments,UT,DELETE,DB2-ACCESS,GMUTDV01,GMUTC001,programs/MP/gmutdd01.cbl
GMUTDV01,MP,Medical Payments,UT,DELETE,VSAM-ACCESS,,GMUTC001,programs/MP/gmutdv01.cbl
GMUTRL01,MP,Medical Payments,UT,RATE,BUSINESS-LOGIC,GMUTRD01,GMUTC001,programs/MP/gmutrl01.cbl
GMUTRD01,MP,Medical Payments,UT,RATE,DB2-ACCESS,,GMUTC001,programs/MP/gmutrd01.cbl
GMUTRV01,MP,Medical Payments,UT,RATE,VSAM-ACCESS,,GMUTC001,programs/MP/gmutrv01.cbl
GMVTAL01,MP,Medical Payments,VT,ADD,BUSINESS-LOGIC,GMVTAD01,GMVTC001,programs/MP/gmvtal01.cbl
GMVTAD01,MP,Medical Payments,VT,ADD,DB2-ACCESS,GMVTAV01,GMVTC001,programs/MP/gmvtad01.cbl
GMVTAV01,MP,Medical Payments,VT,ADD,VSAM-ACCESS,,GMVTC001,programs/MP/gmvtav01.cbl
GMVTIL01,MP,Medical Payments,VT,INQUIRE,BUSINESS-LOGIC,GMVTID01,GMVTC001,programs/MP/gmvtil01.cbl
GMVTID01,MP,Medical Payments,VT,INQUIRE,DB2-ACCESS,,GMVTC001,programs/MP/gmvtid01.cbl
GMVTIV01,MP,Medical Payments,VT,INQUIRE,VSAM-ACCESS,,GMVTC001,programs/MP/gmvtiv01.cbl
GMVTUL01,MP,Medical Payments,VT,UPDATE,BUSINESS-LOGIC,GMVTUD01,GMVTC001,programs/MP/gmvtul01.cbl
GMVTUD01,MP,Medical Payments,VT,UPDATE,DB2-ACCESS,GMVTUV01,GMVTC001,programs/MP/gmvtud01.cbl
GMVTUV01,MP,Medical Payments,VT,UPDATE,VSAM-ACCESS,,GMVTC001,programs/MP/gmvtuv01.cbl
GMVTDL01,MP,Medical Payments,VT,DELETE,BUSINESS-LOGIC,GMVTDD01,GMVTC001,programs/MP/gmvtdl01.cbl
GMVTDD01,MP,Medical Payments,VT,DELETE,DB2-ACCESS,GMVTDV01,GMVTC001,programs/MP/gmvtdd01.cbl
GMVTDV01,MP,Medical Payments,VT,DELETE,VSAM-ACCESS,,GMVTC001,programs/MP/gmvtdv01.cbl
GMVTRL01,MP,Medical Payments,VT,RATE,BUSINESS-LOGIC,GMVTRD01,GMVTC001,programs/MP/gmvtrl01.cbl
GMVTRD01,MP,Medical Payments,VT,RATE,DB2-ACCESS,,GMVTC001,programs/MP/gmvtrd01.cbl
GMVTRV01,MP,Medical Payments,VT,RATE,VSAM-ACCESS,,GMVTC001,programs/MP/gmvtrv01.cbl
GMVAAL01,MP,Medical Payments,VA,ADD,BUSINESS-LOGIC,GMVAAD01,GMVAC001,programs/MP/gmvaal01.cbl
GMVAAD01,MP,Medical Payments,VA,ADD,DB2-ACCESS,GMVAAV01,GMVAC001,programs/MP/gmvaad01.cbl
GMVAAV01,MP,Medical Payments,VA,ADD,VSAM-ACCESS,,GMVAC001,programs/MP/gmvaav01.cbl
GMVAIL01,MP,Medical Payments,VA,INQUIRE,BUSINESS-LOGIC,GMVAID01,GMVAC001,programs/MP/gmvail01.cbl
GMVAID01,MP,Medical Payments,VA,INQUIRE,DB2-ACCESS,,GMVAC001,programs/MP/gmvaid01.cbl
GMVAIV01,MP,Medical Payments,VA,INQUIRE,VSAM-ACCESS,,GMVAC001,programs/MP/gmvaiv01.cbl
GMVAUL01,MP,Medical Payments,VA,UPDATE,BUSINESS-LOGIC,GMVAUD01,GMVAC001,programs/MP/gmvaul01.cbl
GMVAUD01,MP,Medical Payments,VA,UPDATE,DB2-ACCESS,GMVAUV01,GMVAC001,programs/MP/gmvaud01.cbl
GMVAUV01,MP,Medical Payments,VA,UPDATE,VSAM-ACCESS,,GMVAC001,programs/MP/gmvauv01.cbl
GMVADL01,MP,Medical Payments,VA,DELETE,BUSINESS-LOGIC,GMVADD01,GMVAC001,programs/MP/gmvadl01.cbl
GMVADD01,MP,Medical Payments,VA,DELETE,DB2-ACCESS,GMVADV01,GMVAC001,programs/MP/gmvadd01.cbl
GMVADV01,MP,Medical Payments,VA,DELETE,VSAM-ACCESS,,GMVAC001,programs/MP/gmvadv01.cbl
GMVARL01,MP,Medical Payments,VA,RATE,BUSINESS-LOGIC,GMVARD01,GMVAC001,programs/MP/gmvarl01.cbl
GMVARD01,MP,Medical Payments,VA,RATE,DB2-ACCESS,,GMVAC001,programs/MP/gmvard01.cbl
GMVARV01,MP,Medical Payments,VA,RATE,VSAM-ACCESS,,GMVAC001,programs/MP/gmvarv01.cbl
GMWAAL01,MP,Medical Payments,WA,ADD,BUSINESS-LOGIC,GMWAAD01,GMWAC001,programs/MP/gmwaal01.cbl
GMWAAD01,MP,Medical Payments,WA,ADD,DB2-ACCESS,GMWAAV01,GMWAC001,programs/MP/gmwaad01.cbl
GMWAAV01,MP,Medical Payments,WA,ADD,VSAM-ACCESS,,GMWAC001,programs/MP/gmwaav01.cbl
GMWAIL01,MP,Medical Payments,WA,INQUIRE,BUSINESS-LOGIC,GMWAID01,GMWAC001,programs/MP/gmwail01.cbl
GMWAID01,MP,Medical Payments,WA,INQUIRE,DB2-ACCESS,,GMWAC001,programs/MP/gmwaid01.cbl
GMWAIV01,MP,Medical Payments,WA,INQUIRE,VSAM-ACCESS,,GMWAC001,programs/MP/gmwaiv01.cbl
GMWAUL01,MP,Medical Payments,WA,UPDATE,BUSINESS-LOGIC,GMWAUD01,GMWAC001,programs/MP/gmwaul01.cbl
GMWAUD01,MP,Medical Payments,WA,UPDATE,DB2-ACCESS,GMWAUV01,GMWAC001,programs/MP/gmwaud01.cbl
GMWAUV01,MP,Medical Payments,WA,UPDATE,VSAM-ACCESS,,GMWAC001,programs/MP/gmwauv01.cbl
GMWADL01,MP,Medical Payments,WA,DELETE,BUSINESS-LOGIC,GMWADD01,GMWAC001,programs/MP/gmwadl01.cbl
GMWADD01,MP,Medical Payments,WA,DELETE,DB2-ACCESS,GMWADV01,GMWAC001,programs/MP/gmwadd01.cbl
GMWADV01,MP,Medical Payments,WA,DELETE,VSAM-ACCESS,,GMWAC001,programs/MP/gmwadv01.cbl
GMWARL01,MP,Medical Payments,WA,RATE,BUSINESS-LOGIC,GMWARD01,GMWAC001,programs/MP/gmwarl01.cbl
GMWARD01,MP,Medical Payments,WA,RATE,DB2-ACCESS,,GMWAC001,programs/MP/gmward01.cbl
GMWARV01,MP,Medical Payments,WA,RATE,VSAM-ACCESS,,GMWAC001,programs/MP/gmwarv01.cbl
GMWVAL01,MP,Medical Payments,WV,ADD,BUSINESS-LOGIC,GMWVAD01,GMWVC001,programs/MP/gmwval01.cbl
GMWVAD01,MP,Medical Payments,WV,ADD,DB2-ACCESS,GMWVAV01,GMWVC001,programs/MP/gmwvad01.cbl
GMWVAV01,MP,Medical Payments,WV,ADD,VSAM-ACCESS,,GMWVC001,programs/MP/gmwvav01.cbl
GMWVIL01,MP,Medical Payments,WV,INQUIRE,BUSINESS-LOGIC,GMWVID01,GMWVC001,programs/MP/gmwvil01.cbl
GMWVID01,MP,Medical Payments,WV,INQUIRE,DB2-ACCESS,,GMWVC001,programs/MP/gmwvid01.cbl
GMWVIV01,MP,Medical Payments,WV,INQUIRE,VSAM-ACCESS,,GMWVC001,programs/MP/gmwviv01.cbl
GMWVUL01,MP,Medical Payments,WV,UPDATE,BUSINESS-LOGIC,GMWVUD01,GMWVC001,programs/MP/gmwvul01.cbl
GMWVUD01,MP,Medical Payments,WV,UPDATE,DB2-ACCESS,GMWVUV01,GMWVC001,programs/MP/gmwvud01.cbl
GMWVUV01,MP,Medical Payments,WV,UPDATE,VSAM-ACCESS,,GMWVC001,programs/MP/gmwvuv01.cbl
GMWVDL01,MP,Medical Payments,WV,DELETE,BUSINESS-LOGIC,GMWVDD01,GMWVC001,programs/MP/gmwvdl01.cbl
GMWVDD01,MP,Medical Payments,WV,DELETE,DB2-ACCESS,GMWVDV01,GMWVC001,programs/MP/gmwvdd01.cbl
GMWVDV01,MP,Medical Payments,WV,DELETE,VSAM-ACCESS,,GMWVC001,programs/MP/gmwvdv01.cbl
GMWVRL01,MP,Medical Payments,WV,RATE,BUSINESS-LOGIC,GMWVRD01,GMWVC001,programs/MP/gmwvrl01.cbl
GMWVRD01,MP,Medical Payments,WV,RATE,DB2-ACCESS,,GMWVC001,programs/MP/gmwvrd01.cbl
GMWVRV01,MP,Medical Payments,WV,RATE,VSAM-ACCESS,,GMWVC001,programs/MP/gmwvrv01.cbl
GMWIAL01,MP,Medical Payments,WI,ADD,BUSINESS-LOGIC,GMWIAD01,GMWIC001,programs/MP/gmwial01.cbl
GMWIAD01,MP,Medical Payments,WI,ADD,DB2-ACCESS,GMWIAV01,GMWIC001,programs/MP/gmwiad01.cbl
GMWIAV01,MP,Medical Payments,WI,ADD,VSAM-ACCESS,,GMWIC001,programs/MP/gmwiav01.cbl
GMWIIL01,MP,Medical Payments,WI,INQUIRE,BUSINESS-LOGIC,GMWIID01,GMWIC001,programs/MP/gmwiil01.cbl
GMWIID01,MP,Medical Payments,WI,INQUIRE,DB2-ACCESS,,GMWIC001,programs/MP/gmwiid01.cbl
GMWIIV01,MP,Medical Payments,WI,INQUIRE,VSAM-ACCESS,,GMWIC001,programs/MP/gmwiiv01.cbl
GMWIUL01,MP,Medical Payments,WI,UPDATE,BUSINESS-LOGIC,GMWIUD01,GMWIC001,programs/MP/gmwiul01.cbl
GMWIUD01,MP,Medical Payments,WI,UPDATE,DB2-ACCESS,GMWIUV01,GMWIC001,programs/MP/gmwiud01.cbl
GMWIUV01,MP,Medical Payments,WI,UPDATE,VSAM-ACCESS,,GMWIC001,programs/MP/gmwiuv01.cbl
GMWIDL01,MP,Medical Payments,WI,DELETE,BUSINESS-LOGIC,GMWIDD01,GMWIC001,programs/MP/gmwidl01.cbl
GMWIDD01,MP,Medical Payments,WI,DELETE,DB2-ACCESS,GMWIDV01,GMWIC001,programs/MP/gmwidd01.cbl
GMWIDV01,MP,Medical Payments,WI,DELETE,VSAM-ACCESS,,GMWIC001,programs/MP/gmwidv01.cbl
GMWIRL01,MP,Medical Payments,WI,RATE,BUSINESS-LOGIC,GMWIRD01,GMWIC001,programs/MP/gmwirl01.cbl
GMWIRD01,MP,Medical Payments,WI,RATE,DB2-ACCESS,,GMWIC001,programs/MP/gmwird01.cbl
GMWIRV01,MP,Medical Payments,WI,RATE,VSAM-ACCESS,,GMWIC001,programs/MP/gmwirv01.cbl
GMWYAL01,MP,Medical Payments,WY,ADD,BUSINESS-LOGIC,GMWYAD01,GMWYC001,programs/MP/gmwyal01.cbl
GMWYAD01,MP,Medical Payments,WY,ADD,DB2-ACCESS,GMWYAV01,GMWYC001,programs/MP/gmwyad01.cbl
GMWYAV01,MP,Medical Payments,WY,ADD,VSAM-ACCESS,,GMWYC001,programs/MP/gmwyav01.cbl
GMWYIL01,MP,Medical Payments,WY,INQUIRE,BUSINESS-LOGIC,GMWYID01,GMWYC001,programs/MP/gmwyil01.cbl
GMWYID01,MP,Medical Payments,WY,INQUIRE,DB2-ACCESS,,GMWYC001,programs/MP/gmwyid01.cbl
GMWYIV01,MP,Medical Payments,WY,INQUIRE,VSAM-ACCESS,,GMWYC001,programs/MP/gmwyiv01.cbl
GMWYUL01,MP,Medical Payments,WY,UPDATE,BUSINESS-LOGIC,GMWYUD01,GMWYC001,programs/MP/gmwyul01.cbl
GMWYUD01,MP,Medical Payments,WY,UPDATE,DB2-ACCESS,GMWYUV01,GMWYC001,programs/MP/gmwyud01.cbl
GMWYUV01,MP,Medical Payments,WY,UPDATE,VSAM-ACCESS,,GMWYC001,programs/MP/gmwyuv01.cbl
GMWYDL01,MP,Medical Payments,WY,DELETE,BUSINESS-LOGIC,GMWYDD01,GMWYC001,programs/MP/gmwydl01.cbl
GMWYDD01,MP,Medical Payments,WY,DELETE,DB2-ACCESS,GMWYDV01,GMWYC001,programs/MP/gmwydd01.cbl
GMWYDV01,MP,Medical Payments,WY,DELETE,VSAM-ACCESS,,GMWYC001,programs/MP/gmwydv01.cbl
GMWYRL01,MP,Medical Payments,WY,RATE,BUSINESS-LOGIC,GMWYRD01,GMWYC001,programs/MP/gmwyrl01.cbl
GMWYRD01,MP,Medical Payments,WY,RATE,DB2-ACCESS,,GMWYC001,programs/MP/gmwyrd01.cbl
GMWYRV01,MP,Medical Payments,WY,RATE,VSAM-ACCESS,,GMWYC001,programs/MP/gmwyrv01.cbl
GFALAL01,FL,Damage to Premises Rented to You (Fire Legal Liability),AL,ADD,BUSINESS-LOGIC,GFALAD01,GFALC001,programs/FL/gfalal01.cbl
GFALAD01,FL,Damage to Premises Rented to You (Fire Legal Liability),AL,ADD,DB2-ACCESS,GFALAV01,GFALC001,programs/FL/gfalad01.cbl
GFALAV01,FL,Damage to Premises Rented to You (Fire Legal Liability),AL,ADD,VSAM-ACCESS,,GFALC001,programs/FL/gfalav01.cbl
GFALIL01,FL,Damage to Premises Rented to You (Fire Legal Liability),AL,INQUIRE,BUSINESS-LOGIC,GFALID01,GFALC001,programs/FL/gfalil01.cbl
GFALID01,FL,Damage to Premises Rented to You (Fire Legal Liability),AL,INQUIRE,DB2-ACCESS,,GFALC001,programs/FL/gfalid01.cbl
GFALIV01,FL,Damage to Premises Rented to You (Fire Legal Liability),AL,INQUIRE,VSAM-ACCESS,,GFALC001,programs/FL/gfaliv01.cbl
GFALUL01,FL,Damage to Premises Rented to You (Fire Legal Liability),AL,UPDATE,BUSINESS-LOGIC,GFALUD01,GFALC001,programs/FL/gfalul01.cbl
GFALUD01,FL,Damage to Premises Rented to You (Fire Legal Liability),AL,UPDATE,DB2-ACCESS,GFALUV01,GFALC001,programs/FL/gfalud01.cbl
GFALUV01,FL,Damage to Premises Rented to You (Fire Legal Liability),AL,UPDATE,VSAM-ACCESS,,GFALC001,programs/FL/gfaluv01.cbl
GFALDL01,FL,Damage to Premises Rented to You (Fire Legal Liability),AL,DELETE,BUSINESS-LOGIC,GFALDD01,GFALC001,programs/FL/gfaldl01.cbl
GFALDD01,FL,Damage to Premises Rented to You (Fire Legal Liability),AL,DELETE,DB2-ACCESS,GFALDV01,GFALC001,programs/FL/gfaldd01.cbl
GFALDV01,FL,Damage to Premises Rented to You (Fire Legal Liability),AL,DELETE,VSAM-ACCESS,,GFALC001,programs/FL/gfaldv01.cbl
GFALRL01,FL,Damage to Premises Rented to You (Fire Legal Liability),AL,RATE,BUSINESS-LOGIC,GFALRD01,GFALC001,programs/FL/gfalrl01.cbl
GFALRD01,FL,Damage to Premises Rented to You (Fire Legal Liability),AL,RATE,DB2-ACCESS,,GFALC001,programs/FL/gfalrd01.cbl
GFALRV01,FL,Damage to Premises Rented to You (Fire Legal Liability),AL,RATE,VSAM-ACCESS,,GFALC001,programs/FL/gfalrv01.cbl
GFAKAL01,FL,Damage to Premises Rented to You (Fire Legal Liability),AK,ADD,BUSINESS-LOGIC,GFAKAD01,GFAKC001,programs/FL/gfakal01.cbl
GFAKAD01,FL,Damage to Premises Rented to You (Fire Legal Liability),AK,ADD,DB2-ACCESS,GFAKAV01,GFAKC001,programs/FL/gfakad01.cbl
GFAKAV01,FL,Damage to Premises Rented to You (Fire Legal Liability),AK,ADD,VSAM-ACCESS,,GFAKC001,programs/FL/gfakav01.cbl
GFAKIL01,FL,Damage to Premises Rented to You (Fire Legal Liability),AK,INQUIRE,BUSINESS-LOGIC,GFAKID01,GFAKC001,programs/FL/gfakil01.cbl
GFAKID01,FL,Damage to Premises Rented to You (Fire Legal Liability),AK,INQUIRE,DB2-ACCESS,,GFAKC001,programs/FL/gfakid01.cbl
GFAKIV01,FL,Damage to Premises Rented to You (Fire Legal Liability),AK,INQUIRE,VSAM-ACCESS,,GFAKC001,programs/FL/gfakiv01.cbl
GFAKUL01,FL,Damage to Premises Rented to You (Fire Legal Liability),AK,UPDATE,BUSINESS-LOGIC,GFAKUD01,GFAKC001,programs/FL/gfakul01.cbl
GFAKUD01,FL,Damage to Premises Rented to You (Fire Legal Liability),AK,UPDATE,DB2-ACCESS,GFAKUV01,GFAKC001,programs/FL/gfakud01.cbl
GFAKUV01,FL,Damage to Premises Rented to You (Fire Legal Liability),AK,UPDATE,VSAM-ACCESS,,GFAKC001,programs/FL/gfakuv01.cbl
GFAKDL01,FL,Damage to Premises Rented to You (Fire Legal Liability),AK,DELETE,BUSINESS-LOGIC,GFAKDD01,GFAKC001,programs/FL/gfakdl01.cbl
GFAKDD01,FL,Damage to Premises Rented to You (Fire Legal Liability),AK,DELETE,DB2-ACCESS,GFAKDV01,GFAKC001,programs/FL/gfakdd01.cbl
GFAKDV01,FL,Damage to Premises Rented to You (Fire Legal Liability),AK,DELETE,VSAM-ACCESS,,GFAKC001,programs/FL/gfakdv01.cbl
GFAKRL01,FL,Damage to Premises Rented to You (Fire Legal Liability),AK,RATE,BUSINESS-LOGIC,GFAKRD01,GFAKC001,programs/FL/gfakrl01.cbl
GFAKRD01,FL,Damage to Premises Rented to You (Fire Legal Liability),AK,RATE,DB2-ACCESS,,GFAKC001,programs/FL/gfakrd01.cbl
GFAKRV01,FL,Damage to Premises Rented to You (Fire Legal Liability),AK,RATE,VSAM-ACCESS,,GFAKC001,programs/FL/gfakrv01.cbl
GFAZAL01,FL,Damage to Premises Rented to You (Fire Legal Liability),AZ,ADD,BUSINESS-LOGIC,GFAZAD01,GFAZC001,programs/FL/gfazal01.cbl
GFAZAD01,FL,Damage to Premises Rented to You (Fire Legal Liability),AZ,ADD,DB2-ACCESS,GFAZAV01,GFAZC001,programs/FL/gfazad01.cbl
GFAZAV01,FL,Damage to Premises Rented to You (Fire Legal Liability),AZ,ADD,VSAM-ACCESS,,GFAZC001,programs/FL/gfazav01.cbl
GFAZIL01,FL,Damage to Premises Rented to You (Fire Legal Liability),AZ,INQUIRE,BUSINESS-LOGIC,GFAZID01,GFAZC001,programs/FL/gfazil01.cbl
GFAZID01,FL,Damage to Premises Rented to You (Fire Legal Liability),AZ,INQUIRE,DB2-ACCESS,,GFAZC001,programs/FL/gfazid01.cbl
GFAZIV01,FL,Damage to Premises Rented to You (Fire Legal Liability),AZ,INQUIRE,VSAM-ACCESS,,GFAZC001,programs/FL/gfaziv01.cbl
GFAZUL01,FL,Damage to Premises Rented to You (Fire Legal Liability),AZ,UPDATE,BUSINESS-LOGIC,GFAZUD01,GFAZC001,programs/FL/gfazul01.cbl
GFAZUD01,FL,Damage to Premises Rented to You (Fire Legal Liability),AZ,UPDATE,DB2-ACCESS,GFAZUV01,GFAZC001,programs/FL/gfazud01.cbl
GFAZUV01,FL,Damage to Premises Rented to You (Fire Legal Liability),AZ,UPDATE,VSAM-ACCESS,,GFAZC001,programs/FL/gfazuv01.cbl
GFAZDL01,FL,Damage to Premises Rented to You (Fire Legal Liability),AZ,DELETE,BUSINESS-LOGIC,GFAZDD01,GFAZC001,programs/FL/gfazdl01.cbl
GFAZDD01,FL,Damage to Premises Rented to You (Fire Legal Liability),AZ,DELETE,DB2-ACCESS,GFAZDV01,GFAZC001,programs/FL/gfazdd01.cbl
GFAZDV01,FL,Damage to Premises Rented to You (Fire Legal Liability),AZ,DELETE,VSAM-ACCESS,,GFAZC001,programs/FL/gfazdv01.cbl
GFAZRL01,FL,Damage to Premises Rented to You (Fire Legal Liability),AZ,RATE,BUSINESS-LOGIC,GFAZRD01,GFAZC001,programs/FL/gfazrl01.cbl
GFAZRD01,FL,Damage to Premises Rented to You (Fire Legal Liability),AZ,RATE,DB2-ACCESS,,GFAZC001,programs/FL/gfazrd01.cbl
GFAZRV01,FL,Damage to Premises Rented to You (Fire Legal Liability),AZ,RATE,VSAM-ACCESS,,GFAZC001,programs/FL/gfazrv01.cbl
GFARAL01,FL,Damage to Premises Rented to You (Fire Legal Liability),AR,ADD,BUSINESS-LOGIC,GFARAD01,GFARC001,programs/FL/gfaral01.cbl
GFARAD01,FL,Damage to Premises Rented to You (Fire Legal Liability),AR,ADD,DB2-ACCESS,GFARAV01,GFARC001,programs/FL/gfarad01.cbl
GFARAV01,FL,Damage to Premises Rented to You (Fire Legal Liability),AR,ADD,VSAM-ACCESS,,GFARC001,programs/FL/gfarav01.cbl
GFARIL01,FL,Damage to Premises Rented to You (Fire Legal Liability),AR,INQUIRE,BUSINESS-LOGIC,GFARID01,GFARC001,programs/FL/gfaril01.cbl
GFARID01,FL,Damage to Premises Rented to You (Fire Legal Liability),AR,INQUIRE,DB2-ACCESS,,GFARC001,programs/FL/gfarid01.cbl
GFARIV01,FL,Damage to Premises Rented to You (Fire Legal Liability),AR,INQUIRE,VSAM-ACCESS,,GFARC001,programs/FL/gfariv01.cbl
GFARUL01,FL,Damage to Premises Rented to You (Fire Legal Liability),AR,UPDATE,BUSINESS-LOGIC,GFARUD01,GFARC001,programs/FL/gfarul01.cbl
GFARUD01,FL,Damage to Premises Rented to You (Fire Legal Liability),AR,UPDATE,DB2-ACCESS,GFARUV01,GFARC001,programs/FL/gfarud01.cbl
GFARUV01,FL,Damage to Premises Rented to You (Fire Legal Liability),AR,UPDATE,VSAM-ACCESS,,GFARC001,programs/FL/gfaruv01.cbl
GFARDL01,FL,Damage to Premises Rented to You (Fire Legal Liability),AR,DELETE,BUSINESS-LOGIC,GFARDD01,GFARC001,programs/FL/gfardl01.cbl
GFARDD01,FL,Damage to Premises Rented to You (Fire Legal Liability),AR,DELETE,DB2-ACCESS,GFARDV01,GFARC001,programs/FL/gfardd01.cbl
GFARDV01,FL,Damage to Premises Rented to You (Fire Legal Liability),AR,DELETE,VSAM-ACCESS,,GFARC001,programs/FL/gfardv01.cbl
GFARRL01,FL,Damage to Premises Rented to You (Fire Legal Liability),AR,RATE,BUSINESS-LOGIC,GFARRD01,GFARC001,programs/FL/gfarrl01.cbl
GFARRD01,FL,Damage to Premises Rented to You (Fire Legal Liability),AR,RATE,DB2-ACCESS,,GFARC001,programs/FL/gfarrd01.cbl
GFARRV01,FL,Damage to Premises Rented to You (Fire Legal Liability),AR,RATE,VSAM-ACCESS,,GFARC001,programs/FL/gfarrv01.cbl
GFCAAL01,FL,Damage to Premises Rented to You (Fire Legal Liability),CA,ADD,BUSINESS-LOGIC,GFCAAD01,GFCAC001,programs/FL/gfcaal01.cbl
GFCAAD01,FL,Damage to Premises Rented to You (Fire Legal Liability),CA,ADD,DB2-ACCESS,GFCAAV01,GFCAC001,programs/FL/gfcaad01.cbl
GFCAAV01,FL,Damage to Premises Rented to You (Fire Legal Liability),CA,ADD,VSAM-ACCESS,,GFCAC001,programs/FL/gfcaav01.cbl
GFCAIL01,FL,Damage to Premises Rented to You (Fire Legal Liability),CA,INQUIRE,BUSINESS-LOGIC,GFCAID01,GFCAC001,programs/FL/gfcail01.cbl
GFCAID01,FL,Damage to Premises Rented to You (Fire Legal Liability),CA,INQUIRE,DB2-ACCESS,,GFCAC001,programs/FL/gfcaid01.cbl
GFCAIV01,FL,Damage to Premises Rented to You (Fire Legal Liability),CA,INQUIRE,VSAM-ACCESS,,GFCAC001,programs/FL/gfcaiv01.cbl
GFCAUL01,FL,Damage to Premises Rented to You (Fire Legal Liability),CA,UPDATE,BUSINESS-LOGIC,GFCAUD01,GFCAC001,programs/FL/gfcaul01.cbl
GFCAUD01,FL,Damage to Premises Rented to You (Fire Legal Liability),CA,UPDATE,DB2-ACCESS,GFCAUV01,GFCAC001,programs/FL/gfcaud01.cbl
GFCAUV01,FL,Damage to Premises Rented to You (Fire Legal Liability),CA,UPDATE,VSAM-ACCESS,,GFCAC001,programs/FL/gfcauv01.cbl
GFCADL01,FL,Damage to Premises Rented to You (Fire Legal Liability),CA,DELETE,BUSINESS-LOGIC,GFCADD01,GFCAC001,programs/FL/gfcadl01.cbl
GFCADD01,FL,Damage to Premises Rented to You (Fire Legal Liability),CA,DELETE,DB2-ACCESS,GFCADV01,GFCAC001,programs/FL/gfcadd01.cbl
GFCADV01,FL,Damage to Premises Rented to You (Fire Legal Liability),CA,DELETE,VSAM-ACCESS,,GFCAC001,programs/FL/gfcadv01.cbl
GFCARL01,FL,Damage to Premises Rented to You (Fire Legal Liability),CA,RATE,BUSINESS-LOGIC,GFCARD01,GFCAC001,programs/FL/gfcarl01.cbl
GFCARD01,FL,Damage to Premises Rented to You (Fire Legal Liability),CA,RATE,DB2-ACCESS,,GFCAC001,programs/FL/gfcard01.cbl
GFCARV01,FL,Damage to Premises Rented to You (Fire Legal Liability),CA,RATE,VSAM-ACCESS,,GFCAC001,programs/FL/gfcarv01.cbl
GFCOAL01,FL,Damage to Premises Rented to You (Fire Legal Liability),CO,ADD,BUSINESS-LOGIC,GFCOAD01,GFCOC001,programs/FL/gfcoal01.cbl
GFCOAD01,FL,Damage to Premises Rented to You (Fire Legal Liability),CO,ADD,DB2-ACCESS,GFCOAV01,GFCOC001,programs/FL/gfcoad01.cbl
GFCOAV01,FL,Damage to Premises Rented to You (Fire Legal Liability),CO,ADD,VSAM-ACCESS,,GFCOC001,programs/FL/gfcoav01.cbl
GFCOIL01,FL,Damage to Premises Rented to You (Fire Legal Liability),CO,INQUIRE,BUSINESS-LOGIC,GFCOID01,GFCOC001,programs/FL/gfcoil01.cbl
GFCOID01,FL,Damage to Premises Rented to You (Fire Legal Liability),CO,INQUIRE,DB2-ACCESS,,GFCOC001,programs/FL/gfcoid01.cbl
GFCOIV01,FL,Damage to Premises Rented to You (Fire Legal Liability),CO,INQUIRE,VSAM-ACCESS,,GFCOC001,programs/FL/gfcoiv01.cbl
GFCOUL01,FL,Damage to Premises Rented to You (Fire Legal Liability),CO,UPDATE,BUSINESS-LOGIC,GFCOUD01,GFCOC001,programs/FL/gfcoul01.cbl
GFCOUD01,FL,Damage to Premises Rented to You (Fire Legal Liability),CO,UPDATE,DB2-ACCESS,GFCOUV01,GFCOC001,programs/FL/gfcoud01.cbl
GFCOUV01,FL,Damage to Premises Rented to You (Fire Legal Liability),CO,UPDATE,VSAM-ACCESS,,GFCOC001,programs/FL/gfcouv01.cbl
GFCODL01,FL,Damage to Premises Rented to You (Fire Legal Liability),CO,DELETE,BUSINESS-LOGIC,GFCODD01,GFCOC001,programs/FL/gfcodl01.cbl
GFCODD01,FL,Damage to Premises Rented to You (Fire Legal Liability),CO,DELETE,DB2-ACCESS,GFCODV01,GFCOC001,programs/FL/gfcodd01.cbl
GFCODV01,FL,Damage to Premises Rented to You (Fire Legal Liability),CO,DELETE,VSAM-ACCESS,,GFCOC001,programs/FL/gfcodv01.cbl
GFCORL01,FL,Damage to Premises Rented to You (Fire Legal Liability),CO,RATE,BUSINESS-LOGIC,GFCORD01,GFCOC001,programs/FL/gfcorl01.cbl
GFCORD01,FL,Damage to Premises Rented to You (Fire Legal Liability),CO,RATE,DB2-ACCESS,,GFCOC001,programs/FL/gfcord01.cbl
GFCORV01,FL,Damage to Premises Rented to You (Fire Legal Liability),CO,RATE,VSAM-ACCESS,,GFCOC001,programs/FL/gfcorv01.cbl
GFCTAL01,FL,Damage to Premises Rented to You (Fire Legal Liability),CT,ADD,BUSINESS-LOGIC,GFCTAD01,GFCTC001,programs/FL/gfctal01.cbl
GFCTAD01,FL,Damage to Premises Rented to You (Fire Legal Liability),CT,ADD,DB2-ACCESS,GFCTAV01,GFCTC001,programs/FL/gfctad01.cbl
GFCTAV01,FL,Damage to Premises Rented to You (Fire Legal Liability),CT,ADD,VSAM-ACCESS,,GFCTC001,programs/FL/gfctav01.cbl
GFCTIL01,FL,Damage to Premises Rented to You (Fire Legal Liability),CT,INQUIRE,BUSINESS-LOGIC,GFCTID01,GFCTC001,programs/FL/gfctil01.cbl
GFCTID01,FL,Damage to Premises Rented to You (Fire Legal Liability),CT,INQUIRE,DB2-ACCESS,,GFCTC001,programs/FL/gfctid01.cbl
GFCTIV01,FL,Damage to Premises Rented to You (Fire Legal Liability),CT,INQUIRE,VSAM-ACCESS,,GFCTC001,programs/FL/gfctiv01.cbl
GFCTUL01,FL,Damage to Premises Rented to You (Fire Legal Liability),CT,UPDATE,BUSINESS-LOGIC,GFCTUD01,GFCTC001,programs/FL/gfctul01.cbl
GFCTUD01,FL,Damage to Premises Rented to You (Fire Legal Liability),CT,UPDATE,DB2-ACCESS,GFCTUV01,GFCTC001,programs/FL/gfctud01.cbl
GFCTUV01,FL,Damage to Premises Rented to You (Fire Legal Liability),CT,UPDATE,VSAM-ACCESS,,GFCTC001,programs/FL/gfctuv01.cbl
GFCTDL01,FL,Damage to Premises Rented to You (Fire Legal Liability),CT,DELETE,BUSINESS-LOGIC,GFCTDD01,GFCTC001,programs/FL/gfctdl01.cbl
GFCTDD01,FL,Damage to Premises Rented to You (Fire Legal Liability),CT,DELETE,DB2-ACCESS,GFCTDV01,GFCTC001,programs/FL/gfctdd01.cbl
GFCTDV01,FL,Damage to Premises Rented to You (Fire Legal Liability),CT,DELETE,VSAM-ACCESS,,GFCTC001,programs/FL/gfctdv01.cbl
GFCTRL01,FL,Damage to Premises Rented to You (Fire Legal Liability),CT,RATE,BUSINESS-LOGIC,GFCTRD01,GFCTC001,programs/FL/gfctrl01.cbl
GFCTRD01,FL,Damage to Premises Rented to You (Fire Legal Liability),CT,RATE,DB2-ACCESS,,GFCTC001,programs/FL/gfctrd01.cbl
GFCTRV01,FL,Damage to Premises Rented to You (Fire Legal Liability),CT,RATE,VSAM-ACCESS,,GFCTC001,programs/FL/gfctrv01.cbl
GFDEAL01,FL,Damage to Premises Rented to You (Fire Legal Liability),DE,ADD,BUSINESS-LOGIC,GFDEAD01,GFDEC001,programs/FL/gfdeal01.cbl
GFDEAD01,FL,Damage to Premises Rented to You (Fire Legal Liability),DE,ADD,DB2-ACCESS,GFDEAV01,GFDEC001,programs/FL/gfdead01.cbl
GFDEAV01,FL,Damage to Premises Rented to You (Fire Legal Liability),DE,ADD,VSAM-ACCESS,,GFDEC001,programs/FL/gfdeav01.cbl
GFDEIL01,FL,Damage to Premises Rented to You (Fire Legal Liability),DE,INQUIRE,BUSINESS-LOGIC,GFDEID01,GFDEC001,programs/FL/gfdeil01.cbl
GFDEID01,FL,Damage to Premises Rented to You (Fire Legal Liability),DE,INQUIRE,DB2-ACCESS,,GFDEC001,programs/FL/gfdeid01.cbl
GFDEIV01,FL,Damage to Premises Rented to You (Fire Legal Liability),DE,INQUIRE,VSAM-ACCESS,,GFDEC001,programs/FL/gfdeiv01.cbl
GFDEUL01,FL,Damage to Premises Rented to You (Fire Legal Liability),DE,UPDATE,BUSINESS-LOGIC,GFDEUD01,GFDEC001,programs/FL/gfdeul01.cbl
GFDEUD01,FL,Damage to Premises Rented to You (Fire Legal Liability),DE,UPDATE,DB2-ACCESS,GFDEUV01,GFDEC001,programs/FL/gfdeud01.cbl
GFDEUV01,FL,Damage to Premises Rented to You (Fire Legal Liability),DE,UPDATE,VSAM-ACCESS,,GFDEC001,programs/FL/gfdeuv01.cbl
GFDEDL01,FL,Damage to Premises Rented to You (Fire Legal Liability),DE,DELETE,BUSINESS-LOGIC,GFDEDD01,GFDEC001,programs/FL/gfdedl01.cbl
GFDEDD01,FL,Damage to Premises Rented to You (Fire Legal Liability),DE,DELETE,DB2-ACCESS,GFDEDV01,GFDEC001,programs/FL/gfdedd01.cbl
GFDEDV01,FL,Damage to Premises Rented to You (Fire Legal Liability),DE,DELETE,VSAM-ACCESS,,GFDEC001,programs/FL/gfdedv01.cbl
GFDERL01,FL,Damage to Premises Rented to You (Fire Legal Liability),DE,RATE,BUSINESS-LOGIC,GFDERD01,GFDEC001,programs/FL/gfderl01.cbl
GFDERD01,FL,Damage to Premises Rented to You (Fire Legal Liability),DE,RATE,DB2-ACCESS,,GFDEC001,programs/FL/gfderd01.cbl
GFDERV01,FL,Damage to Premises Rented to You (Fire Legal Liability),DE,RATE,VSAM-ACCESS,,GFDEC001,programs/FL/gfderv01.cbl
GFDCAL01,FL,Damage to Premises Rented to You (Fire Legal Liability),DC,ADD,BUSINESS-LOGIC,GFDCAD01,GFDCC001,programs/FL/gfdcal01.cbl
GFDCAD01,FL,Damage to Premises Rented to You (Fire Legal Liability),DC,ADD,DB2-ACCESS,GFDCAV01,GFDCC001,programs/FL/gfdcad01.cbl
GFDCAV01,FL,Damage to Premises Rented to You (Fire Legal Liability),DC,ADD,VSAM-ACCESS,,GFDCC001,programs/FL/gfdcav01.cbl
GFDCIL01,FL,Damage to Premises Rented to You (Fire Legal Liability),DC,INQUIRE,BUSINESS-LOGIC,GFDCID01,GFDCC001,programs/FL/gfdcil01.cbl
GFDCID01,FL,Damage to Premises Rented to You (Fire Legal Liability),DC,INQUIRE,DB2-ACCESS,,GFDCC001,programs/FL/gfdcid01.cbl
GFDCIV01,FL,Damage to Premises Rented to You (Fire Legal Liability),DC,INQUIRE,VSAM-ACCESS,,GFDCC001,programs/FL/gfdciv01.cbl
GFDCUL01,FL,Damage to Premises Rented to You (Fire Legal Liability),DC,UPDATE,BUSINESS-LOGIC,GFDCUD01,GFDCC001,programs/FL/gfdcul01.cbl
GFDCUD01,FL,Damage to Premises Rented to You (Fire Legal Liability),DC,UPDATE,DB2-ACCESS,GFDCUV01,GFDCC001,programs/FL/gfdcud01.cbl
GFDCUV01,FL,Damage to Premises Rented to You (Fire Legal Liability),DC,UPDATE,VSAM-ACCESS,,GFDCC001,programs/FL/gfdcuv01.cbl
GFDCDL01,FL,Damage to Premises Rented to You (Fire Legal Liability),DC,DELETE,BUSINESS-LOGIC,GFDCDD01,GFDCC001,programs/FL/gfdcdl01.cbl
GFDCDD01,FL,Damage to Premises Rented to You (Fire Legal Liability),DC,DELETE,DB2-ACCESS,GFDCDV01,GFDCC001,programs/FL/gfdcdd01.cbl
GFDCDV01,FL,Damage to Premises Rented to You (Fire Legal Liability),DC,DELETE,VSAM-ACCESS,,GFDCC001,programs/FL/gfdcdv01.cbl
GFDCRL01,FL,Damage to Premises Rented to You (Fire Legal Liability),DC,RATE,BUSINESS-LOGIC,GFDCRD01,GFDCC001,programs/FL/gfdcrl01.cbl
GFDCRD01,FL,Damage to Premises Rented to You (Fire Legal Liability),DC,RATE,DB2-ACCESS,,GFDCC001,programs/FL/gfdcrd01.cbl
GFDCRV01,FL,Damage to Premises Rented to You (Fire Legal Liability),DC,RATE,VSAM-ACCESS,,GFDCC001,programs/FL/gfdcrv01.cbl
GFFLAL01,FL,Damage to Premises Rented to You (Fire Legal Liability),FL,ADD,BUSINESS-LOGIC,GFFLAD01,GFFLC001,programs/FL/gfflal01.cbl
GFFLAD01,FL,Damage to Premises Rented to You (Fire Legal Liability),FL,ADD,DB2-ACCESS,GFFLAV01,GFFLC001,programs/FL/gfflad01.cbl
GFFLAV01,FL,Damage to Premises Rented to You (Fire Legal Liability),FL,ADD,VSAM-ACCESS,,GFFLC001,programs/FL/gfflav01.cbl
GFFLIL01,FL,Damage to Premises Rented to You (Fire Legal Liability),FL,INQUIRE,BUSINESS-LOGIC,GFFLID01,GFFLC001,programs/FL/gfflil01.cbl
GFFLID01,FL,Damage to Premises Rented to You (Fire Legal Liability),FL,INQUIRE,DB2-ACCESS,,GFFLC001,programs/FL/gfflid01.cbl
GFFLIV01,FL,Damage to Premises Rented to You (Fire Legal Liability),FL,INQUIRE,VSAM-ACCESS,,GFFLC001,programs/FL/gffliv01.cbl
GFFLUL01,FL,Damage to Premises Rented to You (Fire Legal Liability),FL,UPDATE,BUSINESS-LOGIC,GFFLUD01,GFFLC001,programs/FL/gfflul01.cbl
GFFLUD01,FL,Damage to Premises Rented to You (Fire Legal Liability),FL,UPDATE,DB2-ACCESS,GFFLUV01,GFFLC001,programs/FL/gfflud01.cbl
GFFLUV01,FL,Damage to Premises Rented to You (Fire Legal Liability),FL,UPDATE,VSAM-ACCESS,,GFFLC001,programs/FL/gffluv01.cbl
GFFLDL01,FL,Damage to Premises Rented to You (Fire Legal Liability),FL,DELETE,BUSINESS-LOGIC,GFFLDD01,GFFLC001,programs/FL/gffldl01.cbl
GFFLDD01,FL,Damage to Premises Rented to You (Fire Legal Liability),FL,DELETE,DB2-ACCESS,GFFLDV01,GFFLC001,programs/FL/gffldd01.cbl
GFFLDV01,FL,Damage to Premises Rented to You (Fire Legal Liability),FL,DELETE,VSAM-ACCESS,,GFFLC001,programs/FL/gffldv01.cbl
GFFLRL01,FL,Damage to Premises Rented to You (Fire Legal Liability),FL,RATE,BUSINESS-LOGIC,GFFLRD01,GFFLC001,programs/FL/gfflrl01.cbl
GFFLRD01,FL,Damage to Premises Rented to You (Fire Legal Liability),FL,RATE,DB2-ACCESS,,GFFLC001,programs/FL/gfflrd01.cbl
GFFLRV01,FL,Damage to Premises Rented to You (Fire Legal Liability),FL,RATE,VSAM-ACCESS,,GFFLC001,programs/FL/gfflrv01.cbl
GFGAAL01,FL,Damage to Premises Rented to You (Fire Legal Liability),GA,ADD,BUSINESS-LOGIC,GFGAAD01,GFGAC001,programs/FL/gfgaal01.cbl
GFGAAD01,FL,Damage to Premises Rented to You (Fire Legal Liability),GA,ADD,DB2-ACCESS,GFGAAV01,GFGAC001,programs/FL/gfgaad01.cbl
GFGAAV01,FL,Damage to Premises Rented to You (Fire Legal Liability),GA,ADD,VSAM-ACCESS,,GFGAC001,programs/FL/gfgaav01.cbl
GFGAIL01,FL,Damage to Premises Rented to You (Fire Legal Liability),GA,INQUIRE,BUSINESS-LOGIC,GFGAID01,GFGAC001,programs/FL/gfgail01.cbl
GFGAID01,FL,Damage to Premises Rented to You (Fire Legal Liability),GA,INQUIRE,DB2-ACCESS,,GFGAC001,programs/FL/gfgaid01.cbl
GFGAIV01,FL,Damage to Premises Rented to You (Fire Legal Liability),GA,INQUIRE,VSAM-ACCESS,,GFGAC001,programs/FL/gfgaiv01.cbl
GFGAUL01,FL,Damage to Premises Rented to You (Fire Legal Liability),GA,UPDATE,BUSINESS-LOGIC,GFGAUD01,GFGAC001,programs/FL/gfgaul01.cbl
GFGAUD01,FL,Damage to Premises Rented to You (Fire Legal Liability),GA,UPDATE,DB2-ACCESS,GFGAUV01,GFGAC001,programs/FL/gfgaud01.cbl
GFGAUV01,FL,Damage to Premises Rented to You (Fire Legal Liability),GA,UPDATE,VSAM-ACCESS,,GFGAC001,programs/FL/gfgauv01.cbl
GFGADL01,FL,Damage to Premises Rented to You (Fire Legal Liability),GA,DELETE,BUSINESS-LOGIC,GFGADD01,GFGAC001,programs/FL/gfgadl01.cbl
GFGADD01,FL,Damage to Premises Rented to You (Fire Legal Liability),GA,DELETE,DB2-ACCESS,GFGADV01,GFGAC001,programs/FL/gfgadd01.cbl
GFGADV01,FL,Damage to Premises Rented to You (Fire Legal Liability),GA,DELETE,VSAM-ACCESS,,GFGAC001,programs/FL/gfgadv01.cbl
GFGARL01,FL,Damage to Premises Rented to You (Fire Legal Liability),GA,RATE,BUSINESS-LOGIC,GFGARD01,GFGAC001,programs/FL/gfgarl01.cbl
GFGARD01,FL,Damage to Premises Rented to You (Fire Legal Liability),GA,RATE,DB2-ACCESS,,GFGAC001,programs/FL/gfgard01.cbl
GFGARV01,FL,Damage to Premises Rented to You (Fire Legal Liability),GA,RATE,VSAM-ACCESS,,GFGAC001,programs/FL/gfgarv01.cbl
GFHIAL01,FL,Damage to Premises Rented to You (Fire Legal Liability),HI,ADD,BUSINESS-LOGIC,GFHIAD01,GFHIC001,programs/FL/gfhial01.cbl
GFHIAD01,FL,Damage to Premises Rented to You (Fire Legal Liability),HI,ADD,DB2-ACCESS,GFHIAV01,GFHIC001,programs/FL/gfhiad01.cbl
GFHIAV01,FL,Damage to Premises Rented to You (Fire Legal Liability),HI,ADD,VSAM-ACCESS,,GFHIC001,programs/FL/gfhiav01.cbl
GFHIIL01,FL,Damage to Premises Rented to You (Fire Legal Liability),HI,INQUIRE,BUSINESS-LOGIC,GFHIID01,GFHIC001,programs/FL/gfhiil01.cbl
GFHIID01,FL,Damage to Premises Rented to You (Fire Legal Liability),HI,INQUIRE,DB2-ACCESS,,GFHIC001,programs/FL/gfhiid01.cbl
GFHIIV01,FL,Damage to Premises Rented to You (Fire Legal Liability),HI,INQUIRE,VSAM-ACCESS,,GFHIC001,programs/FL/gfhiiv01.cbl
GFHIUL01,FL,Damage to Premises Rented to You (Fire Legal Liability),HI,UPDATE,BUSINESS-LOGIC,GFHIUD01,GFHIC001,programs/FL/gfhiul01.cbl
GFHIUD01,FL,Damage to Premises Rented to You (Fire Legal Liability),HI,UPDATE,DB2-ACCESS,GFHIUV01,GFHIC001,programs/FL/gfhiud01.cbl
GFHIUV01,FL,Damage to Premises Rented to You (Fire Legal Liability),HI,UPDATE,VSAM-ACCESS,,GFHIC001,programs/FL/gfhiuv01.cbl
GFHIDL01,FL,Damage to Premises Rented to You (Fire Legal Liability),HI,DELETE,BUSINESS-LOGIC,GFHIDD01,GFHIC001,programs/FL/gfhidl01.cbl
GFHIDD01,FL,Damage to Premises Rented to You (Fire Legal Liability),HI,DELETE,DB2-ACCESS,GFHIDV01,GFHIC001,programs/FL/gfhidd01.cbl
GFHIDV01,FL,Damage to Premises Rented to You (Fire Legal Liability),HI,DELETE,VSAM-ACCESS,,GFHIC001,programs/FL/gfhidv01.cbl
GFHIRL01,FL,Damage to Premises Rented to You (Fire Legal Liability),HI,RATE,BUSINESS-LOGIC,GFHIRD01,GFHIC001,programs/FL/gfhirl01.cbl
GFHIRD01,FL,Damage to Premises Rented to You (Fire Legal Liability),HI,RATE,DB2-ACCESS,,GFHIC001,programs/FL/gfhird01.cbl
GFHIRV01,FL,Damage to Premises Rented to You (Fire Legal Liability),HI,RATE,VSAM-ACCESS,,GFHIC001,programs/FL/gfhirv01.cbl
GFIDAL01,FL,Damage to Premises Rented to You (Fire Legal Liability),ID,ADD,BUSINESS-LOGIC,GFIDAD01,GFIDC001,programs/FL/gfidal01.cbl
GFIDAD01,FL,Damage to Premises Rented to You (Fire Legal Liability),ID,ADD,DB2-ACCESS,GFIDAV01,GFIDC001,programs/FL/gfidad01.cbl
GFIDAV01,FL,Damage to Premises Rented to You (Fire Legal Liability),ID,ADD,VSAM-ACCESS,,GFIDC001,programs/FL/gfidav01.cbl
GFIDIL01,FL,Damage to Premises Rented to You (Fire Legal Liability),ID,INQUIRE,BUSINESS-LOGIC,GFIDID01,GFIDC001,programs/FL/gfidil01.cbl
GFIDID01,FL,Damage to Premises Rented to You (Fire Legal Liability),ID,INQUIRE,DB2-ACCESS,,GFIDC001,programs/FL/gfidid01.cbl
GFIDIV01,FL,Damage to Premises Rented to You (Fire Legal Liability),ID,INQUIRE,VSAM-ACCESS,,GFIDC001,programs/FL/gfidiv01.cbl
GFIDUL01,FL,Damage to Premises Rented to You (Fire Legal Liability),ID,UPDATE,BUSINESS-LOGIC,GFIDUD01,GFIDC001,programs/FL/gfidul01.cbl
GFIDUD01,FL,Damage to Premises Rented to You (Fire Legal Liability),ID,UPDATE,DB2-ACCESS,GFIDUV01,GFIDC001,programs/FL/gfidud01.cbl
GFIDUV01,FL,Damage to Premises Rented to You (Fire Legal Liability),ID,UPDATE,VSAM-ACCESS,,GFIDC001,programs/FL/gfiduv01.cbl
GFIDDL01,FL,Damage to Premises Rented to You (Fire Legal Liability),ID,DELETE,BUSINESS-LOGIC,GFIDDD01,GFIDC001,programs/FL/gfiddl01.cbl
GFIDDD01,FL,Damage to Premises Rented to You (Fire Legal Liability),ID,DELETE,DB2-ACCESS,GFIDDV01,GFIDC001,programs/FL/gfiddd01.cbl
GFIDDV01,FL,Damage to Premises Rented to You (Fire Legal Liability),ID,DELETE,VSAM-ACCESS,,GFIDC001,programs/FL/gfiddv01.cbl
GFIDRL01,FL,Damage to Premises Rented to You (Fire Legal Liability),ID,RATE,BUSINESS-LOGIC,GFIDRD01,GFIDC001,programs/FL/gfidrl01.cbl
GFIDRD01,FL,Damage to Premises Rented to You (Fire Legal Liability),ID,RATE,DB2-ACCESS,,GFIDC001,programs/FL/gfidrd01.cbl
GFIDRV01,FL,Damage to Premises Rented to You (Fire Legal Liability),ID,RATE,VSAM-ACCESS,,GFIDC001,programs/FL/gfidrv01.cbl
GFILAL01,FL,Damage to Premises Rented to You (Fire Legal Liability),IL,ADD,BUSINESS-LOGIC,GFILAD01,GFILC001,programs/FL/gfilal01.cbl
GFILAD01,FL,Damage to Premises Rented to You (Fire Legal Liability),IL,ADD,DB2-ACCESS,GFILAV01,GFILC001,programs/FL/gfilad01.cbl
GFILAV01,FL,Damage to Premises Rented to You (Fire Legal Liability),IL,ADD,VSAM-ACCESS,,GFILC001,programs/FL/gfilav01.cbl
GFILIL01,FL,Damage to Premises Rented to You (Fire Legal Liability),IL,INQUIRE,BUSINESS-LOGIC,GFILID01,GFILC001,programs/FL/gfilil01.cbl
GFILID01,FL,Damage to Premises Rented to You (Fire Legal Liability),IL,INQUIRE,DB2-ACCESS,,GFILC001,programs/FL/gfilid01.cbl
GFILIV01,FL,Damage to Premises Rented to You (Fire Legal Liability),IL,INQUIRE,VSAM-ACCESS,,GFILC001,programs/FL/gfiliv01.cbl
GFILUL01,FL,Damage to Premises Rented to You (Fire Legal Liability),IL,UPDATE,BUSINESS-LOGIC,GFILUD01,GFILC001,programs/FL/gfilul01.cbl
GFILUD01,FL,Damage to Premises Rented to You (Fire Legal Liability),IL,UPDATE,DB2-ACCESS,GFILUV01,GFILC001,programs/FL/gfilud01.cbl
GFILUV01,FL,Damage to Premises Rented to You (Fire Legal Liability),IL,UPDATE,VSAM-ACCESS,,GFILC001,programs/FL/gfiluv01.cbl
GFILDL01,FL,Damage to Premises Rented to You (Fire Legal Liability),IL,DELETE,BUSINESS-LOGIC,GFILDD01,GFILC001,programs/FL/gfildl01.cbl
GFILDD01,FL,Damage to Premises Rented to You (Fire Legal Liability),IL,DELETE,DB2-ACCESS,GFILDV01,GFILC001,programs/FL/gfildd01.cbl
GFILDV01,FL,Damage to Premises Rented to You (Fire Legal Liability),IL,DELETE,VSAM-ACCESS,,GFILC001,programs/FL/gfildv01.cbl
GFILRL01,FL,Damage to Premises Rented to You (Fire Legal Liability),IL,RATE,BUSINESS-LOGIC,GFILRD01,GFILC001,programs/FL/gfilrl01.cbl
GFILRD01,FL,Damage to Premises Rented to You (Fire Legal Liability),IL,RATE,DB2-ACCESS,,GFILC001,programs/FL/gfilrd01.cbl
GFILRV01,FL,Damage to Premises Rented to You (Fire Legal Liability),IL,RATE,VSAM-ACCESS,,GFILC001,programs/FL/gfilrv01.cbl
GFINAL01,FL,Damage to Premises Rented to You (Fire Legal Liability),IN,ADD,BUSINESS-LOGIC,GFINAD01,GFINC001,programs/FL/gfinal01.cbl
GFINAD01,FL,Damage to Premises Rented to You (Fire Legal Liability),IN,ADD,DB2-ACCESS,GFINAV01,GFINC001,programs/FL/gfinad01.cbl
GFINAV01,FL,Damage to Premises Rented to You (Fire Legal Liability),IN,ADD,VSAM-ACCESS,,GFINC001,programs/FL/gfinav01.cbl
GFINIL01,FL,Damage to Premises Rented to You (Fire Legal Liability),IN,INQUIRE,BUSINESS-LOGIC,GFINID01,GFINC001,programs/FL/gfinil01.cbl
GFINID01,FL,Damage to Premises Rented to You (Fire Legal Liability),IN,INQUIRE,DB2-ACCESS,,GFINC001,programs/FL/gfinid01.cbl
GFINIV01,FL,Damage to Premises Rented to You (Fire Legal Liability),IN,INQUIRE,VSAM-ACCESS,,GFINC001,programs/FL/gfiniv01.cbl
GFINUL01,FL,Damage to Premises Rented to You (Fire Legal Liability),IN,UPDATE,BUSINESS-LOGIC,GFINUD01,GFINC001,programs/FL/gfinul01.cbl
GFINUD01,FL,Damage to Premises Rented to You (Fire Legal Liability),IN,UPDATE,DB2-ACCESS,GFINUV01,GFINC001,programs/FL/gfinud01.cbl
GFINUV01,FL,Damage to Premises Rented to You (Fire Legal Liability),IN,UPDATE,VSAM-ACCESS,,GFINC001,programs/FL/gfinuv01.cbl
GFINDL01,FL,Damage to Premises Rented to You (Fire Legal Liability),IN,DELETE,BUSINESS-LOGIC,GFINDD01,GFINC001,programs/FL/gfindl01.cbl
GFINDD01,FL,Damage to Premises Rented to You (Fire Legal Liability),IN,DELETE,DB2-ACCESS,GFINDV01,GFINC001,programs/FL/gfindd01.cbl
GFINDV01,FL,Damage to Premises Rented to You (Fire Legal Liability),IN,DELETE,VSAM-ACCESS,,GFINC001,programs/FL/gfindv01.cbl
GFINRL01,FL,Damage to Premises Rented to You (Fire Legal Liability),IN,RATE,BUSINESS-LOGIC,GFINRD01,GFINC001,programs/FL/gfinrl01.cbl
GFINRD01,FL,Damage to Premises Rented to You (Fire Legal Liability),IN,RATE,DB2-ACCESS,,GFINC001,programs/FL/gfinrd01.cbl
GFINRV01,FL,Damage to Premises Rented to You (Fire Legal Liability),IN,RATE,VSAM-ACCESS,,GFINC001,programs/FL/gfinrv01.cbl
GFIAAL01,FL,Damage to Premises Rented to You (Fire Legal Liability),IA,ADD,BUSINESS-LOGIC,GFIAAD01,GFIAC001,programs/FL/gfiaal01.cbl
GFIAAD01,FL,Damage to Premises Rented to You (Fire Legal Liability),IA,ADD,DB2-ACCESS,GFIAAV01,GFIAC001,programs/FL/gfiaad01.cbl
GFIAAV01,FL,Damage to Premises Rented to You (Fire Legal Liability),IA,ADD,VSAM-ACCESS,,GFIAC001,programs/FL/gfiaav01.cbl
GFIAIL01,FL,Damage to Premises Rented to You (Fire Legal Liability),IA,INQUIRE,BUSINESS-LOGIC,GFIAID01,GFIAC001,programs/FL/gfiail01.cbl
GFIAID01,FL,Damage to Premises Rented to You (Fire Legal Liability),IA,INQUIRE,DB2-ACCESS,,GFIAC001,programs/FL/gfiaid01.cbl
GFIAIV01,FL,Damage to Premises Rented to You (Fire Legal Liability),IA,INQUIRE,VSAM-ACCESS,,GFIAC001,programs/FL/gfiaiv01.cbl
GFIAUL01,FL,Damage to Premises Rented to You (Fire Legal Liability),IA,UPDATE,BUSINESS-LOGIC,GFIAUD01,GFIAC001,programs/FL/gfiaul01.cbl
GFIAUD01,FL,Damage to Premises Rented to You (Fire Legal Liability),IA,UPDATE,DB2-ACCESS,GFIAUV01,GFIAC001,programs/FL/gfiaud01.cbl
GFIAUV01,FL,Damage to Premises Rented to You (Fire Legal Liability),IA,UPDATE,VSAM-ACCESS,,GFIAC001,programs/FL/gfiauv01.cbl
GFIADL01,FL,Damage to Premises Rented to You (Fire Legal Liability),IA,DELETE,BUSINESS-LOGIC,GFIADD01,GFIAC001,programs/FL/gfiadl01.cbl
GFIADD01,FL,Damage to Premises Rented to You (Fire Legal Liability),IA,DELETE,DB2-ACCESS,GFIADV01,GFIAC001,programs/FL/gfiadd01.cbl
GFIADV01,FL,Damage to Premises Rented to You (Fire Legal Liability),IA,DELETE,VSAM-ACCESS,,GFIAC001,programs/FL/gfiadv01.cbl
GFIARL01,FL,Damage to Premises Rented to You (Fire Legal Liability),IA,RATE,BUSINESS-LOGIC,GFIARD01,GFIAC001,programs/FL/gfiarl01.cbl
GFIARD01,FL,Damage to Premises Rented to You (Fire Legal Liability),IA,RATE,DB2-ACCESS,,GFIAC001,programs/FL/gfiard01.cbl
GFIARV01,FL,Damage to Premises Rented to You (Fire Legal Liability),IA,RATE,VSAM-ACCESS,,GFIAC001,programs/FL/gfiarv01.cbl
GFKSAL01,FL,Damage to Premises Rented to You (Fire Legal Liability),KS,ADD,BUSINESS-LOGIC,GFKSAD01,GFKSC001,programs/FL/gfksal01.cbl
GFKSAD01,FL,Damage to Premises Rented to You (Fire Legal Liability),KS,ADD,DB2-ACCESS,GFKSAV01,GFKSC001,programs/FL/gfksad01.cbl
GFKSAV01,FL,Damage to Premises Rented to You (Fire Legal Liability),KS,ADD,VSAM-ACCESS,,GFKSC001,programs/FL/gfksav01.cbl
GFKSIL01,FL,Damage to Premises Rented to You (Fire Legal Liability),KS,INQUIRE,BUSINESS-LOGIC,GFKSID01,GFKSC001,programs/FL/gfksil01.cbl
GFKSID01,FL,Damage to Premises Rented to You (Fire Legal Liability),KS,INQUIRE,DB2-ACCESS,,GFKSC001,programs/FL/gfksid01.cbl
GFKSIV01,FL,Damage to Premises Rented to You (Fire Legal Liability),KS,INQUIRE,VSAM-ACCESS,,GFKSC001,programs/FL/gfksiv01.cbl
GFKSUL01,FL,Damage to Premises Rented to You (Fire Legal Liability),KS,UPDATE,BUSINESS-LOGIC,GFKSUD01,GFKSC001,programs/FL/gfksul01.cbl
GFKSUD01,FL,Damage to Premises Rented to You (Fire Legal Liability),KS,UPDATE,DB2-ACCESS,GFKSUV01,GFKSC001,programs/FL/gfksud01.cbl
GFKSUV01,FL,Damage to Premises Rented to You (Fire Legal Liability),KS,UPDATE,VSAM-ACCESS,,GFKSC001,programs/FL/gfksuv01.cbl
GFKSDL01,FL,Damage to Premises Rented to You (Fire Legal Liability),KS,DELETE,BUSINESS-LOGIC,GFKSDD01,GFKSC001,programs/FL/gfksdl01.cbl
GFKSDD01,FL,Damage to Premises Rented to You (Fire Legal Liability),KS,DELETE,DB2-ACCESS,GFKSDV01,GFKSC001,programs/FL/gfksdd01.cbl
GFKSDV01,FL,Damage to Premises Rented to You (Fire Legal Liability),KS,DELETE,VSAM-ACCESS,,GFKSC001,programs/FL/gfksdv01.cbl
GFKSRL01,FL,Damage to Premises Rented to You (Fire Legal Liability),KS,RATE,BUSINESS-LOGIC,GFKSRD01,GFKSC001,programs/FL/gfksrl01.cbl
GFKSRD01,FL,Damage to Premises Rented to You (Fire Legal Liability),KS,RATE,DB2-ACCESS,,GFKSC001,programs/FL/gfksrd01.cbl
GFKSRV01,FL,Damage to Premises Rented to You (Fire Legal Liability),KS,RATE,VSAM-ACCESS,,GFKSC001,programs/FL/gfksrv01.cbl
GFKYAL01,FL,Damage to Premises Rented to You (Fire Legal Liability),KY,ADD,BUSINESS-LOGIC,GFKYAD01,GFKYC001,programs/FL/gfkyal01.cbl
GFKYAD01,FL,Damage to Premises Rented to You (Fire Legal Liability),KY,ADD,DB2-ACCESS,GFKYAV01,GFKYC001,programs/FL/gfkyad01.cbl
GFKYAV01,FL,Damage to Premises Rented to You (Fire Legal Liability),KY,ADD,VSAM-ACCESS,,GFKYC001,programs/FL/gfkyav01.cbl
GFKYIL01,FL,Damage to Premises Rented to You (Fire Legal Liability),KY,INQUIRE,BUSINESS-LOGIC,GFKYID01,GFKYC001,programs/FL/gfkyil01.cbl
GFKYID01,FL,Damage to Premises Rented to You (Fire Legal Liability),KY,INQUIRE,DB2-ACCESS,,GFKYC001,programs/FL/gfkyid01.cbl
GFKYIV01,FL,Damage to Premises Rented to You (Fire Legal Liability),KY,INQUIRE,VSAM-ACCESS,,GFKYC001,programs/FL/gfkyiv01.cbl
GFKYUL01,FL,Damage to Premises Rented to You (Fire Legal Liability),KY,UPDATE,BUSINESS-LOGIC,GFKYUD01,GFKYC001,programs/FL/gfkyul01.cbl
GFKYUD01,FL,Damage to Premises Rented to You (Fire Legal Liability),KY,UPDATE,DB2-ACCESS,GFKYUV01,GFKYC001,programs/FL/gfkyud01.cbl
GFKYUV01,FL,Damage to Premises Rented to You (Fire Legal Liability),KY,UPDATE,VSAM-ACCESS,,GFKYC001,programs/FL/gfkyuv01.cbl
GFKYDL01,FL,Damage to Premises Rented to You (Fire Legal Liability),KY,DELETE,BUSINESS-LOGIC,GFKYDD01,GFKYC001,programs/FL/gfkydl01.cbl
GFKYDD01,FL,Damage to Premises Rented to You (Fire Legal Liability),KY,DELETE,DB2-ACCESS,GFKYDV01,GFKYC001,programs/FL/gfkydd01.cbl
GFKYDV01,FL,Damage to Premises Rented to You (Fire Legal Liability),KY,DELETE,VSAM-ACCESS,,GFKYC001,programs/FL/gfkydv01.cbl
GFKYRL01,FL,Damage to Premises Rented to You (Fire Legal Liability),KY,RATE,BUSINESS-LOGIC,GFKYRD01,GFKYC001,programs/FL/gfkyrl01.cbl
GFKYRD01,FL,Damage to Premises Rented to You (Fire Legal Liability),KY,RATE,DB2-ACCESS,,GFKYC001,programs/FL/gfkyrd01.cbl
GFKYRV01,FL,Damage to Premises Rented to You (Fire Legal Liability),KY,RATE,VSAM-ACCESS,,GFKYC001,programs/FL/gfkyrv01.cbl
GFLAAL01,FL,Damage to Premises Rented to You (Fire Legal Liability),LA,ADD,BUSINESS-LOGIC,GFLAAD01,GFLAC001,programs/FL/gflaal01.cbl
GFLAAD01,FL,Damage to Premises Rented to You (Fire Legal Liability),LA,ADD,DB2-ACCESS,GFLAAV01,GFLAC001,programs/FL/gflaad01.cbl
GFLAAV01,FL,Damage to Premises Rented to You (Fire Legal Liability),LA,ADD,VSAM-ACCESS,,GFLAC001,programs/FL/gflaav01.cbl
GFLAIL01,FL,Damage to Premises Rented to You (Fire Legal Liability),LA,INQUIRE,BUSINESS-LOGIC,GFLAID01,GFLAC001,programs/FL/gflail01.cbl
GFLAID01,FL,Damage to Premises Rented to You (Fire Legal Liability),LA,INQUIRE,DB2-ACCESS,,GFLAC001,programs/FL/gflaid01.cbl
GFLAIV01,FL,Damage to Premises Rented to You (Fire Legal Liability),LA,INQUIRE,VSAM-ACCESS,,GFLAC001,programs/FL/gflaiv01.cbl
GFLAUL01,FL,Damage to Premises Rented to You (Fire Legal Liability),LA,UPDATE,BUSINESS-LOGIC,GFLAUD01,GFLAC001,programs/FL/gflaul01.cbl
GFLAUD01,FL,Damage to Premises Rented to You (Fire Legal Liability),LA,UPDATE,DB2-ACCESS,GFLAUV01,GFLAC001,programs/FL/gflaud01.cbl
GFLAUV01,FL,Damage to Premises Rented to You (Fire Legal Liability),LA,UPDATE,VSAM-ACCESS,,GFLAC001,programs/FL/gflauv01.cbl
GFLADL01,FL,Damage to Premises Rented to You (Fire Legal Liability),LA,DELETE,BUSINESS-LOGIC,GFLADD01,GFLAC001,programs/FL/gfladl01.cbl
GFLADD01,FL,Damage to Premises Rented to You (Fire Legal Liability),LA,DELETE,DB2-ACCESS,GFLADV01,GFLAC001,programs/FL/gfladd01.cbl
GFLADV01,FL,Damage to Premises Rented to You (Fire Legal Liability),LA,DELETE,VSAM-ACCESS,,GFLAC001,programs/FL/gfladv01.cbl
GFLARL01,FL,Damage to Premises Rented to You (Fire Legal Liability),LA,RATE,BUSINESS-LOGIC,GFLARD01,GFLAC001,programs/FL/gflarl01.cbl
GFLARD01,FL,Damage to Premises Rented to You (Fire Legal Liability),LA,RATE,DB2-ACCESS,,GFLAC001,programs/FL/gflard01.cbl
GFLARV01,FL,Damage to Premises Rented to You (Fire Legal Liability),LA,RATE,VSAM-ACCESS,,GFLAC001,programs/FL/gflarv01.cbl
GFMEAL01,FL,Damage to Premises Rented to You (Fire Legal Liability),ME,ADD,BUSINESS-LOGIC,GFMEAD01,GFMEC001,programs/FL/gfmeal01.cbl
GFMEAD01,FL,Damage to Premises Rented to You (Fire Legal Liability),ME,ADD,DB2-ACCESS,GFMEAV01,GFMEC001,programs/FL/gfmead01.cbl
GFMEAV01,FL,Damage to Premises Rented to You (Fire Legal Liability),ME,ADD,VSAM-ACCESS,,GFMEC001,programs/FL/gfmeav01.cbl
GFMEIL01,FL,Damage to Premises Rented to You (Fire Legal Liability),ME,INQUIRE,BUSINESS-LOGIC,GFMEID01,GFMEC001,programs/FL/gfmeil01.cbl
GFMEID01,FL,Damage to Premises Rented to You (Fire Legal Liability),ME,INQUIRE,DB2-ACCESS,,GFMEC001,programs/FL/gfmeid01.cbl
GFMEIV01,FL,Damage to Premises Rented to You (Fire Legal Liability),ME,INQUIRE,VSAM-ACCESS,,GFMEC001,programs/FL/gfmeiv01.cbl
GFMEUL01,FL,Damage to Premises Rented to You (Fire Legal Liability),ME,UPDATE,BUSINESS-LOGIC,GFMEUD01,GFMEC001,programs/FL/gfmeul01.cbl
GFMEUD01,FL,Damage to Premises Rented to You (Fire Legal Liability),ME,UPDATE,DB2-ACCESS,GFMEUV01,GFMEC001,programs/FL/gfmeud01.cbl
GFMEUV01,FL,Damage to Premises Rented to You (Fire Legal Liability),ME,UPDATE,VSAM-ACCESS,,GFMEC001,programs/FL/gfmeuv01.cbl
GFMEDL01,FL,Damage to Premises Rented to You (Fire Legal Liability),ME,DELETE,BUSINESS-LOGIC,GFMEDD01,GFMEC001,programs/FL/gfmedl01.cbl
GFMEDD01,FL,Damage to Premises Rented to You (Fire Legal Liability),ME,DELETE,DB2-ACCESS,GFMEDV01,GFMEC001,programs/FL/gfmedd01.cbl
GFMEDV01,FL,Damage to Premises Rented to You (Fire Legal Liability),ME,DELETE,VSAM-ACCESS,,GFMEC001,programs/FL/gfmedv01.cbl
GFMERL01,FL,Damage to Premises Rented to You (Fire Legal Liability),ME,RATE,BUSINESS-LOGIC,GFMERD01,GFMEC001,programs/FL/gfmerl01.cbl
GFMERD01,FL,Damage to Premises Rented to You (Fire Legal Liability),ME,RATE,DB2-ACCESS,,GFMEC001,programs/FL/gfmerd01.cbl
GFMERV01,FL,Damage to Premises Rented to You (Fire Legal Liability),ME,RATE,VSAM-ACCESS,,GFMEC001,programs/FL/gfmerv01.cbl
GFMDAL01,FL,Damage to Premises Rented to You (Fire Legal Liability),MD,ADD,BUSINESS-LOGIC,GFMDAD01,GFMDC001,programs/FL/gfmdal01.cbl
GFMDAD01,FL,Damage to Premises Rented to You (Fire Legal Liability),MD,ADD,DB2-ACCESS,GFMDAV01,GFMDC001,programs/FL/gfmdad01.cbl
GFMDAV01,FL,Damage to Premises Rented to You (Fire Legal Liability),MD,ADD,VSAM-ACCESS,,GFMDC001,programs/FL/gfmdav01.cbl
GFMDIL01,FL,Damage to Premises Rented to You (Fire Legal Liability),MD,INQUIRE,BUSINESS-LOGIC,GFMDID01,GFMDC001,programs/FL/gfmdil01.cbl
GFMDID01,FL,Damage to Premises Rented to You (Fire Legal Liability),MD,INQUIRE,DB2-ACCESS,,GFMDC001,programs/FL/gfmdid01.cbl
GFMDIV01,FL,Damage to Premises Rented to You (Fire Legal Liability),MD,INQUIRE,VSAM-ACCESS,,GFMDC001,programs/FL/gfmdiv01.cbl
GFMDUL01,FL,Damage to Premises Rented to You (Fire Legal Liability),MD,UPDATE,BUSINESS-LOGIC,GFMDUD01,GFMDC001,programs/FL/gfmdul01.cbl
GFMDUD01,FL,Damage to Premises Rented to You (Fire Legal Liability),MD,UPDATE,DB2-ACCESS,GFMDUV01,GFMDC001,programs/FL/gfmdud01.cbl
GFMDUV01,FL,Damage to Premises Rented to You (Fire Legal Liability),MD,UPDATE,VSAM-ACCESS,,GFMDC001,programs/FL/gfmduv01.cbl
GFMDDL01,FL,Damage to Premises Rented to You (Fire Legal Liability),MD,DELETE,BUSINESS-LOGIC,GFMDDD01,GFMDC001,programs/FL/gfmddl01.cbl
GFMDDD01,FL,Damage to Premises Rented to You (Fire Legal Liability),MD,DELETE,DB2-ACCESS,GFMDDV01,GFMDC001,programs/FL/gfmddd01.cbl
GFMDDV01,FL,Damage to Premises Rented to You (Fire Legal Liability),MD,DELETE,VSAM-ACCESS,,GFMDC001,programs/FL/gfmddv01.cbl
GFMDRL01,FL,Damage to Premises Rented to You (Fire Legal Liability),MD,RATE,BUSINESS-LOGIC,GFMDRD01,GFMDC001,programs/FL/gfmdrl01.cbl
GFMDRD01,FL,Damage to Premises Rented to You (Fire Legal Liability),MD,RATE,DB2-ACCESS,,GFMDC001,programs/FL/gfmdrd01.cbl
GFMDRV01,FL,Damage to Premises Rented to You (Fire Legal Liability),MD,RATE,VSAM-ACCESS,,GFMDC001,programs/FL/gfmdrv01.cbl
GFMAAL01,FL,Damage to Premises Rented to You (Fire Legal Liability),MA,ADD,BUSINESS-LOGIC,GFMAAD01,GFMAC001,programs/FL/gfmaal01.cbl
GFMAAD01,FL,Damage to Premises Rented to You (Fire Legal Liability),MA,ADD,DB2-ACCESS,GFMAAV01,GFMAC001,programs/FL/gfmaad01.cbl
GFMAAV01,FL,Damage to Premises Rented to You (Fire Legal Liability),MA,ADD,VSAM-ACCESS,,GFMAC001,programs/FL/gfmaav01.cbl
GFMAIL01,FL,Damage to Premises Rented to You (Fire Legal Liability),MA,INQUIRE,BUSINESS-LOGIC,GFMAID01,GFMAC001,programs/FL/gfmail01.cbl
GFMAID01,FL,Damage to Premises Rented to You (Fire Legal Liability),MA,INQUIRE,DB2-ACCESS,,GFMAC001,programs/FL/gfmaid01.cbl
GFMAIV01,FL,Damage to Premises Rented to You (Fire Legal Liability),MA,INQUIRE,VSAM-ACCESS,,GFMAC001,programs/FL/gfmaiv01.cbl
GFMAUL01,FL,Damage to Premises Rented to You (Fire Legal Liability),MA,UPDATE,BUSINESS-LOGIC,GFMAUD01,GFMAC001,programs/FL/gfmaul01.cbl
GFMAUD01,FL,Damage to Premises Rented to You (Fire Legal Liability),MA,UPDATE,DB2-ACCESS,GFMAUV01,GFMAC001,programs/FL/gfmaud01.cbl
GFMAUV01,FL,Damage to Premises Rented to You (Fire Legal Liability),MA,UPDATE,VSAM-ACCESS,,GFMAC001,programs/FL/gfmauv01.cbl
GFMADL01,FL,Damage to Premises Rented to You (Fire Legal Liability),MA,DELETE,BUSINESS-LOGIC,GFMADD01,GFMAC001,programs/FL/gfmadl01.cbl
GFMADD01,FL,Damage to Premises Rented to You (Fire Legal Liability),MA,DELETE,DB2-ACCESS,GFMADV01,GFMAC001,programs/FL/gfmadd01.cbl
GFMADV01,FL,Damage to Premises Rented to You (Fire Legal Liability),MA,DELETE,VSAM-ACCESS,,GFMAC001,programs/FL/gfmadv01.cbl
GFMARL01,FL,Damage to Premises Rented to You (Fire Legal Liability),MA,RATE,BUSINESS-LOGIC,GFMARD01,GFMAC001,programs/FL/gfmarl01.cbl
GFMARD01,FL,Damage to Premises Rented to You (Fire Legal Liability),MA,RATE,DB2-ACCESS,,GFMAC001,programs/FL/gfmard01.cbl
GFMARV01,FL,Damage to Premises Rented to You (Fire Legal Liability),MA,RATE,VSAM-ACCESS,,GFMAC001,programs/FL/gfmarv01.cbl
GFMIAL01,FL,Damage to Premises Rented to You (Fire Legal Liability),MI,ADD,BUSINESS-LOGIC,GFMIAD01,GFMIC001,programs/FL/gfmial01.cbl
GFMIAD01,FL,Damage to Premises Rented to You (Fire Legal Liability),MI,ADD,DB2-ACCESS,GFMIAV01,GFMIC001,programs/FL/gfmiad01.cbl
GFMIAV01,FL,Damage to Premises Rented to You (Fire Legal Liability),MI,ADD,VSAM-ACCESS,,GFMIC001,programs/FL/gfmiav01.cbl
GFMIIL01,FL,Damage to Premises Rented to You (Fire Legal Liability),MI,INQUIRE,BUSINESS-LOGIC,GFMIID01,GFMIC001,programs/FL/gfmiil01.cbl
GFMIID01,FL,Damage to Premises Rented to You (Fire Legal Liability),MI,INQUIRE,DB2-ACCESS,,GFMIC001,programs/FL/gfmiid01.cbl
GFMIIV01,FL,Damage to Premises Rented to You (Fire Legal Liability),MI,INQUIRE,VSAM-ACCESS,,GFMIC001,programs/FL/gfmiiv01.cbl
GFMIUL01,FL,Damage to Premises Rented to You (Fire Legal Liability),MI,UPDATE,BUSINESS-LOGIC,GFMIUD01,GFMIC001,programs/FL/gfmiul01.cbl
GFMIUD01,FL,Damage to Premises Rented to You (Fire Legal Liability),MI,UPDATE,DB2-ACCESS,GFMIUV01,GFMIC001,programs/FL/gfmiud01.cbl
GFMIUV01,FL,Damage to Premises Rented to You (Fire Legal Liability),MI,UPDATE,VSAM-ACCESS,,GFMIC001,programs/FL/gfmiuv01.cbl
GFMIDL01,FL,Damage to Premises Rented to You (Fire Legal Liability),MI,DELETE,BUSINESS-LOGIC,GFMIDD01,GFMIC001,programs/FL/gfmidl01.cbl
GFMIDD01,FL,Damage to Premises Rented to You (Fire Legal Liability),MI,DELETE,DB2-ACCESS,GFMIDV01,GFMIC001,programs/FL/gfmidd01.cbl
GFMIDV01,FL,Damage to Premises Rented to You (Fire Legal Liability),MI,DELETE,VSAM-ACCESS,,GFMIC001,programs/FL/gfmidv01.cbl
GFMIRL01,FL,Damage to Premises Rented to You (Fire Legal Liability),MI,RATE,BUSINESS-LOGIC,GFMIRD01,GFMIC001,programs/FL/gfmirl01.cbl
GFMIRD01,FL,Damage to Premises Rented to You (Fire Legal Liability),MI,RATE,DB2-ACCESS,,GFMIC001,programs/FL/gfmird01.cbl
GFMIRV01,FL,Damage to Premises Rented to You (Fire Legal Liability),MI,RATE,VSAM-ACCESS,,GFMIC001,programs/FL/gfmirv01.cbl
GFMNAL01,FL,Damage to Premises Rented to You (Fire Legal Liability),MN,ADD,BUSINESS-LOGIC,GFMNAD01,GFMNC001,programs/FL/gfmnal01.cbl
GFMNAD01,FL,Damage to Premises Rented to You (Fire Legal Liability),MN,ADD,DB2-ACCESS,GFMNAV01,GFMNC001,programs/FL/gfmnad01.cbl
GFMNAV01,FL,Damage to Premises Rented to You (Fire Legal Liability),MN,ADD,VSAM-ACCESS,,GFMNC001,programs/FL/gfmnav01.cbl
GFMNIL01,FL,Damage to Premises Rented to You (Fire Legal Liability),MN,INQUIRE,BUSINESS-LOGIC,GFMNID01,GFMNC001,programs/FL/gfmnil01.cbl
GFMNID01,FL,Damage to Premises Rented to You (Fire Legal Liability),MN,INQUIRE,DB2-ACCESS,,GFMNC001,programs/FL/gfmnid01.cbl
GFMNIV01,FL,Damage to Premises Rented to You (Fire Legal Liability),MN,INQUIRE,VSAM-ACCESS,,GFMNC001,programs/FL/gfmniv01.cbl
GFMNUL01,FL,Damage to Premises Rented to You (Fire Legal Liability),MN,UPDATE,BUSINESS-LOGIC,GFMNUD01,GFMNC001,programs/FL/gfmnul01.cbl
GFMNUD01,FL,Damage to Premises Rented to You (Fire Legal Liability),MN,UPDATE,DB2-ACCESS,GFMNUV01,GFMNC001,programs/FL/gfmnud01.cbl
GFMNUV01,FL,Damage to Premises Rented to You (Fire Legal Liability),MN,UPDATE,VSAM-ACCESS,,GFMNC001,programs/FL/gfmnuv01.cbl
GFMNDL01,FL,Damage to Premises Rented to You (Fire Legal Liability),MN,DELETE,BUSINESS-LOGIC,GFMNDD01,GFMNC001,programs/FL/gfmndl01.cbl
GFMNDD01,FL,Damage to Premises Rented to You (Fire Legal Liability),MN,DELETE,DB2-ACCESS,GFMNDV01,GFMNC001,programs/FL/gfmndd01.cbl
GFMNDV01,FL,Damage to Premises Rented to You (Fire Legal Liability),MN,DELETE,VSAM-ACCESS,,GFMNC001,programs/FL/gfmndv01.cbl
GFMNRL01,FL,Damage to Premises Rented to You (Fire Legal Liability),MN,RATE,BUSINESS-LOGIC,GFMNRD01,GFMNC001,programs/FL/gfmnrl01.cbl
GFMNRD01,FL,Damage to Premises Rented to You (Fire Legal Liability),MN,RATE,DB2-ACCESS,,GFMNC001,programs/FL/gfmnrd01.cbl
GFMNRV01,FL,Damage to Premises Rented to You (Fire Legal Liability),MN,RATE,VSAM-ACCESS,,GFMNC001,programs/FL/gfmnrv01.cbl
GFMSAL01,FL,Damage to Premises Rented to You (Fire Legal Liability),MS,ADD,BUSINESS-LOGIC,GFMSAD01,GFMSC001,programs/FL/gfmsal01.cbl
GFMSAD01,FL,Damage to Premises Rented to You (Fire Legal Liability),MS,ADD,DB2-ACCESS,GFMSAV01,GFMSC001,programs/FL/gfmsad01.cbl
GFMSAV01,FL,Damage to Premises Rented to You (Fire Legal Liability),MS,ADD,VSAM-ACCESS,,GFMSC001,programs/FL/gfmsav01.cbl
GFMSIL01,FL,Damage to Premises Rented to You (Fire Legal Liability),MS,INQUIRE,BUSINESS-LOGIC,GFMSID01,GFMSC001,programs/FL/gfmsil01.cbl
GFMSID01,FL,Damage to Premises Rented to You (Fire Legal Liability),MS,INQUIRE,DB2-ACCESS,,GFMSC001,programs/FL/gfmsid01.cbl
GFMSIV01,FL,Damage to Premises Rented to You (Fire Legal Liability),MS,INQUIRE,VSAM-ACCESS,,GFMSC001,programs/FL/gfmsiv01.cbl
GFMSUL01,FL,Damage to Premises Rented to You (Fire Legal Liability),MS,UPDATE,BUSINESS-LOGIC,GFMSUD01,GFMSC001,programs/FL/gfmsul01.cbl
GFMSUD01,FL,Damage to Premises Rented to You (Fire Legal Liability),MS,UPDATE,DB2-ACCESS,GFMSUV01,GFMSC001,programs/FL/gfmsud01.cbl
GFMSUV01,FL,Damage to Premises Rented to You (Fire Legal Liability),MS,UPDATE,VSAM-ACCESS,,GFMSC001,programs/FL/gfmsuv01.cbl
GFMSDL01,FL,Damage to Premises Rented to You (Fire Legal Liability),MS,DELETE,BUSINESS-LOGIC,GFMSDD01,GFMSC001,programs/FL/gfmsdl01.cbl
GFMSDD01,FL,Damage to Premises Rented to You (Fire Legal Liability),MS,DELETE,DB2-ACCESS,GFMSDV01,GFMSC001,programs/FL/gfmsdd01.cbl
GFMSDV01,FL,Damage to Premises Rented to You (Fire Legal Liability),MS,DELETE,VSAM-ACCESS,,GFMSC001,programs/FL/gfmsdv01.cbl
GFMSRL01,FL,Damage to Premises Rented to You (Fire Legal Liability),MS,RATE,BUSINESS-LOGIC,GFMSRD01,GFMSC001,programs/FL/gfmsrl01.cbl
GFMSRD01,FL,Damage to Premises Rented to You (Fire Legal Liability),MS,RATE,DB2-ACCESS,,GFMSC001,programs/FL/gfmsrd01.cbl
GFMSRV01,FL,Damage to Premises Rented to You (Fire Legal Liability),MS,RATE,VSAM-ACCESS,,GFMSC001,programs/FL/gfmsrv01.cbl
GFMOAL01,FL,Damage to Premises Rented to You (Fire Legal Liability),MO,ADD,BUSINESS-LOGIC,GFMOAD01,GFMOC001,programs/FL/gfmoal01.cbl
GFMOAD01,FL,Damage to Premises Rented to You (Fire Legal Liability),MO,ADD,DB2-ACCESS,GFMOAV01,GFMOC001,programs/FL/gfmoad01.cbl
GFMOAV01,FL,Damage to Premises Rented to You (Fire Legal Liability),MO,ADD,VSAM-ACCESS,,GFMOC001,programs/FL/gfmoav01.cbl
GFMOIL01,FL,Damage to Premises Rented to You (Fire Legal Liability),MO,INQUIRE,BUSINESS-LOGIC,GFMOID01,GFMOC001,programs/FL/gfmoil01.cbl
GFMOID01,FL,Damage to Premises Rented to You (Fire Legal Liability),MO,INQUIRE,DB2-ACCESS,,GFMOC001,programs/FL/gfmoid01.cbl
GFMOIV01,FL,Damage to Premises Rented to You (Fire Legal Liability),MO,INQUIRE,VSAM-ACCESS,,GFMOC001,programs/FL/gfmoiv01.cbl
GFMOUL01,FL,Damage to Premises Rented to You (Fire Legal Liability),MO,UPDATE,BUSINESS-LOGIC,GFMOUD01,GFMOC001,programs/FL/gfmoul01.cbl
GFMOUD01,FL,Damage to Premises Rented to You (Fire Legal Liability),MO,UPDATE,DB2-ACCESS,GFMOUV01,GFMOC001,programs/FL/gfmoud01.cbl
GFMOUV01,FL,Damage to Premises Rented to You (Fire Legal Liability),MO,UPDATE,VSAM-ACCESS,,GFMOC001,programs/FL/gfmouv01.cbl
GFMODL01,FL,Damage to Premises Rented to You (Fire Legal Liability),MO,DELETE,BUSINESS-LOGIC,GFMODD01,GFMOC001,programs/FL/gfmodl01.cbl
GFMODD01,FL,Damage to Premises Rented to You (Fire Legal Liability),MO,DELETE,DB2-ACCESS,GFMODV01,GFMOC001,programs/FL/gfmodd01.cbl
GFMODV01,FL,Damage to Premises Rented to You (Fire Legal Liability),MO,DELETE,VSAM-ACCESS,,GFMOC001,programs/FL/gfmodv01.cbl
GFMORL01,FL,Damage to Premises Rented to You (Fire Legal Liability),MO,RATE,BUSINESS-LOGIC,GFMORD01,GFMOC001,programs/FL/gfmorl01.cbl
GFMORD01,FL,Damage to Premises Rented to You (Fire Legal Liability),MO,RATE,DB2-ACCESS,,GFMOC001,programs/FL/gfmord01.cbl
GFMORV01,FL,Damage to Premises Rented to You (Fire Legal Liability),MO,RATE,VSAM-ACCESS,,GFMOC001,programs/FL/gfmorv01.cbl
GFMTAL01,FL,Damage to Premises Rented to You (Fire Legal Liability),MT,ADD,BUSINESS-LOGIC,GFMTAD01,GFMTC001,programs/FL/gfmtal01.cbl
GFMTAD01,FL,Damage to Premises Rented to You (Fire Legal Liability),MT,ADD,DB2-ACCESS,GFMTAV01,GFMTC001,programs/FL/gfmtad01.cbl
GFMTAV01,FL,Damage to Premises Rented to You (Fire Legal Liability),MT,ADD,VSAM-ACCESS,,GFMTC001,programs/FL/gfmtav01.cbl
GFMTIL01,FL,Damage to Premises Rented to You (Fire Legal Liability),MT,INQUIRE,BUSINESS-LOGIC,GFMTID01,GFMTC001,programs/FL/gfmtil01.cbl
GFMTID01,FL,Damage to Premises Rented to You (Fire Legal Liability),MT,INQUIRE,DB2-ACCESS,,GFMTC001,programs/FL/gfmtid01.cbl
GFMTIV01,FL,Damage to Premises Rented to You (Fire Legal Liability),MT,INQUIRE,VSAM-ACCESS,,GFMTC001,programs/FL/gfmtiv01.cbl
GFMTUL01,FL,Damage to Premises Rented to You (Fire Legal Liability),MT,UPDATE,BUSINESS-LOGIC,GFMTUD01,GFMTC001,programs/FL/gfmtul01.cbl
GFMTUD01,FL,Damage to Premises Rented to You (Fire Legal Liability),MT,UPDATE,DB2-ACCESS,GFMTUV01,GFMTC001,programs/FL/gfmtud01.cbl
GFMTUV01,FL,Damage to Premises Rented to You (Fire Legal Liability),MT,UPDATE,VSAM-ACCESS,,GFMTC001,programs/FL/gfmtuv01.cbl
GFMTDL01,FL,Damage to Premises Rented to You (Fire Legal Liability),MT,DELETE,BUSINESS-LOGIC,GFMTDD01,GFMTC001,programs/FL/gfmtdl01.cbl
GFMTDD01,FL,Damage to Premises Rented to You (Fire Legal Liability),MT,DELETE,DB2-ACCESS,GFMTDV01,GFMTC001,programs/FL/gfmtdd01.cbl
GFMTDV01,FL,Damage to Premises Rented to You (Fire Legal Liability),MT,DELETE,VSAM-ACCESS,,GFMTC001,programs/FL/gfmtdv01.cbl
GFMTRL01,FL,Damage to Premises Rented to You (Fire Legal Liability),MT,RATE,BUSINESS-LOGIC,GFMTRD01,GFMTC001,programs/FL/gfmtrl01.cbl
GFMTRD01,FL,Damage to Premises Rented to You (Fire Legal Liability),MT,RATE,DB2-ACCESS,,GFMTC001,programs/FL/gfmtrd01.cbl
GFMTRV01,FL,Damage to Premises Rented to You (Fire Legal Liability),MT,RATE,VSAM-ACCESS,,GFMTC001,programs/FL/gfmtrv01.cbl
GFNEAL01,FL,Damage to Premises Rented to You (Fire Legal Liability),NE,ADD,BUSINESS-LOGIC,GFNEAD01,GFNEC001,programs/FL/gfneal01.cbl
GFNEAD01,FL,Damage to Premises Rented to You (Fire Legal Liability),NE,ADD,DB2-ACCESS,GFNEAV01,GFNEC001,programs/FL/gfnead01.cbl
GFNEAV01,FL,Damage to Premises Rented to You (Fire Legal Liability),NE,ADD,VSAM-ACCESS,,GFNEC001,programs/FL/gfneav01.cbl
GFNEIL01,FL,Damage to Premises Rented to You (Fire Legal Liability),NE,INQUIRE,BUSINESS-LOGIC,GFNEID01,GFNEC001,programs/FL/gfneil01.cbl
GFNEID01,FL,Damage to Premises Rented to You (Fire Legal Liability),NE,INQUIRE,DB2-ACCESS,,GFNEC001,programs/FL/gfneid01.cbl
GFNEIV01,FL,Damage to Premises Rented to You (Fire Legal Liability),NE,INQUIRE,VSAM-ACCESS,,GFNEC001,programs/FL/gfneiv01.cbl
GFNEUL01,FL,Damage to Premises Rented to You (Fire Legal Liability),NE,UPDATE,BUSINESS-LOGIC,GFNEUD01,GFNEC001,programs/FL/gfneul01.cbl
GFNEUD01,FL,Damage to Premises Rented to You (Fire Legal Liability),NE,UPDATE,DB2-ACCESS,GFNEUV01,GFNEC001,programs/FL/gfneud01.cbl
GFNEUV01,FL,Damage to Premises Rented to You (Fire Legal Liability),NE,UPDATE,VSAM-ACCESS,,GFNEC001,programs/FL/gfneuv01.cbl
GFNEDL01,FL,Damage to Premises Rented to You (Fire Legal Liability),NE,DELETE,BUSINESS-LOGIC,GFNEDD01,GFNEC001,programs/FL/gfnedl01.cbl
GFNEDD01,FL,Damage to Premises Rented to You (Fire Legal Liability),NE,DELETE,DB2-ACCESS,GFNEDV01,GFNEC001,programs/FL/gfnedd01.cbl
GFNEDV01,FL,Damage to Premises Rented to You (Fire Legal Liability),NE,DELETE,VSAM-ACCESS,,GFNEC001,programs/FL/gfnedv01.cbl
GFNERL01,FL,Damage to Premises Rented to You (Fire Legal Liability),NE,RATE,BUSINESS-LOGIC,GFNERD01,GFNEC001,programs/FL/gfnerl01.cbl
GFNERD01,FL,Damage to Premises Rented to You (Fire Legal Liability),NE,RATE,DB2-ACCESS,,GFNEC001,programs/FL/gfnerd01.cbl
GFNERV01,FL,Damage to Premises Rented to You (Fire Legal Liability),NE,RATE,VSAM-ACCESS,,GFNEC001,programs/FL/gfnerv01.cbl
GFNVAL01,FL,Damage to Premises Rented to You (Fire Legal Liability),NV,ADD,BUSINESS-LOGIC,GFNVAD01,GFNVC001,programs/FL/gfnval01.cbl
GFNVAD01,FL,Damage to Premises Rented to You (Fire Legal Liability),NV,ADD,DB2-ACCESS,GFNVAV01,GFNVC001,programs/FL/gfnvad01.cbl
GFNVAV01,FL,Damage to Premises Rented to You (Fire Legal Liability),NV,ADD,VSAM-ACCESS,,GFNVC001,programs/FL/gfnvav01.cbl
GFNVIL01,FL,Damage to Premises Rented to You (Fire Legal Liability),NV,INQUIRE,BUSINESS-LOGIC,GFNVID01,GFNVC001,programs/FL/gfnvil01.cbl
GFNVID01,FL,Damage to Premises Rented to You (Fire Legal Liability),NV,INQUIRE,DB2-ACCESS,,GFNVC001,programs/FL/gfnvid01.cbl
GFNVIV01,FL,Damage to Premises Rented to You (Fire Legal Liability),NV,INQUIRE,VSAM-ACCESS,,GFNVC001,programs/FL/gfnviv01.cbl
GFNVUL01,FL,Damage to Premises Rented to You (Fire Legal Liability),NV,UPDATE,BUSINESS-LOGIC,GFNVUD01,GFNVC001,programs/FL/gfnvul01.cbl
GFNVUD01,FL,Damage to Premises Rented to You (Fire Legal Liability),NV,UPDATE,DB2-ACCESS,GFNVUV01,GFNVC001,programs/FL/gfnvud01.cbl
GFNVUV01,FL,Damage to Premises Rented to You (Fire Legal Liability),NV,UPDATE,VSAM-ACCESS,,GFNVC001,programs/FL/gfnvuv01.cbl
GFNVDL01,FL,Damage to Premises Rented to You (Fire Legal Liability),NV,DELETE,BUSINESS-LOGIC,GFNVDD01,GFNVC001,programs/FL/gfnvdl01.cbl
GFNVDD01,FL,Damage to Premises Rented to You (Fire Legal Liability),NV,DELETE,DB2-ACCESS,GFNVDV01,GFNVC001,programs/FL/gfnvdd01.cbl
GFNVDV01,FL,Damage to Premises Rented to You (Fire Legal Liability),NV,DELETE,VSAM-ACCESS,,GFNVC001,programs/FL/gfnvdv01.cbl
GFNVRL01,FL,Damage to Premises Rented to You (Fire Legal Liability),NV,RATE,BUSINESS-LOGIC,GFNVRD01,GFNVC001,programs/FL/gfnvrl01.cbl
GFNVRD01,FL,Damage to Premises Rented to You (Fire Legal Liability),NV,RATE,DB2-ACCESS,,GFNVC001,programs/FL/gfnvrd01.cbl
GFNVRV01,FL,Damage to Premises Rented to You (Fire Legal Liability),NV,RATE,VSAM-ACCESS,,GFNVC001,programs/FL/gfnvrv01.cbl
GFNHAL01,FL,Damage to Premises Rented to You (Fire Legal Liability),NH,ADD,BUSINESS-LOGIC,GFNHAD01,GFNHC001,programs/FL/gfnhal01.cbl
GFNHAD01,FL,Damage to Premises Rented to You (Fire Legal Liability),NH,ADD,DB2-ACCESS,GFNHAV01,GFNHC001,programs/FL/gfnhad01.cbl
GFNHAV01,FL,Damage to Premises Rented to You (Fire Legal Liability),NH,ADD,VSAM-ACCESS,,GFNHC001,programs/FL/gfnhav01.cbl
GFNHIL01,FL,Damage to Premises Rented to You (Fire Legal Liability),NH,INQUIRE,BUSINESS-LOGIC,GFNHID01,GFNHC001,programs/FL/gfnhil01.cbl
GFNHID01,FL,Damage to Premises Rented to You (Fire Legal Liability),NH,INQUIRE,DB2-ACCESS,,GFNHC001,programs/FL/gfnhid01.cbl
GFNHIV01,FL,Damage to Premises Rented to You (Fire Legal Liability),NH,INQUIRE,VSAM-ACCESS,,GFNHC001,programs/FL/gfnhiv01.cbl
GFNHUL01,FL,Damage to Premises Rented to You (Fire Legal Liability),NH,UPDATE,BUSINESS-LOGIC,GFNHUD01,GFNHC001,programs/FL/gfnhul01.cbl
GFNHUD01,FL,Damage to Premises Rented to You (Fire Legal Liability),NH,UPDATE,DB2-ACCESS,GFNHUV01,GFNHC001,programs/FL/gfnhud01.cbl
GFNHUV01,FL,Damage to Premises Rented to You (Fire Legal Liability),NH,UPDATE,VSAM-ACCESS,,GFNHC001,programs/FL/gfnhuv01.cbl
GFNHDL01,FL,Damage to Premises Rented to You (Fire Legal Liability),NH,DELETE,BUSINESS-LOGIC,GFNHDD01,GFNHC001,programs/FL/gfnhdl01.cbl
GFNHDD01,FL,Damage to Premises Rented to You (Fire Legal Liability),NH,DELETE,DB2-ACCESS,GFNHDV01,GFNHC001,programs/FL/gfnhdd01.cbl
GFNHDV01,FL,Damage to Premises Rented to You (Fire Legal Liability),NH,DELETE,VSAM-ACCESS,,GFNHC001,programs/FL/gfnhdv01.cbl
GFNHRL01,FL,Damage to Premises Rented to You (Fire Legal Liability),NH,RATE,BUSINESS-LOGIC,GFNHRD01,GFNHC001,programs/FL/gfnhrl01.cbl
GFNHRD01,FL,Damage to Premises Rented to You (Fire Legal Liability),NH,RATE,DB2-ACCESS,,GFNHC001,programs/FL/gfnhrd01.cbl
GFNHRV01,FL,Damage to Premises Rented to You (Fire Legal Liability),NH,RATE,VSAM-ACCESS,,GFNHC001,programs/FL/gfnhrv01.cbl
GFNJAL01,FL,Damage to Premises Rented to You (Fire Legal Liability),NJ,ADD,BUSINESS-LOGIC,GFNJAD01,GFNJC001,programs/FL/gfnjal01.cbl
GFNJAD01,FL,Damage to Premises Rented to You (Fire Legal Liability),NJ,ADD,DB2-ACCESS,GFNJAV01,GFNJC001,programs/FL/gfnjad01.cbl
GFNJAV01,FL,Damage to Premises Rented to You (Fire Legal Liability),NJ,ADD,VSAM-ACCESS,,GFNJC001,programs/FL/gfnjav01.cbl
GFNJIL01,FL,Damage to Premises Rented to You (Fire Legal Liability),NJ,INQUIRE,BUSINESS-LOGIC,GFNJID01,GFNJC001,programs/FL/gfnjil01.cbl
GFNJID01,FL,Damage to Premises Rented to You (Fire Legal Liability),NJ,INQUIRE,DB2-ACCESS,,GFNJC001,programs/FL/gfnjid01.cbl
GFNJIV01,FL,Damage to Premises Rented to You (Fire Legal Liability),NJ,INQUIRE,VSAM-ACCESS,,GFNJC001,programs/FL/gfnjiv01.cbl
GFNJUL01,FL,Damage to Premises Rented to You (Fire Legal Liability),NJ,UPDATE,BUSINESS-LOGIC,GFNJUD01,GFNJC001,programs/FL/gfnjul01.cbl
GFNJUD01,FL,Damage to Premises Rented to You (Fire Legal Liability),NJ,UPDATE,DB2-ACCESS,GFNJUV01,GFNJC001,programs/FL/gfnjud01.cbl
GFNJUV01,FL,Damage to Premises Rented to You (Fire Legal Liability),NJ,UPDATE,VSAM-ACCESS,,GFNJC001,programs/FL/gfnjuv01.cbl
GFNJDL01,FL,Damage to Premises Rented to You (Fire Legal Liability),NJ,DELETE,BUSINESS-LOGIC,GFNJDD01,GFNJC001,programs/FL/gfnjdl01.cbl
GFNJDD01,FL,Damage to Premises Rented to You (Fire Legal Liability),NJ,DELETE,DB2-ACCESS,GFNJDV01,GFNJC001,programs/FL/gfnjdd01.cbl
GFNJDV01,FL,Damage to Premises Rented to You (Fire Legal Liability),NJ,DELETE,VSAM-ACCESS,,GFNJC001,programs/FL/gfnjdv01.cbl
GFNJRL01,FL,Damage to Premises Rented to You (Fire Legal Liability),NJ,RATE,BUSINESS-LOGIC,GFNJRD01,GFNJC001,programs/FL/gfnjrl01.cbl
GFNJRD01,FL,Damage to Premises Rented to You (Fire Legal Liability),NJ,RATE,DB2-ACCESS,,GFNJC001,programs/FL/gfnjrd01.cbl
GFNJRV01,FL,Damage to Premises Rented to You (Fire Legal Liability),NJ,RATE,VSAM-ACCESS,,GFNJC001,programs/FL/gfnjrv01.cbl
GFNMAL01,FL,Damage to Premises Rented to You (Fire Legal Liability),NM,ADD,BUSINESS-LOGIC,GFNMAD01,GFNMC001,programs/FL/gfnmal01.cbl
GFNMAD01,FL,Damage to Premises Rented to You (Fire Legal Liability),NM,ADD,DB2-ACCESS,GFNMAV01,GFNMC001,programs/FL/gfnmad01.cbl
GFNMAV01,FL,Damage to Premises Rented to You (Fire Legal Liability),NM,ADD,VSAM-ACCESS,,GFNMC001,programs/FL/gfnmav01.cbl
GFNMIL01,FL,Damage to Premises Rented to You (Fire Legal Liability),NM,INQUIRE,BUSINESS-LOGIC,GFNMID01,GFNMC001,programs/FL/gfnmil01.cbl
GFNMID01,FL,Damage to Premises Rented to You (Fire Legal Liability),NM,INQUIRE,DB2-ACCESS,,GFNMC001,programs/FL/gfnmid01.cbl
GFNMIV01,FL,Damage to Premises Rented to You (Fire Legal Liability),NM,INQUIRE,VSAM-ACCESS,,GFNMC001,programs/FL/gfnmiv01.cbl
GFNMUL01,FL,Damage to Premises Rented to You (Fire Legal Liability),NM,UPDATE,BUSINESS-LOGIC,GFNMUD01,GFNMC001,programs/FL/gfnmul01.cbl
GFNMUD01,FL,Damage to Premises Rented to You (Fire Legal Liability),NM,UPDATE,DB2-ACCESS,GFNMUV01,GFNMC001,programs/FL/gfnmud01.cbl
GFNMUV01,FL,Damage to Premises Rented to You (Fire Legal Liability),NM,UPDATE,VSAM-ACCESS,,GFNMC001,programs/FL/gfnmuv01.cbl
GFNMDL01,FL,Damage to Premises Rented to You (Fire Legal Liability),NM,DELETE,BUSINESS-LOGIC,GFNMDD01,GFNMC001,programs/FL/gfnmdl01.cbl
GFNMDD01,FL,Damage to Premises Rented to You (Fire Legal Liability),NM,DELETE,DB2-ACCESS,GFNMDV01,GFNMC001,programs/FL/gfnmdd01.cbl
GFNMDV01,FL,Damage to Premises Rented to You (Fire Legal Liability),NM,DELETE,VSAM-ACCESS,,GFNMC001,programs/FL/gfnmdv01.cbl
GFNMRL01,FL,Damage to Premises Rented to You (Fire Legal Liability),NM,RATE,BUSINESS-LOGIC,GFNMRD01,GFNMC001,programs/FL/gfnmrl01.cbl
GFNMRD01,FL,Damage to Premises Rented to You (Fire Legal Liability),NM,RATE,DB2-ACCESS,,GFNMC001,programs/FL/gfnmrd01.cbl
GFNMRV01,FL,Damage to Premises Rented to You (Fire Legal Liability),NM,RATE,VSAM-ACCESS,,GFNMC001,programs/FL/gfnmrv01.cbl
GFNYAL01,FL,Damage to Premises Rented to You (Fire Legal Liability),NY,ADD,BUSINESS-LOGIC,GFNYAD01,GFNYC001,programs/FL/gfnyal01.cbl
GFNYAD01,FL,Damage to Premises Rented to You (Fire Legal Liability),NY,ADD,DB2-ACCESS,GFNYAV01,GFNYC001,programs/FL/gfnyad01.cbl
GFNYAV01,FL,Damage to Premises Rented to You (Fire Legal Liability),NY,ADD,VSAM-ACCESS,,GFNYC001,programs/FL/gfnyav01.cbl
GFNYIL01,FL,Damage to Premises Rented to You (Fire Legal Liability),NY,INQUIRE,BUSINESS-LOGIC,GFNYID01,GFNYC001,programs/FL/gfnyil01.cbl
GFNYID01,FL,Damage to Premises Rented to You (Fire Legal Liability),NY,INQUIRE,DB2-ACCESS,,GFNYC001,programs/FL/gfnyid01.cbl
GFNYIV01,FL,Damage to Premises Rented to You (Fire Legal Liability),NY,INQUIRE,VSAM-ACCESS,,GFNYC001,programs/FL/gfnyiv01.cbl
GFNYUL01,FL,Damage to Premises Rented to You (Fire Legal Liability),NY,UPDATE,BUSINESS-LOGIC,GFNYUD01,GFNYC001,programs/FL/gfnyul01.cbl
GFNYUD01,FL,Damage to Premises Rented to You (Fire Legal Liability),NY,UPDATE,DB2-ACCESS,GFNYUV01,GFNYC001,programs/FL/gfnyud01.cbl
GFNYUV01,FL,Damage to Premises Rented to You (Fire Legal Liability),NY,UPDATE,VSAM-ACCESS,,GFNYC001,programs/FL/gfnyuv01.cbl
GFNYDL01,FL,Damage to Premises Rented to You (Fire Legal Liability),NY,DELETE,BUSINESS-LOGIC,GFNYDD01,GFNYC001,programs/FL/gfnydl01.cbl
GFNYDD01,FL,Damage to Premises Rented to You (Fire Legal Liability),NY,DELETE,DB2-ACCESS,GFNYDV01,GFNYC001,programs/FL/gfnydd01.cbl
GFNYDV01,FL,Damage to Premises Rented to You (Fire Legal Liability),NY,DELETE,VSAM-ACCESS,,GFNYC001,programs/FL/gfnydv01.cbl
GFNYRL01,FL,Damage to Premises Rented to You (Fire Legal Liability),NY,RATE,BUSINESS-LOGIC,GFNYRD01,GFNYC001,programs/FL/gfnyrl01.cbl
GFNYRD01,FL,Damage to Premises Rented to You (Fire Legal Liability),NY,RATE,DB2-ACCESS,,GFNYC001,programs/FL/gfnyrd01.cbl
GFNYRV01,FL,Damage to Premises Rented to You (Fire Legal Liability),NY,RATE,VSAM-ACCESS,,GFNYC001,programs/FL/gfnyrv01.cbl
GFNCAL01,FL,Damage to Premises Rented to You (Fire Legal Liability),NC,ADD,BUSINESS-LOGIC,GFNCAD01,GFNCC001,programs/FL/gfncal01.cbl
GFNCAD01,FL,Damage to Premises Rented to You (Fire Legal Liability),NC,ADD,DB2-ACCESS,GFNCAV01,GFNCC001,programs/FL/gfncad01.cbl
GFNCAV01,FL,Damage to Premises Rented to You (Fire Legal Liability),NC,ADD,VSAM-ACCESS,,GFNCC001,programs/FL/gfncav01.cbl
GFNCIL01,FL,Damage to Premises Rented to You (Fire Legal Liability),NC,INQUIRE,BUSINESS-LOGIC,GFNCID01,GFNCC001,programs/FL/gfncil01.cbl
GFNCID01,FL,Damage to Premises Rented to You (Fire Legal Liability),NC,INQUIRE,DB2-ACCESS,,GFNCC001,programs/FL/gfncid01.cbl
GFNCIV01,FL,Damage to Premises Rented to You (Fire Legal Liability),NC,INQUIRE,VSAM-ACCESS,,GFNCC001,programs/FL/gfnciv01.cbl
GFNCUL01,FL,Damage to Premises Rented to You (Fire Legal Liability),NC,UPDATE,BUSINESS-LOGIC,GFNCUD01,GFNCC001,programs/FL/gfncul01.cbl
GFNCUD01,FL,Damage to Premises Rented to You (Fire Legal Liability),NC,UPDATE,DB2-ACCESS,GFNCUV01,GFNCC001,programs/FL/gfncud01.cbl
GFNCUV01,FL,Damage to Premises Rented to You (Fire Legal Liability),NC,UPDATE,VSAM-ACCESS,,GFNCC001,programs/FL/gfncuv01.cbl
GFNCDL01,FL,Damage to Premises Rented to You (Fire Legal Liability),NC,DELETE,BUSINESS-LOGIC,GFNCDD01,GFNCC001,programs/FL/gfncdl01.cbl
GFNCDD01,FL,Damage to Premises Rented to You (Fire Legal Liability),NC,DELETE,DB2-ACCESS,GFNCDV01,GFNCC001,programs/FL/gfncdd01.cbl
GFNCDV01,FL,Damage to Premises Rented to You (Fire Legal Liability),NC,DELETE,VSAM-ACCESS,,GFNCC001,programs/FL/gfncdv01.cbl
GFNCRL01,FL,Damage to Premises Rented to You (Fire Legal Liability),NC,RATE,BUSINESS-LOGIC,GFNCRD01,GFNCC001,programs/FL/gfncrl01.cbl
GFNCRD01,FL,Damage to Premises Rented to You (Fire Legal Liability),NC,RATE,DB2-ACCESS,,GFNCC001,programs/FL/gfncrd01.cbl
GFNCRV01,FL,Damage to Premises Rented to You (Fire Legal Liability),NC,RATE,VSAM-ACCESS,,GFNCC001,programs/FL/gfncrv01.cbl
GFNDAL01,FL,Damage to Premises Rented to You (Fire Legal Liability),ND,ADD,BUSINESS-LOGIC,GFNDAD01,GFNDC001,programs/FL/gfndal01.cbl
GFNDAD01,FL,Damage to Premises Rented to You (Fire Legal Liability),ND,ADD,DB2-ACCESS,GFNDAV01,GFNDC001,programs/FL/gfndad01.cbl
GFNDAV01,FL,Damage to Premises Rented to You (Fire Legal Liability),ND,ADD,VSAM-ACCESS,,GFNDC001,programs/FL/gfndav01.cbl
GFNDIL01,FL,Damage to Premises Rented to You (Fire Legal Liability),ND,INQUIRE,BUSINESS-LOGIC,GFNDID01,GFNDC001,programs/FL/gfndil01.cbl
GFNDID01,FL,Damage to Premises Rented to You (Fire Legal Liability),ND,INQUIRE,DB2-ACCESS,,GFNDC001,programs/FL/gfndid01.cbl
GFNDIV01,FL,Damage to Premises Rented to You (Fire Legal Liability),ND,INQUIRE,VSAM-ACCESS,,GFNDC001,programs/FL/gfndiv01.cbl
GFNDUL01,FL,Damage to Premises Rented to You (Fire Legal Liability),ND,UPDATE,BUSINESS-LOGIC,GFNDUD01,GFNDC001,programs/FL/gfndul01.cbl
GFNDUD01,FL,Damage to Premises Rented to You (Fire Legal Liability),ND,UPDATE,DB2-ACCESS,GFNDUV01,GFNDC001,programs/FL/gfndud01.cbl
GFNDUV01,FL,Damage to Premises Rented to You (Fire Legal Liability),ND,UPDATE,VSAM-ACCESS,,GFNDC001,programs/FL/gfnduv01.cbl
GFNDDL01,FL,Damage to Premises Rented to You (Fire Legal Liability),ND,DELETE,BUSINESS-LOGIC,GFNDDD01,GFNDC001,programs/FL/gfnddl01.cbl
GFNDDD01,FL,Damage to Premises Rented to You (Fire Legal Liability),ND,DELETE,DB2-ACCESS,GFNDDV01,GFNDC001,programs/FL/gfnddd01.cbl
GFNDDV01,FL,Damage to Premises Rented to You (Fire Legal Liability),ND,DELETE,VSAM-ACCESS,,GFNDC001,programs/FL/gfnddv01.cbl
GFNDRL01,FL,Damage to Premises Rented to You (Fire Legal Liability),ND,RATE,BUSINESS-LOGIC,GFNDRD01,GFNDC001,programs/FL/gfndrl01.cbl
GFNDRD01,FL,Damage to Premises Rented to You (Fire Legal Liability),ND,RATE,DB2-ACCESS,,GFNDC001,programs/FL/gfndrd01.cbl
GFNDRV01,FL,Damage to Premises Rented to You (Fire Legal Liability),ND,RATE,VSAM-ACCESS,,GFNDC001,programs/FL/gfndrv01.cbl
GFOHAL01,FL,Damage to Premises Rented to You (Fire Legal Liability),OH,ADD,BUSINESS-LOGIC,GFOHAD01,GFOHC001,programs/FL/gfohal01.cbl
GFOHAD01,FL,Damage to Premises Rented to You (Fire Legal Liability),OH,ADD,DB2-ACCESS,GFOHAV01,GFOHC001,programs/FL/gfohad01.cbl
GFOHAV01,FL,Damage to Premises Rented to You (Fire Legal Liability),OH,ADD,VSAM-ACCESS,,GFOHC001,programs/FL/gfohav01.cbl
GFOHIL01,FL,Damage to Premises Rented to You (Fire Legal Liability),OH,INQUIRE,BUSINESS-LOGIC,GFOHID01,GFOHC001,programs/FL/gfohil01.cbl
GFOHID01,FL,Damage to Premises Rented to You (Fire Legal Liability),OH,INQUIRE,DB2-ACCESS,,GFOHC001,programs/FL/gfohid01.cbl
GFOHIV01,FL,Damage to Premises Rented to You (Fire Legal Liability),OH,INQUIRE,VSAM-ACCESS,,GFOHC001,programs/FL/gfohiv01.cbl
GFOHUL01,FL,Damage to Premises Rented to You (Fire Legal Liability),OH,UPDATE,BUSINESS-LOGIC,GFOHUD01,GFOHC001,programs/FL/gfohul01.cbl
GFOHUD01,FL,Damage to Premises Rented to You (Fire Legal Liability),OH,UPDATE,DB2-ACCESS,GFOHUV01,GFOHC001,programs/FL/gfohud01.cbl
GFOHUV01,FL,Damage to Premises Rented to You (Fire Legal Liability),OH,UPDATE,VSAM-ACCESS,,GFOHC001,programs/FL/gfohuv01.cbl
GFOHDL01,FL,Damage to Premises Rented to You (Fire Legal Liability),OH,DELETE,BUSINESS-LOGIC,GFOHDD01,GFOHC001,programs/FL/gfohdl01.cbl
GFOHDD01,FL,Damage to Premises Rented to You (Fire Legal Liability),OH,DELETE,DB2-ACCESS,GFOHDV01,GFOHC001,programs/FL/gfohdd01.cbl
GFOHDV01,FL,Damage to Premises Rented to You (Fire Legal Liability),OH,DELETE,VSAM-ACCESS,,GFOHC001,programs/FL/gfohdv01.cbl
GFOHRL01,FL,Damage to Premises Rented to You (Fire Legal Liability),OH,RATE,BUSINESS-LOGIC,GFOHRD01,GFOHC001,programs/FL/gfohrl01.cbl
GFOHRD01,FL,Damage to Premises Rented to You (Fire Legal Liability),OH,RATE,DB2-ACCESS,,GFOHC001,programs/FL/gfohrd01.cbl
GFOHRV01,FL,Damage to Premises Rented to You (Fire Legal Liability),OH,RATE,VSAM-ACCESS,,GFOHC001,programs/FL/gfohrv01.cbl
GFOKAL01,FL,Damage to Premises Rented to You (Fire Legal Liability),OK,ADD,BUSINESS-LOGIC,GFOKAD01,GFOKC001,programs/FL/gfokal01.cbl
GFOKAD01,FL,Damage to Premises Rented to You (Fire Legal Liability),OK,ADD,DB2-ACCESS,GFOKAV01,GFOKC001,programs/FL/gfokad01.cbl
GFOKAV01,FL,Damage to Premises Rented to You (Fire Legal Liability),OK,ADD,VSAM-ACCESS,,GFOKC001,programs/FL/gfokav01.cbl
GFOKIL01,FL,Damage to Premises Rented to You (Fire Legal Liability),OK,INQUIRE,BUSINESS-LOGIC,GFOKID01,GFOKC001,programs/FL/gfokil01.cbl
GFOKID01,FL,Damage to Premises Rented to You (Fire Legal Liability),OK,INQUIRE,DB2-ACCESS,,GFOKC001,programs/FL/gfokid01.cbl
GFOKIV01,FL,Damage to Premises Rented to You (Fire Legal Liability),OK,INQUIRE,VSAM-ACCESS,,GFOKC001,programs/FL/gfokiv01.cbl
GFOKUL01,FL,Damage to Premises Rented to You (Fire Legal Liability),OK,UPDATE,BUSINESS-LOGIC,GFOKUD01,GFOKC001,programs/FL/gfokul01.cbl
GFOKUD01,FL,Damage to Premises Rented to You (Fire Legal Liability),OK,UPDATE,DB2-ACCESS,GFOKUV01,GFOKC001,programs/FL/gfokud01.cbl
GFOKUV01,FL,Damage to Premises Rented to You (Fire Legal Liability),OK,UPDATE,VSAM-ACCESS,,GFOKC001,programs/FL/gfokuv01.cbl
GFOKDL01,FL,Damage to Premises Rented to You (Fire Legal Liability),OK,DELETE,BUSINESS-LOGIC,GFOKDD01,GFOKC001,programs/FL/gfokdl01.cbl
GFOKDD01,FL,Damage to Premises Rented to You (Fire Legal Liability),OK,DELETE,DB2-ACCESS,GFOKDV01,GFOKC001,programs/FL/gfokdd01.cbl
GFOKDV01,FL,Damage to Premises Rented to You (Fire Legal Liability),OK,DELETE,VSAM-ACCESS,,GFOKC001,programs/FL/gfokdv01.cbl
GFOKRL01,FL,Damage to Premises Rented to You (Fire Legal Liability),OK,RATE,BUSINESS-LOGIC,GFOKRD01,GFOKC001,programs/FL/gfokrl01.cbl
GFOKRD01,FL,Damage to Premises Rented to You (Fire Legal Liability),OK,RATE,DB2-ACCESS,,GFOKC001,programs/FL/gfokrd01.cbl
GFOKRV01,FL,Damage to Premises Rented to You (Fire Legal Liability),OK,RATE,VSAM-ACCESS,,GFOKC001,programs/FL/gfokrv01.cbl
GFORAL01,FL,Damage to Premises Rented to You (Fire Legal Liability),OR,ADD,BUSINESS-LOGIC,GFORAD01,GFORC001,programs/FL/gforal01.cbl
GFORAD01,FL,Damage to Premises Rented to You (Fire Legal Liability),OR,ADD,DB2-ACCESS,GFORAV01,GFORC001,programs/FL/gforad01.cbl
GFORAV01,FL,Damage to Premises Rented to You (Fire Legal Liability),OR,ADD,VSAM-ACCESS,,GFORC001,programs/FL/gforav01.cbl
GFORIL01,FL,Damage to Premises Rented to You (Fire Legal Liability),OR,INQUIRE,BUSINESS-LOGIC,GFORID01,GFORC001,programs/FL/gforil01.cbl
GFORID01,FL,Damage to Premises Rented to You (Fire Legal Liability),OR,INQUIRE,DB2-ACCESS,,GFORC001,programs/FL/gforid01.cbl
GFORIV01,FL,Damage to Premises Rented to You (Fire Legal Liability),OR,INQUIRE,VSAM-ACCESS,,GFORC001,programs/FL/gforiv01.cbl
GFORUL01,FL,Damage to Premises Rented to You (Fire Legal Liability),OR,UPDATE,BUSINESS-LOGIC,GFORUD01,GFORC001,programs/FL/gforul01.cbl
GFORUD01,FL,Damage to Premises Rented to You (Fire Legal Liability),OR,UPDATE,DB2-ACCESS,GFORUV01,GFORC001,programs/FL/gforud01.cbl
GFORUV01,FL,Damage to Premises Rented to You (Fire Legal Liability),OR,UPDATE,VSAM-ACCESS,,GFORC001,programs/FL/gforuv01.cbl
GFORDL01,FL,Damage to Premises Rented to You (Fire Legal Liability),OR,DELETE,BUSINESS-LOGIC,GFORDD01,GFORC001,programs/FL/gfordl01.cbl
GFORDD01,FL,Damage to Premises Rented to You (Fire Legal Liability),OR,DELETE,DB2-ACCESS,GFORDV01,GFORC001,programs/FL/gfordd01.cbl
GFORDV01,FL,Damage to Premises Rented to You (Fire Legal Liability),OR,DELETE,VSAM-ACCESS,,GFORC001,programs/FL/gfordv01.cbl
GFORRL01,FL,Damage to Premises Rented to You (Fire Legal Liability),OR,RATE,BUSINESS-LOGIC,GFORRD01,GFORC001,programs/FL/gforrl01.cbl
GFORRD01,FL,Damage to Premises Rented to You (Fire Legal Liability),OR,RATE,DB2-ACCESS,,GFORC001,programs/FL/gforrd01.cbl
GFORRV01,FL,Damage to Premises Rented to You (Fire Legal Liability),OR,RATE,VSAM-ACCESS,,GFORC001,programs/FL/gforrv01.cbl
GFPAAL01,FL,Damage to Premises Rented to You (Fire Legal Liability),PA,ADD,BUSINESS-LOGIC,GFPAAD01,GFPAC001,programs/FL/gfpaal01.cbl
GFPAAD01,FL,Damage to Premises Rented to You (Fire Legal Liability),PA,ADD,DB2-ACCESS,GFPAAV01,GFPAC001,programs/FL/gfpaad01.cbl
GFPAAV01,FL,Damage to Premises Rented to You (Fire Legal Liability),PA,ADD,VSAM-ACCESS,,GFPAC001,programs/FL/gfpaav01.cbl
GFPAIL01,FL,Damage to Premises Rented to You (Fire Legal Liability),PA,INQUIRE,BUSINESS-LOGIC,GFPAID01,GFPAC001,programs/FL/gfpail01.cbl
GFPAID01,FL,Damage to Premises Rented to You (Fire Legal Liability),PA,INQUIRE,DB2-ACCESS,,GFPAC001,programs/FL/gfpaid01.cbl
GFPAIV01,FL,Damage to Premises Rented to You (Fire Legal Liability),PA,INQUIRE,VSAM-ACCESS,,GFPAC001,programs/FL/gfpaiv01.cbl
GFPAUL01,FL,Damage to Premises Rented to You (Fire Legal Liability),PA,UPDATE,BUSINESS-LOGIC,GFPAUD01,GFPAC001,programs/FL/gfpaul01.cbl
GFPAUD01,FL,Damage to Premises Rented to You (Fire Legal Liability),PA,UPDATE,DB2-ACCESS,GFPAUV01,GFPAC001,programs/FL/gfpaud01.cbl
GFPAUV01,FL,Damage to Premises Rented to You (Fire Legal Liability),PA,UPDATE,VSAM-ACCESS,,GFPAC001,programs/FL/gfpauv01.cbl
GFPADL01,FL,Damage to Premises Rented to You (Fire Legal Liability),PA,DELETE,BUSINESS-LOGIC,GFPADD01,GFPAC001,programs/FL/gfpadl01.cbl
GFPADD01,FL,Damage to Premises Rented to You (Fire Legal Liability),PA,DELETE,DB2-ACCESS,GFPADV01,GFPAC001,programs/FL/gfpadd01.cbl
GFPADV01,FL,Damage to Premises Rented to You (Fire Legal Liability),PA,DELETE,VSAM-ACCESS,,GFPAC001,programs/FL/gfpadv01.cbl
GFPARL01,FL,Damage to Premises Rented to You (Fire Legal Liability),PA,RATE,BUSINESS-LOGIC,GFPARD01,GFPAC001,programs/FL/gfparl01.cbl
GFPARD01,FL,Damage to Premises Rented to You (Fire Legal Liability),PA,RATE,DB2-ACCESS,,GFPAC001,programs/FL/gfpard01.cbl
GFPARV01,FL,Damage to Premises Rented to You (Fire Legal Liability),PA,RATE,VSAM-ACCESS,,GFPAC001,programs/FL/gfparv01.cbl
GFRIAL01,FL,Damage to Premises Rented to You (Fire Legal Liability),RI,ADD,BUSINESS-LOGIC,GFRIAD01,GFRIC001,programs/FL/gfrial01.cbl
GFRIAD01,FL,Damage to Premises Rented to You (Fire Legal Liability),RI,ADD,DB2-ACCESS,GFRIAV01,GFRIC001,programs/FL/gfriad01.cbl
GFRIAV01,FL,Damage to Premises Rented to You (Fire Legal Liability),RI,ADD,VSAM-ACCESS,,GFRIC001,programs/FL/gfriav01.cbl
GFRIIL01,FL,Damage to Premises Rented to You (Fire Legal Liability),RI,INQUIRE,BUSINESS-LOGIC,GFRIID01,GFRIC001,programs/FL/gfriil01.cbl
GFRIID01,FL,Damage to Premises Rented to You (Fire Legal Liability),RI,INQUIRE,DB2-ACCESS,,GFRIC001,programs/FL/gfriid01.cbl
GFRIIV01,FL,Damage to Premises Rented to You (Fire Legal Liability),RI,INQUIRE,VSAM-ACCESS,,GFRIC001,programs/FL/gfriiv01.cbl
GFRIUL01,FL,Damage to Premises Rented to You (Fire Legal Liability),RI,UPDATE,BUSINESS-LOGIC,GFRIUD01,GFRIC001,programs/FL/gfriul01.cbl
GFRIUD01,FL,Damage to Premises Rented to You (Fire Legal Liability),RI,UPDATE,DB2-ACCESS,GFRIUV01,GFRIC001,programs/FL/gfriud01.cbl
GFRIUV01,FL,Damage to Premises Rented to You (Fire Legal Liability),RI,UPDATE,VSAM-ACCESS,,GFRIC001,programs/FL/gfriuv01.cbl
GFRIDL01,FL,Damage to Premises Rented to You (Fire Legal Liability),RI,DELETE,BUSINESS-LOGIC,GFRIDD01,GFRIC001,programs/FL/gfridl01.cbl
GFRIDD01,FL,Damage to Premises Rented to You (Fire Legal Liability),RI,DELETE,DB2-ACCESS,GFRIDV01,GFRIC001,programs/FL/gfridd01.cbl
GFRIDV01,FL,Damage to Premises Rented to You (Fire Legal Liability),RI,DELETE,VSAM-ACCESS,,GFRIC001,programs/FL/gfridv01.cbl
GFRIRL01,FL,Damage to Premises Rented to You (Fire Legal Liability),RI,RATE,BUSINESS-LOGIC,GFRIRD01,GFRIC001,programs/FL/gfrirl01.cbl
GFRIRD01,FL,Damage to Premises Rented to You (Fire Legal Liability),RI,RATE,DB2-ACCESS,,GFRIC001,programs/FL/gfrird01.cbl
GFRIRV01,FL,Damage to Premises Rented to You (Fire Legal Liability),RI,RATE,VSAM-ACCESS,,GFRIC001,programs/FL/gfrirv01.cbl
GFSCAL01,FL,Damage to Premises Rented to You (Fire Legal Liability),SC,ADD,BUSINESS-LOGIC,GFSCAD01,GFSCC001,programs/FL/gfscal01.cbl
GFSCAD01,FL,Damage to Premises Rented to You (Fire Legal Liability),SC,ADD,DB2-ACCESS,GFSCAV01,GFSCC001,programs/FL/gfscad01.cbl
GFSCAV01,FL,Damage to Premises Rented to You (Fire Legal Liability),SC,ADD,VSAM-ACCESS,,GFSCC001,programs/FL/gfscav01.cbl
GFSCIL01,FL,Damage to Premises Rented to You (Fire Legal Liability),SC,INQUIRE,BUSINESS-LOGIC,GFSCID01,GFSCC001,programs/FL/gfscil01.cbl
GFSCID01,FL,Damage to Premises Rented to You (Fire Legal Liability),SC,INQUIRE,DB2-ACCESS,,GFSCC001,programs/FL/gfscid01.cbl
GFSCIV01,FL,Damage to Premises Rented to You (Fire Legal Liability),SC,INQUIRE,VSAM-ACCESS,,GFSCC001,programs/FL/gfsciv01.cbl
GFSCUL01,FL,Damage to Premises Rented to You (Fire Legal Liability),SC,UPDATE,BUSINESS-LOGIC,GFSCUD01,GFSCC001,programs/FL/gfscul01.cbl
GFSCUD01,FL,Damage to Premises Rented to You (Fire Legal Liability),SC,UPDATE,DB2-ACCESS,GFSCUV01,GFSCC001,programs/FL/gfscud01.cbl
GFSCUV01,FL,Damage to Premises Rented to You (Fire Legal Liability),SC,UPDATE,VSAM-ACCESS,,GFSCC001,programs/FL/gfscuv01.cbl
GFSCDL01,FL,Damage to Premises Rented to You (Fire Legal Liability),SC,DELETE,BUSINESS-LOGIC,GFSCDD01,GFSCC001,programs/FL/gfscdl01.cbl
GFSCDD01,FL,Damage to Premises Rented to You (Fire Legal Liability),SC,DELETE,DB2-ACCESS,GFSCDV01,GFSCC001,programs/FL/gfscdd01.cbl
GFSCDV01,FL,Damage to Premises Rented to You (Fire Legal Liability),SC,DELETE,VSAM-ACCESS,,GFSCC001,programs/FL/gfscdv01.cbl
GFSCRL01,FL,Damage to Premises Rented to You (Fire Legal Liability),SC,RATE,BUSINESS-LOGIC,GFSCRD01,GFSCC001,programs/FL/gfscrl01.cbl
GFSCRD01,FL,Damage to Premises Rented to You (Fire Legal Liability),SC,RATE,DB2-ACCESS,,GFSCC001,programs/FL/gfscrd01.cbl
GFSCRV01,FL,Damage to Premises Rented to You (Fire Legal Liability),SC,RATE,VSAM-ACCESS,,GFSCC001,programs/FL/gfscrv01.cbl
GFSDAL01,FL,Damage to Premises Rented to You (Fire Legal Liability),SD,ADD,BUSINESS-LOGIC,GFSDAD01,GFSDC001,programs/FL/gfsdal01.cbl
GFSDAD01,FL,Damage to Premises Rented to You (Fire Legal Liability),SD,ADD,DB2-ACCESS,GFSDAV01,GFSDC001,programs/FL/gfsdad01.cbl
GFSDAV01,FL,Damage to Premises Rented to You (Fire Legal Liability),SD,ADD,VSAM-ACCESS,,GFSDC001,programs/FL/gfsdav01.cbl
GFSDIL01,FL,Damage to Premises Rented to You (Fire Legal Liability),SD,INQUIRE,BUSINESS-LOGIC,GFSDID01,GFSDC001,programs/FL/gfsdil01.cbl
GFSDID01,FL,Damage to Premises Rented to You (Fire Legal Liability),SD,INQUIRE,DB2-ACCESS,,GFSDC001,programs/FL/gfsdid01.cbl
GFSDIV01,FL,Damage to Premises Rented to You (Fire Legal Liability),SD,INQUIRE,VSAM-ACCESS,,GFSDC001,programs/FL/gfsdiv01.cbl
GFSDUL01,FL,Damage to Premises Rented to You (Fire Legal Liability),SD,UPDATE,BUSINESS-LOGIC,GFSDUD01,GFSDC001,programs/FL/gfsdul01.cbl
GFSDUD01,FL,Damage to Premises Rented to You (Fire Legal Liability),SD,UPDATE,DB2-ACCESS,GFSDUV01,GFSDC001,programs/FL/gfsdud01.cbl
GFSDUV01,FL,Damage to Premises Rented to You (Fire Legal Liability),SD,UPDATE,VSAM-ACCESS,,GFSDC001,programs/FL/gfsduv01.cbl
GFSDDL01,FL,Damage to Premises Rented to You (Fire Legal Liability),SD,DELETE,BUSINESS-LOGIC,GFSDDD01,GFSDC001,programs/FL/gfsddl01.cbl
GFSDDD01,FL,Damage to Premises Rented to You (Fire Legal Liability),SD,DELETE,DB2-ACCESS,GFSDDV01,GFSDC001,programs/FL/gfsddd01.cbl
GFSDDV01,FL,Damage to Premises Rented to You (Fire Legal Liability),SD,DELETE,VSAM-ACCESS,,GFSDC001,programs/FL/gfsddv01.cbl
GFSDRL01,FL,Damage to Premises Rented to You (Fire Legal Liability),SD,RATE,BUSINESS-LOGIC,GFSDRD01,GFSDC001,programs/FL/gfsdrl01.cbl
GFSDRD01,FL,Damage to Premises Rented to You (Fire Legal Liability),SD,RATE,DB2-ACCESS,,GFSDC001,programs/FL/gfsdrd01.cbl
GFSDRV01,FL,Damage to Premises Rented to You (Fire Legal Liability),SD,RATE,VSAM-ACCESS,,GFSDC001,programs/FL/gfsdrv01.cbl
GFTNAL01,FL,Damage to Premises Rented to You (Fire Legal Liability),TN,ADD,BUSINESS-LOGIC,GFTNAD01,GFTNC001,programs/FL/gftnal01.cbl
GFTNAD01,FL,Damage to Premises Rented to You (Fire Legal Liability),TN,ADD,DB2-ACCESS,GFTNAV01,GFTNC001,programs/FL/gftnad01.cbl
GFTNAV01,FL,Damage to Premises Rented to You (Fire Legal Liability),TN,ADD,VSAM-ACCESS,,GFTNC001,programs/FL/gftnav01.cbl
GFTNIL01,FL,Damage to Premises Rented to You (Fire Legal Liability),TN,INQUIRE,BUSINESS-LOGIC,GFTNID01,GFTNC001,programs/FL/gftnil01.cbl
GFTNID01,FL,Damage to Premises Rented to You (Fire Legal Liability),TN,INQUIRE,DB2-ACCESS,,GFTNC001,programs/FL/gftnid01.cbl
GFTNIV01,FL,Damage to Premises Rented to You (Fire Legal Liability),TN,INQUIRE,VSAM-ACCESS,,GFTNC001,programs/FL/gftniv01.cbl
GFTNUL01,FL,Damage to Premises Rented to You (Fire Legal Liability),TN,UPDATE,BUSINESS-LOGIC,GFTNUD01,GFTNC001,programs/FL/gftnul01.cbl
GFTNUD01,FL,Damage to Premises Rented to You (Fire Legal Liability),TN,UPDATE,DB2-ACCESS,GFTNUV01,GFTNC001,programs/FL/gftnud01.cbl
GFTNUV01,FL,Damage to Premises Rented to You (Fire Legal Liability),TN,UPDATE,VSAM-ACCESS,,GFTNC001,programs/FL/gftnuv01.cbl
GFTNDL01,FL,Damage to Premises Rented to You (Fire Legal Liability),TN,DELETE,BUSINESS-LOGIC,GFTNDD01,GFTNC001,programs/FL/gftndl01.cbl
GFTNDD01,FL,Damage to Premises Rented to You (Fire Legal Liability),TN,DELETE,DB2-ACCESS,GFTNDV01,GFTNC001,programs/FL/gftndd01.cbl
GFTNDV01,FL,Damage to Premises Rented to You (Fire Legal Liability),TN,DELETE,VSAM-ACCESS,,GFTNC001,programs/FL/gftndv01.cbl
GFTNRL01,FL,Damage to Premises Rented to You (Fire Legal Liability),TN,RATE,BUSINESS-LOGIC,GFTNRD01,GFTNC001,programs/FL/gftnrl01.cbl
GFTNRD01,FL,Damage to Premises Rented to You (Fire Legal Liability),TN,RATE,DB2-ACCESS,,GFTNC001,programs/FL/gftnrd01.cbl
GFTNRV01,FL,Damage to Premises Rented to You (Fire Legal Liability),TN,RATE,VSAM-ACCESS,,GFTNC001,programs/FL/gftnrv01.cbl
GFTXAL01,FL,Damage to Premises Rented to You (Fire Legal Liability),TX,ADD,BUSINESS-LOGIC,GFTXAD01,GFTXC001,programs/FL/gftxal01.cbl
GFTXAD01,FL,Damage to Premises Rented to You (Fire Legal Liability),TX,ADD,DB2-ACCESS,GFTXAV01,GFTXC001,programs/FL/gftxad01.cbl
GFTXAV01,FL,Damage to Premises Rented to You (Fire Legal Liability),TX,ADD,VSAM-ACCESS,,GFTXC001,programs/FL/gftxav01.cbl
GFTXIL01,FL,Damage to Premises Rented to You (Fire Legal Liability),TX,INQUIRE,BUSINESS-LOGIC,GFTXID01,GFTXC001,programs/FL/gftxil01.cbl
GFTXID01,FL,Damage to Premises Rented to You (Fire Legal Liability),TX,INQUIRE,DB2-ACCESS,,GFTXC001,programs/FL/gftxid01.cbl
GFTXIV01,FL,Damage to Premises Rented to You (Fire Legal Liability),TX,INQUIRE,VSAM-ACCESS,,GFTXC001,programs/FL/gftxiv01.cbl
GFTXUL01,FL,Damage to Premises Rented to You (Fire Legal Liability),TX,UPDATE,BUSINESS-LOGIC,GFTXUD01,GFTXC001,programs/FL/gftxul01.cbl
GFTXUD01,FL,Damage to Premises Rented to You (Fire Legal Liability),TX,UPDATE,DB2-ACCESS,GFTXUV01,GFTXC001,programs/FL/gftxud01.cbl
GFTXUV01,FL,Damage to Premises Rented to You (Fire Legal Liability),TX,UPDATE,VSAM-ACCESS,,GFTXC001,programs/FL/gftxuv01.cbl
GFTXDL01,FL,Damage to Premises Rented to You (Fire Legal Liability),TX,DELETE,BUSINESS-LOGIC,GFTXDD01,GFTXC001,programs/FL/gftxdl01.cbl
GFTXDD01,FL,Damage to Premises Rented to You (Fire Legal Liability),TX,DELETE,DB2-ACCESS,GFTXDV01,GFTXC001,programs/FL/gftxdd01.cbl
GFTXDV01,FL,Damage to Premises Rented to You (Fire Legal Liability),TX,DELETE,VSAM-ACCESS,,GFTXC001,programs/FL/gftxdv01.cbl
GFTXRL01,FL,Damage to Premises Rented to You (Fire Legal Liability),TX,RATE,BUSINESS-LOGIC,GFTXRD01,GFTXC001,programs/FL/gftxrl01.cbl
GFTXRD01,FL,Damage to Premises Rented to You (Fire Legal Liability),TX,RATE,DB2-ACCESS,,GFTXC001,programs/FL/gftxrd01.cbl
GFTXRV01,FL,Damage to Premises Rented to You (Fire Legal Liability),TX,RATE,VSAM-ACCESS,,GFTXC001,programs/FL/gftxrv01.cbl
GFUTAL01,FL,Damage to Premises Rented to You (Fire Legal Liability),UT,ADD,BUSINESS-LOGIC,GFUTAD01,GFUTC001,programs/FL/gfutal01.cbl
GFUTAD01,FL,Damage to Premises Rented to You (Fire Legal Liability),UT,ADD,DB2-ACCESS,GFUTAV01,GFUTC001,programs/FL/gfutad01.cbl
GFUTAV01,FL,Damage to Premises Rented to You (Fire Legal Liability),UT,ADD,VSAM-ACCESS,,GFUTC001,programs/FL/gfutav01.cbl
GFUTIL01,FL,Damage to Premises Rented to You (Fire Legal Liability),UT,INQUIRE,BUSINESS-LOGIC,GFUTID01,GFUTC001,programs/FL/gfutil01.cbl
GFUTID01,FL,Damage to Premises Rented to You (Fire Legal Liability),UT,INQUIRE,DB2-ACCESS,,GFUTC001,programs/FL/gfutid01.cbl
GFUTIV01,FL,Damage to Premises Rented to You (Fire Legal Liability),UT,INQUIRE,VSAM-ACCESS,,GFUTC001,programs/FL/gfutiv01.cbl
GFUTUL01,FL,Damage to Premises Rented to You (Fire Legal Liability),UT,UPDATE,BUSINESS-LOGIC,GFUTUD01,GFUTC001,programs/FL/gfutul01.cbl
GFUTUD01,FL,Damage to Premises Rented to You (Fire Legal Liability),UT,UPDATE,DB2-ACCESS,GFUTUV01,GFUTC001,programs/FL/gfutud01.cbl
GFUTUV01,FL,Damage to Premises Rented to You (Fire Legal Liability),UT,UPDATE,VSAM-ACCESS,,GFUTC001,programs/FL/gfutuv01.cbl
GFUTDL01,FL,Damage to Premises Rented to You (Fire Legal Liability),UT,DELETE,BUSINESS-LOGIC,GFUTDD01,GFUTC001,programs/FL/gfutdl01.cbl
GFUTDD01,FL,Damage to Premises Rented to You (Fire Legal Liability),UT,DELETE,DB2-ACCESS,GFUTDV01,GFUTC001,programs/FL/gfutdd01.cbl
GFUTDV01,FL,Damage to Premises Rented to You (Fire Legal Liability),UT,DELETE,VSAM-ACCESS,,GFUTC001,programs/FL/gfutdv01.cbl
GFUTRL01,FL,Damage to Premises Rented to You (Fire Legal Liability),UT,RATE,BUSINESS-LOGIC,GFUTRD01,GFUTC001,programs/FL/gfutrl01.cbl
GFUTRD01,FL,Damage to Premises Rented to You (Fire Legal Liability),UT,RATE,DB2-ACCESS,,GFUTC001,programs/FL/gfutrd01.cbl
GFUTRV01,FL,Damage to Premises Rented to You (Fire Legal Liability),UT,RATE,VSAM-ACCESS,,GFUTC001,programs/FL/gfutrv01.cbl
GFVTAL01,FL,Damage to Premises Rented to You (Fire Legal Liability),VT,ADD,BUSINESS-LOGIC,GFVTAD01,GFVTC001,programs/FL/gfvtal01.cbl
GFVTAD01,FL,Damage to Premises Rented to You (Fire Legal Liability),VT,ADD,DB2-ACCESS,GFVTAV01,GFVTC001,programs/FL/gfvtad01.cbl
GFVTAV01,FL,Damage to Premises Rented to You (Fire Legal Liability),VT,ADD,VSAM-ACCESS,,GFVTC001,programs/FL/gfvtav01.cbl
GFVTIL01,FL,Damage to Premises Rented to You (Fire Legal Liability),VT,INQUIRE,BUSINESS-LOGIC,GFVTID01,GFVTC001,programs/FL/gfvtil01.cbl
GFVTID01,FL,Damage to Premises Rented to You (Fire Legal Liability),VT,INQUIRE,DB2-ACCESS,,GFVTC001,programs/FL/gfvtid01.cbl
GFVTIV01,FL,Damage to Premises Rented to You (Fire Legal Liability),VT,INQUIRE,VSAM-ACCESS,,GFVTC001,programs/FL/gfvtiv01.cbl
GFVTUL01,FL,Damage to Premises Rented to You (Fire Legal Liability),VT,UPDATE,BUSINESS-LOGIC,GFVTUD01,GFVTC001,programs/FL/gfvtul01.cbl
GFVTUD01,FL,Damage to Premises Rented to You (Fire Legal Liability),VT,UPDATE,DB2-ACCESS,GFVTUV01,GFVTC001,programs/FL/gfvtud01.cbl
GFVTUV01,FL,Damage to Premises Rented to You (Fire Legal Liability),VT,UPDATE,VSAM-ACCESS,,GFVTC001,programs/FL/gfvtuv01.cbl
GFVTDL01,FL,Damage to Premises Rented to You (Fire Legal Liability),VT,DELETE,BUSINESS-LOGIC,GFVTDD01,GFVTC001,programs/FL/gfvtdl01.cbl
GFVTDD01,FL,Damage to Premises Rented to You (Fire Legal Liability),VT,DELETE,DB2-ACCESS,GFVTDV01,GFVTC001,programs/FL/gfvtdd01.cbl
GFVTDV01,FL,Damage to Premises Rented to You (Fire Legal Liability),VT,DELETE,VSAM-ACCESS,,GFVTC001,programs/FL/gfvtdv01.cbl
GFVTRL01,FL,Damage to Premises Rented to You (Fire Legal Liability),VT,RATE,BUSINESS-LOGIC,GFVTRD01,GFVTC001,programs/FL/gfvtrl01.cbl
GFVTRD01,FL,Damage to Premises Rented to You (Fire Legal Liability),VT,RATE,DB2-ACCESS,,GFVTC001,programs/FL/gfvtrd01.cbl
GFVTRV01,FL,Damage to Premises Rented to You (Fire Legal Liability),VT,RATE,VSAM-ACCESS,,GFVTC001,programs/FL/gfvtrv01.cbl
GFVAAL01,FL,Damage to Premises Rented to You (Fire Legal Liability),VA,ADD,BUSINESS-LOGIC,GFVAAD01,GFVAC001,programs/FL/gfvaal01.cbl
GFVAAD01,FL,Damage to Premises Rented to You (Fire Legal Liability),VA,ADD,DB2-ACCESS,GFVAAV01,GFVAC001,programs/FL/gfvaad01.cbl
GFVAAV01,FL,Damage to Premises Rented to You (Fire Legal Liability),VA,ADD,VSAM-ACCESS,,GFVAC001,programs/FL/gfvaav01.cbl
GFVAIL01,FL,Damage to Premises Rented to You (Fire Legal Liability),VA,INQUIRE,BUSINESS-LOGIC,GFVAID01,GFVAC001,programs/FL/gfvail01.cbl
GFVAID01,FL,Damage to Premises Rented to You (Fire Legal Liability),VA,INQUIRE,DB2-ACCESS,,GFVAC001,programs/FL/gfvaid01.cbl
GFVAIV01,FL,Damage to Premises Rented to You (Fire Legal Liability),VA,INQUIRE,VSAM-ACCESS,,GFVAC001,programs/FL/gfvaiv01.cbl
GFVAUL01,FL,Damage to Premises Rented to You (Fire Legal Liability),VA,UPDATE,BUSINESS-LOGIC,GFVAUD01,GFVAC001,programs/FL/gfvaul01.cbl
GFVAUD01,FL,Damage to Premises Rented to You (Fire Legal Liability),VA,UPDATE,DB2-ACCESS,GFVAUV01,GFVAC001,programs/FL/gfvaud01.cbl
GFVAUV01,FL,Damage to Premises Rented to You (Fire Legal Liability),VA,UPDATE,VSAM-ACCESS,,GFVAC001,programs/FL/gfvauv01.cbl
GFVADL01,FL,Damage to Premises Rented to You (Fire Legal Liability),VA,DELETE,BUSINESS-LOGIC,GFVADD01,GFVAC001,programs/FL/gfvadl01.cbl
GFVADD01,FL,Damage to Premises Rented to You (Fire Legal Liability),VA,DELETE,DB2-ACCESS,GFVADV01,GFVAC001,programs/FL/gfvadd01.cbl
GFVADV01,FL,Damage to Premises Rented to You (Fire Legal Liability),VA,DELETE,VSAM-ACCESS,,GFVAC001,programs/FL/gfvadv01.cbl
GFVARL01,FL,Damage to Premises Rented to You (Fire Legal Liability),VA,RATE,BUSINESS-LOGIC,GFVARD01,GFVAC001,programs/FL/gfvarl01.cbl
GFVARD01,FL,Damage to Premises Rented to You (Fire Legal Liability),VA,RATE,DB2-ACCESS,,GFVAC001,programs/FL/gfvard01.cbl
GFVARV01,FL,Damage to Premises Rented to You (Fire Legal Liability),VA,RATE,VSAM-ACCESS,,GFVAC001,programs/FL/gfvarv01.cbl
GFWAAL01,FL,Damage to Premises Rented to You (Fire Legal Liability),WA,ADD,BUSINESS-LOGIC,GFWAAD01,GFWAC001,programs/FL/gfwaal01.cbl
GFWAAD01,FL,Damage to Premises Rented to You (Fire Legal Liability),WA,ADD,DB2-ACCESS,GFWAAV01,GFWAC001,programs/FL/gfwaad01.cbl
GFWAAV01,FL,Damage to Premises Rented to You (Fire Legal Liability),WA,ADD,VSAM-ACCESS,,GFWAC001,programs/FL/gfwaav01.cbl
GFWAIL01,FL,Damage to Premises Rented to You (Fire Legal Liability),WA,INQUIRE,BUSINESS-LOGIC,GFWAID01,GFWAC001,programs/FL/gfwail01.cbl
GFWAID01,FL,Damage to Premises Rented to You (Fire Legal Liability),WA,INQUIRE,DB2-ACCESS,,GFWAC001,programs/FL/gfwaid01.cbl
GFWAIV01,FL,Damage to Premises Rented to You (Fire Legal Liability),WA,INQUIRE,VSAM-ACCESS,,GFWAC001,programs/FL/gfwaiv01.cbl
GFWAUL01,FL,Damage to Premises Rented to You (Fire Legal Liability),WA,UPDATE,BUSINESS-LOGIC,GFWAUD01,GFWAC001,programs/FL/gfwaul01.cbl
GFWAUD01,FL,Damage to Premises Rented to You (Fire Legal Liability),WA,UPDATE,DB2-ACCESS,GFWAUV01,GFWAC001,programs/FL/gfwaud01.cbl
GFWAUV01,FL,Damage to Premises Rented to You (Fire Legal Liability),WA,UPDATE,VSAM-ACCESS,,GFWAC001,programs/FL/gfwauv01.cbl
GFWADL01,FL,Damage to Premises Rented to You (Fire Legal Liability),WA,DELETE,BUSINESS-LOGIC,GFWADD01,GFWAC001,programs/FL/gfwadl01.cbl
GFWADD01,FL,Damage to Premises Rented to You (Fire Legal Liability),WA,DELETE,DB2-ACCESS,GFWADV01,GFWAC001,programs/FL/gfwadd01.cbl
GFWADV01,FL,Damage to Premises Rented to You (Fire Legal Liability),WA,DELETE,VSAM-ACCESS,,GFWAC001,programs/FL/gfwadv01.cbl
GFWARL01,FL,Damage to Premises Rented to You (Fire Legal Liability),WA,RATE,BUSINESS-LOGIC,GFWARD01,GFWAC001,programs/FL/gfwarl01.cbl
GFWARD01,FL,Damage to Premises Rented to You (Fire Legal Liability),WA,RATE,DB2-ACCESS,,GFWAC001,programs/FL/gfward01.cbl
GFWARV01,FL,Damage to Premises Rented to You (Fire Legal Liability),WA,RATE,VSAM-ACCESS,,GFWAC001,programs/FL/gfwarv01.cbl
GFWVAL01,FL,Damage to Premises Rented to You (Fire Legal Liability),WV,ADD,BUSINESS-LOGIC,GFWVAD01,GFWVC001,programs/FL/gfwval01.cbl
GFWVAD01,FL,Damage to Premises Rented to You (Fire Legal Liability),WV,ADD,DB2-ACCESS,GFWVAV01,GFWVC001,programs/FL/gfwvad01.cbl
GFWVAV01,FL,Damage to Premises Rented to You (Fire Legal Liability),WV,ADD,VSAM-ACCESS,,GFWVC001,programs/FL/gfwvav01.cbl
GFWVIL01,FL,Damage to Premises Rented to You (Fire Legal Liability),WV,INQUIRE,BUSINESS-LOGIC,GFWVID01,GFWVC001,programs/FL/gfwvil01.cbl
GFWVID01,FL,Damage to Premises Rented to You (Fire Legal Liability),WV,INQUIRE,DB2-ACCESS,,GFWVC001,programs/FL/gfwvid01.cbl
GFWVIV01,FL,Damage to Premises Rented to You (Fire Legal Liability),WV,INQUIRE,VSAM-ACCESS,,GFWVC001,programs/FL/gfwviv01.cbl
GFWVUL01,FL,Damage to Premises Rented to You (Fire Legal Liability),WV,UPDATE,BUSINESS-LOGIC,GFWVUD01,GFWVC001,programs/FL/gfwvul01.cbl
GFWVUD01,FL,Damage to Premises Rented to You (Fire Legal Liability),WV,UPDATE,DB2-ACCESS,GFWVUV01,GFWVC001,programs/FL/gfwvud01.cbl
GFWVUV01,FL,Damage to Premises Rented to You (Fire Legal Liability),WV,UPDATE,VSAM-ACCESS,,GFWVC001,programs/FL/gfwvuv01.cbl
GFWVDL01,FL,Damage to Premises Rented to You (Fire Legal Liability),WV,DELETE,BUSINESS-LOGIC,GFWVDD01,GFWVC001,programs/FL/gfwvdl01.cbl
GFWVDD01,FL,Damage to Premises Rented to You (Fire Legal Liability),WV,DELETE,DB2-ACCESS,GFWVDV01,GFWVC001,programs/FL/gfwvdd01.cbl
GFWVDV01,FL,Damage to Premises Rented to You (Fire Legal Liability),WV,DELETE,VSAM-ACCESS,,GFWVC001,programs/FL/gfwvdv01.cbl
GFWVRL01,FL,Damage to Premises Rented to You (Fire Legal Liability),WV,RATE,BUSINESS-LOGIC,GFWVRD01,GFWVC001,programs/FL/gfwvrl01.cbl
GFWVRD01,FL,Damage to Premises Rented to You (Fire Legal Liability),WV,RATE,DB2-ACCESS,,GFWVC001,programs/FL/gfwvrd01.cbl
GFWVRV01,FL,Damage to Premises Rented to You (Fire Legal Liability),WV,RATE,VSAM-ACCESS,,GFWVC001,programs/FL/gfwvrv01.cbl
GFWIAL01,FL,Damage to Premises Rented to You (Fire Legal Liability),WI,ADD,BUSINESS-LOGIC,GFWIAD01,GFWIC001,programs/FL/gfwial01.cbl
GFWIAD01,FL,Damage to Premises Rented to You (Fire Legal Liability),WI,ADD,DB2-ACCESS,GFWIAV01,GFWIC001,programs/FL/gfwiad01.cbl
GFWIAV01,FL,Damage to Premises Rented to You (Fire Legal Liability),WI,ADD,VSAM-ACCESS,,GFWIC001,programs/FL/gfwiav01.cbl
GFWIIL01,FL,Damage to Premises Rented to You (Fire Legal Liability),WI,INQUIRE,BUSINESS-LOGIC,GFWIID01,GFWIC001,programs/FL/gfwiil01.cbl
GFWIID01,FL,Damage to Premises Rented to You (Fire Legal Liability),WI,INQUIRE,DB2-ACCESS,,GFWIC001,programs/FL/gfwiid01.cbl
GFWIIV01,FL,Damage to Premises Rented to You (Fire Legal Liability),WI,INQUIRE,VSAM-ACCESS,,GFWIC001,programs/FL/gfwiiv01.cbl
GFWIUL01,FL,Damage to Premises Rented to You (Fire Legal Liability),WI,UPDATE,BUSINESS-LOGIC,GFWIUD01,GFWIC001,programs/FL/gfwiul01.cbl
GFWIUD01,FL,Damage to Premises Rented to You (Fire Legal Liability),WI,UPDATE,DB2-ACCESS,GFWIUV01,GFWIC001,programs/FL/gfwiud01.cbl
GFWIUV01,FL,Damage to Premises Rented to You (Fire Legal Liability),WI,UPDATE,VSAM-ACCESS,,GFWIC001,programs/FL/gfwiuv01.cbl
GFWIDL01,FL,Damage to Premises Rented to You (Fire Legal Liability),WI,DELETE,BUSINESS-LOGIC,GFWIDD01,GFWIC001,programs/FL/gfwidl01.cbl
GFWIDD01,FL,Damage to Premises Rented to You (Fire Legal Liability),WI,DELETE,DB2-ACCESS,GFWIDV01,GFWIC001,programs/FL/gfwidd01.cbl
GFWIDV01,FL,Damage to Premises Rented to You (Fire Legal Liability),WI,DELETE,VSAM-ACCESS,,GFWIC001,programs/FL/gfwidv01.cbl
GFWIRL01,FL,Damage to Premises Rented to You (Fire Legal Liability),WI,RATE,BUSINESS-LOGIC,GFWIRD01,GFWIC001,programs/FL/gfwirl01.cbl
GFWIRD01,FL,Damage to Premises Rented to You (Fire Legal Liability),WI,RATE,DB2-ACCESS,,GFWIC001,programs/FL/gfwird01.cbl
GFWIRV01,FL,Damage to Premises Rented to You (Fire Legal Liability),WI,RATE,VSAM-ACCESS,,GFWIC001,programs/FL/gfwirv01.cbl
GFWYAL01,FL,Damage to Premises Rented to You (Fire Legal Liability),WY,ADD,BUSINESS-LOGIC,GFWYAD01,GFWYC001,programs/FL/gfwyal01.cbl
GFWYAD01,FL,Damage to Premises Rented to You (Fire Legal Liability),WY,ADD,DB2-ACCESS,GFWYAV01,GFWYC001,programs/FL/gfwyad01.cbl
GFWYAV01,FL,Damage to Premises Rented to You (Fire Legal Liability),WY,ADD,VSAM-ACCESS,,GFWYC001,programs/FL/gfwyav01.cbl
GFWYIL01,FL,Damage to Premises Rented to You (Fire Legal Liability),WY,INQUIRE,BUSINESS-LOGIC,GFWYID01,GFWYC001,programs/FL/gfwyil01.cbl
GFWYID01,FL,Damage to Premises Rented to You (Fire Legal Liability),WY,INQUIRE,DB2-ACCESS,,GFWYC001,programs/FL/gfwyid01.cbl
GFWYIV01,FL,Damage to Premises Rented to You (Fire Legal Liability),WY,INQUIRE,VSAM-ACCESS,,GFWYC001,programs/FL/gfwyiv01.cbl
GFWYUL01,FL,Damage to Premises Rented to You (Fire Legal Liability),WY,UPDATE,BUSINESS-LOGIC,GFWYUD01,GFWYC001,programs/FL/gfwyul01.cbl
GFWYUD01,FL,Damage to Premises Rented to You (Fire Legal Liability),WY,UPDATE,DB2-ACCESS,GFWYUV01,GFWYC001,programs/FL/gfwyud01.cbl
GFWYUV01,FL,Damage to Premises Rented to You (Fire Legal Liability),WY,UPDATE,VSAM-ACCESS,,GFWYC001,programs/FL/gfwyuv01.cbl
GFWYDL01,FL,Damage to Premises Rented to You (Fire Legal Liability),WY,DELETE,BUSINESS-LOGIC,GFWYDD01,GFWYC001,programs/FL/gfwydl01.cbl
GFWYDD01,FL,Damage to Premises Rented to You (Fire Legal Liability),WY,DELETE,DB2-ACCESS,GFWYDV01,GFWYC001,programs/FL/gfwydd01.cbl
GFWYDV01,FL,Damage to Premises Rented to You (Fire Legal Liability),WY,DELETE,VSAM-ACCESS,,GFWYC001,programs/FL/gfwydv01.cbl
GFWYRL01,FL,Damage to Premises Rented to You (Fire Legal Liability),WY,RATE,BUSINESS-LOGIC,GFWYRD01,GFWYC001,programs/FL/gfwyrl01.cbl
GFWYRD01,FL,Damage to Premises Rented to You (Fire Legal Liability),WY,RATE,DB2-ACCESS,,GFWYC001,programs/FL/gfwyrd01.cbl
GFWYRV01,FL,Damage to Premises Rented to You (Fire Legal Liability),WY,RATE,VSAM-ACCESS,,GFWYC001,programs/FL/gfwyrv01.cbl
GBALAL01,EB,Employee Benefits Liability,AL,ADD,BUSINESS-LOGIC,GBALAD01,GBALC001,programs/EB/gbalal01.cbl
GBALAD01,EB,Employee Benefits Liability,AL,ADD,DB2-ACCESS,GBALAV01,GBALC001,programs/EB/gbalad01.cbl
GBALAV01,EB,Employee Benefits Liability,AL,ADD,VSAM-ACCESS,,GBALC001,programs/EB/gbalav01.cbl
GBALIL01,EB,Employee Benefits Liability,AL,INQUIRE,BUSINESS-LOGIC,GBALID01,GBALC001,programs/EB/gbalil01.cbl
GBALID01,EB,Employee Benefits Liability,AL,INQUIRE,DB2-ACCESS,,GBALC001,programs/EB/gbalid01.cbl
GBALIV01,EB,Employee Benefits Liability,AL,INQUIRE,VSAM-ACCESS,,GBALC001,programs/EB/gbaliv01.cbl
GBALUL01,EB,Employee Benefits Liability,AL,UPDATE,BUSINESS-LOGIC,GBALUD01,GBALC001,programs/EB/gbalul01.cbl
GBALUD01,EB,Employee Benefits Liability,AL,UPDATE,DB2-ACCESS,GBALUV01,GBALC001,programs/EB/gbalud01.cbl
GBALUV01,EB,Employee Benefits Liability,AL,UPDATE,VSAM-ACCESS,,GBALC001,programs/EB/gbaluv01.cbl
GBALDL01,EB,Employee Benefits Liability,AL,DELETE,BUSINESS-LOGIC,GBALDD01,GBALC001,programs/EB/gbaldl01.cbl
GBALDD01,EB,Employee Benefits Liability,AL,DELETE,DB2-ACCESS,GBALDV01,GBALC001,programs/EB/gbaldd01.cbl
GBALDV01,EB,Employee Benefits Liability,AL,DELETE,VSAM-ACCESS,,GBALC001,programs/EB/gbaldv01.cbl
GBALRL01,EB,Employee Benefits Liability,AL,RATE,BUSINESS-LOGIC,GBALRD01,GBALC001,programs/EB/gbalrl01.cbl
GBALRD01,EB,Employee Benefits Liability,AL,RATE,DB2-ACCESS,,GBALC001,programs/EB/gbalrd01.cbl
GBALRV01,EB,Employee Benefits Liability,AL,RATE,VSAM-ACCESS,,GBALC001,programs/EB/gbalrv01.cbl
GBAKAL01,EB,Employee Benefits Liability,AK,ADD,BUSINESS-LOGIC,GBAKAD01,GBAKC001,programs/EB/gbakal01.cbl
GBAKAD01,EB,Employee Benefits Liability,AK,ADD,DB2-ACCESS,GBAKAV01,GBAKC001,programs/EB/gbakad01.cbl
GBAKAV01,EB,Employee Benefits Liability,AK,ADD,VSAM-ACCESS,,GBAKC001,programs/EB/gbakav01.cbl
GBAKIL01,EB,Employee Benefits Liability,AK,INQUIRE,BUSINESS-LOGIC,GBAKID01,GBAKC001,programs/EB/gbakil01.cbl
GBAKID01,EB,Employee Benefits Liability,AK,INQUIRE,DB2-ACCESS,,GBAKC001,programs/EB/gbakid01.cbl
GBAKIV01,EB,Employee Benefits Liability,AK,INQUIRE,VSAM-ACCESS,,GBAKC001,programs/EB/gbakiv01.cbl
GBAKUL01,EB,Employee Benefits Liability,AK,UPDATE,BUSINESS-LOGIC,GBAKUD01,GBAKC001,programs/EB/gbakul01.cbl
GBAKUD01,EB,Employee Benefits Liability,AK,UPDATE,DB2-ACCESS,GBAKUV01,GBAKC001,programs/EB/gbakud01.cbl
GBAKUV01,EB,Employee Benefits Liability,AK,UPDATE,VSAM-ACCESS,,GBAKC001,programs/EB/gbakuv01.cbl
GBAKDL01,EB,Employee Benefits Liability,AK,DELETE,BUSINESS-LOGIC,GBAKDD01,GBAKC001,programs/EB/gbakdl01.cbl
GBAKDD01,EB,Employee Benefits Liability,AK,DELETE,DB2-ACCESS,GBAKDV01,GBAKC001,programs/EB/gbakdd01.cbl
GBAKDV01,EB,Employee Benefits Liability,AK,DELETE,VSAM-ACCESS,,GBAKC001,programs/EB/gbakdv01.cbl
GBAKRL01,EB,Employee Benefits Liability,AK,RATE,BUSINESS-LOGIC,GBAKRD01,GBAKC001,programs/EB/gbakrl01.cbl
GBAKRD01,EB,Employee Benefits Liability,AK,RATE,DB2-ACCESS,,GBAKC001,programs/EB/gbakrd01.cbl
GBAKRV01,EB,Employee Benefits Liability,AK,RATE,VSAM-ACCESS,,GBAKC001,programs/EB/gbakrv01.cbl
GBAZAL01,EB,Employee Benefits Liability,AZ,ADD,BUSINESS-LOGIC,GBAZAD01,GBAZC001,programs/EB/gbazal01.cbl
GBAZAD01,EB,Employee Benefits Liability,AZ,ADD,DB2-ACCESS,GBAZAV01,GBAZC001,programs/EB/gbazad01.cbl
GBAZAV01,EB,Employee Benefits Liability,AZ,ADD,VSAM-ACCESS,,GBAZC001,programs/EB/gbazav01.cbl
GBAZIL01,EB,Employee Benefits Liability,AZ,INQUIRE,BUSINESS-LOGIC,GBAZID01,GBAZC001,programs/EB/gbazil01.cbl
GBAZID01,EB,Employee Benefits Liability,AZ,INQUIRE,DB2-ACCESS,,GBAZC001,programs/EB/gbazid01.cbl
GBAZIV01,EB,Employee Benefits Liability,AZ,INQUIRE,VSAM-ACCESS,,GBAZC001,programs/EB/gbaziv01.cbl
GBAZUL01,EB,Employee Benefits Liability,AZ,UPDATE,BUSINESS-LOGIC,GBAZUD01,GBAZC001,programs/EB/gbazul01.cbl
GBAZUD01,EB,Employee Benefits Liability,AZ,UPDATE,DB2-ACCESS,GBAZUV01,GBAZC001,programs/EB/gbazud01.cbl
GBAZUV01,EB,Employee Benefits Liability,AZ,UPDATE,VSAM-ACCESS,,GBAZC001,programs/EB/gbazuv01.cbl
GBAZDL01,EB,Employee Benefits Liability,AZ,DELETE,BUSINESS-LOGIC,GBAZDD01,GBAZC001,programs/EB/gbazdl01.cbl
GBAZDD01,EB,Employee Benefits Liability,AZ,DELETE,DB2-ACCESS,GBAZDV01,GBAZC001,programs/EB/gbazdd01.cbl
GBAZDV01,EB,Employee Benefits Liability,AZ,DELETE,VSAM-ACCESS,,GBAZC001,programs/EB/gbazdv01.cbl
GBAZRL01,EB,Employee Benefits Liability,AZ,RATE,BUSINESS-LOGIC,GBAZRD01,GBAZC001,programs/EB/gbazrl01.cbl
GBAZRD01,EB,Employee Benefits Liability,AZ,RATE,DB2-ACCESS,,GBAZC001,programs/EB/gbazrd01.cbl
GBAZRV01,EB,Employee Benefits Liability,AZ,RATE,VSAM-ACCESS,,GBAZC001,programs/EB/gbazrv01.cbl
GBARAL01,EB,Employee Benefits Liability,AR,ADD,BUSINESS-LOGIC,GBARAD01,GBARC001,programs/EB/gbaral01.cbl
GBARAD01,EB,Employee Benefits Liability,AR,ADD,DB2-ACCESS,GBARAV01,GBARC001,programs/EB/gbarad01.cbl
GBARAV01,EB,Employee Benefits Liability,AR,ADD,VSAM-ACCESS,,GBARC001,programs/EB/gbarav01.cbl
GBARIL01,EB,Employee Benefits Liability,AR,INQUIRE,BUSINESS-LOGIC,GBARID01,GBARC001,programs/EB/gbaril01.cbl
GBARID01,EB,Employee Benefits Liability,AR,INQUIRE,DB2-ACCESS,,GBARC001,programs/EB/gbarid01.cbl
GBARIV01,EB,Employee Benefits Liability,AR,INQUIRE,VSAM-ACCESS,,GBARC001,programs/EB/gbariv01.cbl
GBARUL01,EB,Employee Benefits Liability,AR,UPDATE,BUSINESS-LOGIC,GBARUD01,GBARC001,programs/EB/gbarul01.cbl
GBARUD01,EB,Employee Benefits Liability,AR,UPDATE,DB2-ACCESS,GBARUV01,GBARC001,programs/EB/gbarud01.cbl
GBARUV01,EB,Employee Benefits Liability,AR,UPDATE,VSAM-ACCESS,,GBARC001,programs/EB/gbaruv01.cbl
GBARDL01,EB,Employee Benefits Liability,AR,DELETE,BUSINESS-LOGIC,GBARDD01,GBARC001,programs/EB/gbardl01.cbl
GBARDD01,EB,Employee Benefits Liability,AR,DELETE,DB2-ACCESS,GBARDV01,GBARC001,programs/EB/gbardd01.cbl
GBARDV01,EB,Employee Benefits Liability,AR,DELETE,VSAM-ACCESS,,GBARC001,programs/EB/gbardv01.cbl
GBARRL01,EB,Employee Benefits Liability,AR,RATE,BUSINESS-LOGIC,GBARRD01,GBARC001,programs/EB/gbarrl01.cbl
GBARRD01,EB,Employee Benefits Liability,AR,RATE,DB2-ACCESS,,GBARC001,programs/EB/gbarrd01.cbl
GBARRV01,EB,Employee Benefits Liability,AR,RATE,VSAM-ACCESS,,GBARC001,programs/EB/gbarrv01.cbl
GBCAAL01,EB,Employee Benefits Liability,CA,ADD,BUSINESS-LOGIC,GBCAAD01,GBCAC001,programs/EB/gbcaal01.cbl
GBCAAD01,EB,Employee Benefits Liability,CA,ADD,DB2-ACCESS,GBCAAV01,GBCAC001,programs/EB/gbcaad01.cbl
GBCAAV01,EB,Employee Benefits Liability,CA,ADD,VSAM-ACCESS,,GBCAC001,programs/EB/gbcaav01.cbl
GBCAIL01,EB,Employee Benefits Liability,CA,INQUIRE,BUSINESS-LOGIC,GBCAID01,GBCAC001,programs/EB/gbcail01.cbl
GBCAID01,EB,Employee Benefits Liability,CA,INQUIRE,DB2-ACCESS,,GBCAC001,programs/EB/gbcaid01.cbl
GBCAIV01,EB,Employee Benefits Liability,CA,INQUIRE,VSAM-ACCESS,,GBCAC001,programs/EB/gbcaiv01.cbl
GBCAUL01,EB,Employee Benefits Liability,CA,UPDATE,BUSINESS-LOGIC,GBCAUD01,GBCAC001,programs/EB/gbcaul01.cbl
GBCAUD01,EB,Employee Benefits Liability,CA,UPDATE,DB2-ACCESS,GBCAUV01,GBCAC001,programs/EB/gbcaud01.cbl
GBCAUV01,EB,Employee Benefits Liability,CA,UPDATE,VSAM-ACCESS,,GBCAC001,programs/EB/gbcauv01.cbl
GBCADL01,EB,Employee Benefits Liability,CA,DELETE,BUSINESS-LOGIC,GBCADD01,GBCAC001,programs/EB/gbcadl01.cbl
GBCADD01,EB,Employee Benefits Liability,CA,DELETE,DB2-ACCESS,GBCADV01,GBCAC001,programs/EB/gbcadd01.cbl
GBCADV01,EB,Employee Benefits Liability,CA,DELETE,VSAM-ACCESS,,GBCAC001,programs/EB/gbcadv01.cbl
GBCARL01,EB,Employee Benefits Liability,CA,RATE,BUSINESS-LOGIC,GBCARD01,GBCAC001,programs/EB/gbcarl01.cbl
GBCARD01,EB,Employee Benefits Liability,CA,RATE,DB2-ACCESS,,GBCAC001,programs/EB/gbcard01.cbl
GBCARV01,EB,Employee Benefits Liability,CA,RATE,VSAM-ACCESS,,GBCAC001,programs/EB/gbcarv01.cbl
GBCOAL01,EB,Employee Benefits Liability,CO,ADD,BUSINESS-LOGIC,GBCOAD01,GBCOC001,programs/EB/gbcoal01.cbl
GBCOAD01,EB,Employee Benefits Liability,CO,ADD,DB2-ACCESS,GBCOAV01,GBCOC001,programs/EB/gbcoad01.cbl
GBCOAV01,EB,Employee Benefits Liability,CO,ADD,VSAM-ACCESS,,GBCOC001,programs/EB/gbcoav01.cbl
GBCOIL01,EB,Employee Benefits Liability,CO,INQUIRE,BUSINESS-LOGIC,GBCOID01,GBCOC001,programs/EB/gbcoil01.cbl
GBCOID01,EB,Employee Benefits Liability,CO,INQUIRE,DB2-ACCESS,,GBCOC001,programs/EB/gbcoid01.cbl
GBCOIV01,EB,Employee Benefits Liability,CO,INQUIRE,VSAM-ACCESS,,GBCOC001,programs/EB/gbcoiv01.cbl
GBCOUL01,EB,Employee Benefits Liability,CO,UPDATE,BUSINESS-LOGIC,GBCOUD01,GBCOC001,programs/EB/gbcoul01.cbl
GBCOUD01,EB,Employee Benefits Liability,CO,UPDATE,DB2-ACCESS,GBCOUV01,GBCOC001,programs/EB/gbcoud01.cbl
GBCOUV01,EB,Employee Benefits Liability,CO,UPDATE,VSAM-ACCESS,,GBCOC001,programs/EB/gbcouv01.cbl
GBCODL01,EB,Employee Benefits Liability,CO,DELETE,BUSINESS-LOGIC,GBCODD01,GBCOC001,programs/EB/gbcodl01.cbl
GBCODD01,EB,Employee Benefits Liability,CO,DELETE,DB2-ACCESS,GBCODV01,GBCOC001,programs/EB/gbcodd01.cbl
GBCODV01,EB,Employee Benefits Liability,CO,DELETE,VSAM-ACCESS,,GBCOC001,programs/EB/gbcodv01.cbl
GBCORL01,EB,Employee Benefits Liability,CO,RATE,BUSINESS-LOGIC,GBCORD01,GBCOC001,programs/EB/gbcorl01.cbl
GBCORD01,EB,Employee Benefits Liability,CO,RATE,DB2-ACCESS,,GBCOC001,programs/EB/gbcord01.cbl
GBCORV01,EB,Employee Benefits Liability,CO,RATE,VSAM-ACCESS,,GBCOC001,programs/EB/gbcorv01.cbl
GBCTAL01,EB,Employee Benefits Liability,CT,ADD,BUSINESS-LOGIC,GBCTAD01,GBCTC001,programs/EB/gbctal01.cbl
GBCTAD01,EB,Employee Benefits Liability,CT,ADD,DB2-ACCESS,GBCTAV01,GBCTC001,programs/EB/gbctad01.cbl
GBCTAV01,EB,Employee Benefits Liability,CT,ADD,VSAM-ACCESS,,GBCTC001,programs/EB/gbctav01.cbl
GBCTIL01,EB,Employee Benefits Liability,CT,INQUIRE,BUSINESS-LOGIC,GBCTID01,GBCTC001,programs/EB/gbctil01.cbl
GBCTID01,EB,Employee Benefits Liability,CT,INQUIRE,DB2-ACCESS,,GBCTC001,programs/EB/gbctid01.cbl
GBCTIV01,EB,Employee Benefits Liability,CT,INQUIRE,VSAM-ACCESS,,GBCTC001,programs/EB/gbctiv01.cbl
GBCTUL01,EB,Employee Benefits Liability,CT,UPDATE,BUSINESS-LOGIC,GBCTUD01,GBCTC001,programs/EB/gbctul01.cbl
GBCTUD01,EB,Employee Benefits Liability,CT,UPDATE,DB2-ACCESS,GBCTUV01,GBCTC001,programs/EB/gbctud01.cbl
GBCTUV01,EB,Employee Benefits Liability,CT,UPDATE,VSAM-ACCESS,,GBCTC001,programs/EB/gbctuv01.cbl
GBCTDL01,EB,Employee Benefits Liability,CT,DELETE,BUSINESS-LOGIC,GBCTDD01,GBCTC001,programs/EB/gbctdl01.cbl
GBCTDD01,EB,Employee Benefits Liability,CT,DELETE,DB2-ACCESS,GBCTDV01,GBCTC001,programs/EB/gbctdd01.cbl
GBCTDV01,EB,Employee Benefits Liability,CT,DELETE,VSAM-ACCESS,,GBCTC001,programs/EB/gbctdv01.cbl
GBCTRL01,EB,Employee Benefits Liability,CT,RATE,BUSINESS-LOGIC,GBCTRD01,GBCTC001,programs/EB/gbctrl01.cbl
GBCTRD01,EB,Employee Benefits Liability,CT,RATE,DB2-ACCESS,,GBCTC001,programs/EB/gbctrd01.cbl
GBCTRV01,EB,Employee Benefits Liability,CT,RATE,VSAM-ACCESS,,GBCTC001,programs/EB/gbctrv01.cbl
GBDEAL01,EB,Employee Benefits Liability,DE,ADD,BUSINESS-LOGIC,GBDEAD01,GBDEC001,programs/EB/gbdeal01.cbl
GBDEAD01,EB,Employee Benefits Liability,DE,ADD,DB2-ACCESS,GBDEAV01,GBDEC001,programs/EB/gbdead01.cbl
GBDEAV01,EB,Employee Benefits Liability,DE,ADD,VSAM-ACCESS,,GBDEC001,programs/EB/gbdeav01.cbl
GBDEIL01,EB,Employee Benefits Liability,DE,INQUIRE,BUSINESS-LOGIC,GBDEID01,GBDEC001,programs/EB/gbdeil01.cbl
GBDEID01,EB,Employee Benefits Liability,DE,INQUIRE,DB2-ACCESS,,GBDEC001,programs/EB/gbdeid01.cbl
GBDEIV01,EB,Employee Benefits Liability,DE,INQUIRE,VSAM-ACCESS,,GBDEC001,programs/EB/gbdeiv01.cbl
GBDEUL01,EB,Employee Benefits Liability,DE,UPDATE,BUSINESS-LOGIC,GBDEUD01,GBDEC001,programs/EB/gbdeul01.cbl
GBDEUD01,EB,Employee Benefits Liability,DE,UPDATE,DB2-ACCESS,GBDEUV01,GBDEC001,programs/EB/gbdeud01.cbl
GBDEUV01,EB,Employee Benefits Liability,DE,UPDATE,VSAM-ACCESS,,GBDEC001,programs/EB/gbdeuv01.cbl
GBDEDL01,EB,Employee Benefits Liability,DE,DELETE,BUSINESS-LOGIC,GBDEDD01,GBDEC001,programs/EB/gbdedl01.cbl
GBDEDD01,EB,Employee Benefits Liability,DE,DELETE,DB2-ACCESS,GBDEDV01,GBDEC001,programs/EB/gbdedd01.cbl
GBDEDV01,EB,Employee Benefits Liability,DE,DELETE,VSAM-ACCESS,,GBDEC001,programs/EB/gbdedv01.cbl
GBDERL01,EB,Employee Benefits Liability,DE,RATE,BUSINESS-LOGIC,GBDERD01,GBDEC001,programs/EB/gbderl01.cbl
GBDERD01,EB,Employee Benefits Liability,DE,RATE,DB2-ACCESS,,GBDEC001,programs/EB/gbderd01.cbl
GBDERV01,EB,Employee Benefits Liability,DE,RATE,VSAM-ACCESS,,GBDEC001,programs/EB/gbderv01.cbl
GBDCAL01,EB,Employee Benefits Liability,DC,ADD,BUSINESS-LOGIC,GBDCAD01,GBDCC001,programs/EB/gbdcal01.cbl
GBDCAD01,EB,Employee Benefits Liability,DC,ADD,DB2-ACCESS,GBDCAV01,GBDCC001,programs/EB/gbdcad01.cbl
GBDCAV01,EB,Employee Benefits Liability,DC,ADD,VSAM-ACCESS,,GBDCC001,programs/EB/gbdcav01.cbl
GBDCIL01,EB,Employee Benefits Liability,DC,INQUIRE,BUSINESS-LOGIC,GBDCID01,GBDCC001,programs/EB/gbdcil01.cbl
GBDCID01,EB,Employee Benefits Liability,DC,INQUIRE,DB2-ACCESS,,GBDCC001,programs/EB/gbdcid01.cbl
GBDCIV01,EB,Employee Benefits Liability,DC,INQUIRE,VSAM-ACCESS,,GBDCC001,programs/EB/gbdciv01.cbl
GBDCUL01,EB,Employee Benefits Liability,DC,UPDATE,BUSINESS-LOGIC,GBDCUD01,GBDCC001,programs/EB/gbdcul01.cbl
GBDCUD01,EB,Employee Benefits Liability,DC,UPDATE,DB2-ACCESS,GBDCUV01,GBDCC001,programs/EB/gbdcud01.cbl
GBDCUV01,EB,Employee Benefits Liability,DC,UPDATE,VSAM-ACCESS,,GBDCC001,programs/EB/gbdcuv01.cbl
GBDCDL01,EB,Employee Benefits Liability,DC,DELETE,BUSINESS-LOGIC,GBDCDD01,GBDCC001,programs/EB/gbdcdl01.cbl
GBDCDD01,EB,Employee Benefits Liability,DC,DELETE,DB2-ACCESS,GBDCDV01,GBDCC001,programs/EB/gbdcdd01.cbl
GBDCDV01,EB,Employee Benefits Liability,DC,DELETE,VSAM-ACCESS,,GBDCC001,programs/EB/gbdcdv01.cbl
GBDCRL01,EB,Employee Benefits Liability,DC,RATE,BUSINESS-LOGIC,GBDCRD01,GBDCC001,programs/EB/gbdcrl01.cbl
GBDCRD01,EB,Employee Benefits Liability,DC,RATE,DB2-ACCESS,,GBDCC001,programs/EB/gbdcrd01.cbl
GBDCRV01,EB,Employee Benefits Liability,DC,RATE,VSAM-ACCESS,,GBDCC001,programs/EB/gbdcrv01.cbl
GBFLAL01,EB,Employee Benefits Liability,FL,ADD,BUSINESS-LOGIC,GBFLAD01,GBFLC001,programs/EB/gbflal01.cbl
GBFLAD01,EB,Employee Benefits Liability,FL,ADD,DB2-ACCESS,GBFLAV01,GBFLC001,programs/EB/gbflad01.cbl
GBFLAV01,EB,Employee Benefits Liability,FL,ADD,VSAM-ACCESS,,GBFLC001,programs/EB/gbflav01.cbl
GBFLIL01,EB,Employee Benefits Liability,FL,INQUIRE,BUSINESS-LOGIC,GBFLID01,GBFLC001,programs/EB/gbflil01.cbl
GBFLID01,EB,Employee Benefits Liability,FL,INQUIRE,DB2-ACCESS,,GBFLC001,programs/EB/gbflid01.cbl
GBFLIV01,EB,Employee Benefits Liability,FL,INQUIRE,VSAM-ACCESS,,GBFLC001,programs/EB/gbfliv01.cbl
GBFLUL01,EB,Employee Benefits Liability,FL,UPDATE,BUSINESS-LOGIC,GBFLUD01,GBFLC001,programs/EB/gbflul01.cbl
GBFLUD01,EB,Employee Benefits Liability,FL,UPDATE,DB2-ACCESS,GBFLUV01,GBFLC001,programs/EB/gbflud01.cbl
GBFLUV01,EB,Employee Benefits Liability,FL,UPDATE,VSAM-ACCESS,,GBFLC001,programs/EB/gbfluv01.cbl
GBFLDL01,EB,Employee Benefits Liability,FL,DELETE,BUSINESS-LOGIC,GBFLDD01,GBFLC001,programs/EB/gbfldl01.cbl
GBFLDD01,EB,Employee Benefits Liability,FL,DELETE,DB2-ACCESS,GBFLDV01,GBFLC001,programs/EB/gbfldd01.cbl
GBFLDV01,EB,Employee Benefits Liability,FL,DELETE,VSAM-ACCESS,,GBFLC001,programs/EB/gbfldv01.cbl
GBFLRL01,EB,Employee Benefits Liability,FL,RATE,BUSINESS-LOGIC,GBFLRD01,GBFLC001,programs/EB/gbflrl01.cbl
GBFLRD01,EB,Employee Benefits Liability,FL,RATE,DB2-ACCESS,,GBFLC001,programs/EB/gbflrd01.cbl
GBFLRV01,EB,Employee Benefits Liability,FL,RATE,VSAM-ACCESS,,GBFLC001,programs/EB/gbflrv01.cbl
GBGAAL01,EB,Employee Benefits Liability,GA,ADD,BUSINESS-LOGIC,GBGAAD01,GBGAC001,programs/EB/gbgaal01.cbl
GBGAAD01,EB,Employee Benefits Liability,GA,ADD,DB2-ACCESS,GBGAAV01,GBGAC001,programs/EB/gbgaad01.cbl
GBGAAV01,EB,Employee Benefits Liability,GA,ADD,VSAM-ACCESS,,GBGAC001,programs/EB/gbgaav01.cbl
GBGAIL01,EB,Employee Benefits Liability,GA,INQUIRE,BUSINESS-LOGIC,GBGAID01,GBGAC001,programs/EB/gbgail01.cbl
GBGAID01,EB,Employee Benefits Liability,GA,INQUIRE,DB2-ACCESS,,GBGAC001,programs/EB/gbgaid01.cbl
GBGAIV01,EB,Employee Benefits Liability,GA,INQUIRE,VSAM-ACCESS,,GBGAC001,programs/EB/gbgaiv01.cbl
GBGAUL01,EB,Employee Benefits Liability,GA,UPDATE,BUSINESS-LOGIC,GBGAUD01,GBGAC001,programs/EB/gbgaul01.cbl
GBGAUD01,EB,Employee Benefits Liability,GA,UPDATE,DB2-ACCESS,GBGAUV01,GBGAC001,programs/EB/gbgaud01.cbl
GBGAUV01,EB,Employee Benefits Liability,GA,UPDATE,VSAM-ACCESS,,GBGAC001,programs/EB/gbgauv01.cbl
GBGADL01,EB,Employee Benefits Liability,GA,DELETE,BUSINESS-LOGIC,GBGADD01,GBGAC001,programs/EB/gbgadl01.cbl
GBGADD01,EB,Employee Benefits Liability,GA,DELETE,DB2-ACCESS,GBGADV01,GBGAC001,programs/EB/gbgadd01.cbl
GBGADV01,EB,Employee Benefits Liability,GA,DELETE,VSAM-ACCESS,,GBGAC001,programs/EB/gbgadv01.cbl
GBGARL01,EB,Employee Benefits Liability,GA,RATE,BUSINESS-LOGIC,GBGARD01,GBGAC001,programs/EB/gbgarl01.cbl
GBGARD01,EB,Employee Benefits Liability,GA,RATE,DB2-ACCESS,,GBGAC001,programs/EB/gbgard01.cbl
GBGARV01,EB,Employee Benefits Liability,GA,RATE,VSAM-ACCESS,,GBGAC001,programs/EB/gbgarv01.cbl
GBHIAL01,EB,Employee Benefits Liability,HI,ADD,BUSINESS-LOGIC,GBHIAD01,GBHIC001,programs/EB/gbhial01.cbl
GBHIAD01,EB,Employee Benefits Liability,HI,ADD,DB2-ACCESS,GBHIAV01,GBHIC001,programs/EB/gbhiad01.cbl
GBHIAV01,EB,Employee Benefits Liability,HI,ADD,VSAM-ACCESS,,GBHIC001,programs/EB/gbhiav01.cbl
GBHIIL01,EB,Employee Benefits Liability,HI,INQUIRE,BUSINESS-LOGIC,GBHIID01,GBHIC001,programs/EB/gbhiil01.cbl
GBHIID01,EB,Employee Benefits Liability,HI,INQUIRE,DB2-ACCESS,,GBHIC001,programs/EB/gbhiid01.cbl
GBHIIV01,EB,Employee Benefits Liability,HI,INQUIRE,VSAM-ACCESS,,GBHIC001,programs/EB/gbhiiv01.cbl
GBHIUL01,EB,Employee Benefits Liability,HI,UPDATE,BUSINESS-LOGIC,GBHIUD01,GBHIC001,programs/EB/gbhiul01.cbl
GBHIUD01,EB,Employee Benefits Liability,HI,UPDATE,DB2-ACCESS,GBHIUV01,GBHIC001,programs/EB/gbhiud01.cbl
GBHIUV01,EB,Employee Benefits Liability,HI,UPDATE,VSAM-ACCESS,,GBHIC001,programs/EB/gbhiuv01.cbl
GBHIDL01,EB,Employee Benefits Liability,HI,DELETE,BUSINESS-LOGIC,GBHIDD01,GBHIC001,programs/EB/gbhidl01.cbl
GBHIDD01,EB,Employee Benefits Liability,HI,DELETE,DB2-ACCESS,GBHIDV01,GBHIC001,programs/EB/gbhidd01.cbl
GBHIDV01,EB,Employee Benefits Liability,HI,DELETE,VSAM-ACCESS,,GBHIC001,programs/EB/gbhidv01.cbl
GBHIRL01,EB,Employee Benefits Liability,HI,RATE,BUSINESS-LOGIC,GBHIRD01,GBHIC001,programs/EB/gbhirl01.cbl
GBHIRD01,EB,Employee Benefits Liability,HI,RATE,DB2-ACCESS,,GBHIC001,programs/EB/gbhird01.cbl
GBHIRV01,EB,Employee Benefits Liability,HI,RATE,VSAM-ACCESS,,GBHIC001,programs/EB/gbhirv01.cbl
GBIDAL01,EB,Employee Benefits Liability,ID,ADD,BUSINESS-LOGIC,GBIDAD01,GBIDC001,programs/EB/gbidal01.cbl
GBIDAD01,EB,Employee Benefits Liability,ID,ADD,DB2-ACCESS,GBIDAV01,GBIDC001,programs/EB/gbidad01.cbl
GBIDAV01,EB,Employee Benefits Liability,ID,ADD,VSAM-ACCESS,,GBIDC001,programs/EB/gbidav01.cbl
GBIDIL01,EB,Employee Benefits Liability,ID,INQUIRE,BUSINESS-LOGIC,GBIDID01,GBIDC001,programs/EB/gbidil01.cbl
GBIDID01,EB,Employee Benefits Liability,ID,INQUIRE,DB2-ACCESS,,GBIDC001,programs/EB/gbidid01.cbl
GBIDIV01,EB,Employee Benefits Liability,ID,INQUIRE,VSAM-ACCESS,,GBIDC001,programs/EB/gbidiv01.cbl
GBIDUL01,EB,Employee Benefits Liability,ID,UPDATE,BUSINESS-LOGIC,GBIDUD01,GBIDC001,programs/EB/gbidul01.cbl
GBIDUD01,EB,Employee Benefits Liability,ID,UPDATE,DB2-ACCESS,GBIDUV01,GBIDC001,programs/EB/gbidud01.cbl
GBIDUV01,EB,Employee Benefits Liability,ID,UPDATE,VSAM-ACCESS,,GBIDC001,programs/EB/gbiduv01.cbl
GBIDDL01,EB,Employee Benefits Liability,ID,DELETE,BUSINESS-LOGIC,GBIDDD01,GBIDC001,programs/EB/gbiddl01.cbl
GBIDDD01,EB,Employee Benefits Liability,ID,DELETE,DB2-ACCESS,GBIDDV01,GBIDC001,programs/EB/gbiddd01.cbl
GBIDDV01,EB,Employee Benefits Liability,ID,DELETE,VSAM-ACCESS,,GBIDC001,programs/EB/gbiddv01.cbl
GBIDRL01,EB,Employee Benefits Liability,ID,RATE,BUSINESS-LOGIC,GBIDRD01,GBIDC001,programs/EB/gbidrl01.cbl
GBIDRD01,EB,Employee Benefits Liability,ID,RATE,DB2-ACCESS,,GBIDC001,programs/EB/gbidrd01.cbl
GBIDRV01,EB,Employee Benefits Liability,ID,RATE,VSAM-ACCESS,,GBIDC001,programs/EB/gbidrv01.cbl
GBILAL01,EB,Employee Benefits Liability,IL,ADD,BUSINESS-LOGIC,GBILAD01,GBILC001,programs/EB/gbilal01.cbl
GBILAD01,EB,Employee Benefits Liability,IL,ADD,DB2-ACCESS,GBILAV01,GBILC001,programs/EB/gbilad01.cbl
GBILAV01,EB,Employee Benefits Liability,IL,ADD,VSAM-ACCESS,,GBILC001,programs/EB/gbilav01.cbl
GBILIL01,EB,Employee Benefits Liability,IL,INQUIRE,BUSINESS-LOGIC,GBILID01,GBILC001,programs/EB/gbilil01.cbl
GBILID01,EB,Employee Benefits Liability,IL,INQUIRE,DB2-ACCESS,,GBILC001,programs/EB/gbilid01.cbl
GBILIV01,EB,Employee Benefits Liability,IL,INQUIRE,VSAM-ACCESS,,GBILC001,programs/EB/gbiliv01.cbl
GBILUL01,EB,Employee Benefits Liability,IL,UPDATE,BUSINESS-LOGIC,GBILUD01,GBILC001,programs/EB/gbilul01.cbl
GBILUD01,EB,Employee Benefits Liability,IL,UPDATE,DB2-ACCESS,GBILUV01,GBILC001,programs/EB/gbilud01.cbl
GBILUV01,EB,Employee Benefits Liability,IL,UPDATE,VSAM-ACCESS,,GBILC001,programs/EB/gbiluv01.cbl
GBILDL01,EB,Employee Benefits Liability,IL,DELETE,BUSINESS-LOGIC,GBILDD01,GBILC001,programs/EB/gbildl01.cbl
GBILDD01,EB,Employee Benefits Liability,IL,DELETE,DB2-ACCESS,GBILDV01,GBILC001,programs/EB/gbildd01.cbl
GBILDV01,EB,Employee Benefits Liability,IL,DELETE,VSAM-ACCESS,,GBILC001,programs/EB/gbildv01.cbl
GBILRL01,EB,Employee Benefits Liability,IL,RATE,BUSINESS-LOGIC,GBILRD01,GBILC001,programs/EB/gbilrl01.cbl
GBILRD01,EB,Employee Benefits Liability,IL,RATE,DB2-ACCESS,,GBILC001,programs/EB/gbilrd01.cbl
GBILRV01,EB,Employee Benefits Liability,IL,RATE,VSAM-ACCESS,,GBILC001,programs/EB/gbilrv01.cbl
GBINAL01,EB,Employee Benefits Liability,IN,ADD,BUSINESS-LOGIC,GBINAD01,GBINC001,programs/EB/gbinal01.cbl
GBINAD01,EB,Employee Benefits Liability,IN,ADD,DB2-ACCESS,GBINAV01,GBINC001,programs/EB/gbinad01.cbl
GBINAV01,EB,Employee Benefits Liability,IN,ADD,VSAM-ACCESS,,GBINC001,programs/EB/gbinav01.cbl
GBINIL01,EB,Employee Benefits Liability,IN,INQUIRE,BUSINESS-LOGIC,GBINID01,GBINC001,programs/EB/gbinil01.cbl
GBINID01,EB,Employee Benefits Liability,IN,INQUIRE,DB2-ACCESS,,GBINC001,programs/EB/gbinid01.cbl
GBINIV01,EB,Employee Benefits Liability,IN,INQUIRE,VSAM-ACCESS,,GBINC001,programs/EB/gbiniv01.cbl
GBINUL01,EB,Employee Benefits Liability,IN,UPDATE,BUSINESS-LOGIC,GBINUD01,GBINC001,programs/EB/gbinul01.cbl
GBINUD01,EB,Employee Benefits Liability,IN,UPDATE,DB2-ACCESS,GBINUV01,GBINC001,programs/EB/gbinud01.cbl
GBINUV01,EB,Employee Benefits Liability,IN,UPDATE,VSAM-ACCESS,,GBINC001,programs/EB/gbinuv01.cbl
GBINDL01,EB,Employee Benefits Liability,IN,DELETE,BUSINESS-LOGIC,GBINDD01,GBINC001,programs/EB/gbindl01.cbl
GBINDD01,EB,Employee Benefits Liability,IN,DELETE,DB2-ACCESS,GBINDV01,GBINC001,programs/EB/gbindd01.cbl
GBINDV01,EB,Employee Benefits Liability,IN,DELETE,VSAM-ACCESS,,GBINC001,programs/EB/gbindv01.cbl
GBINRL01,EB,Employee Benefits Liability,IN,RATE,BUSINESS-LOGIC,GBINRD01,GBINC001,programs/EB/gbinrl01.cbl
GBINRD01,EB,Employee Benefits Liability,IN,RATE,DB2-ACCESS,,GBINC001,programs/EB/gbinrd01.cbl
GBINRV01,EB,Employee Benefits Liability,IN,RATE,VSAM-ACCESS,,GBINC001,programs/EB/gbinrv01.cbl
GBIAAL01,EB,Employee Benefits Liability,IA,ADD,BUSINESS-LOGIC,GBIAAD01,GBIAC001,programs/EB/gbiaal01.cbl
GBIAAD01,EB,Employee Benefits Liability,IA,ADD,DB2-ACCESS,GBIAAV01,GBIAC001,programs/EB/gbiaad01.cbl
GBIAAV01,EB,Employee Benefits Liability,IA,ADD,VSAM-ACCESS,,GBIAC001,programs/EB/gbiaav01.cbl
GBIAIL01,EB,Employee Benefits Liability,IA,INQUIRE,BUSINESS-LOGIC,GBIAID01,GBIAC001,programs/EB/gbiail01.cbl
GBIAID01,EB,Employee Benefits Liability,IA,INQUIRE,DB2-ACCESS,,GBIAC001,programs/EB/gbiaid01.cbl
GBIAIV01,EB,Employee Benefits Liability,IA,INQUIRE,VSAM-ACCESS,,GBIAC001,programs/EB/gbiaiv01.cbl
GBIAUL01,EB,Employee Benefits Liability,IA,UPDATE,BUSINESS-LOGIC,GBIAUD01,GBIAC001,programs/EB/gbiaul01.cbl
GBIAUD01,EB,Employee Benefits Liability,IA,UPDATE,DB2-ACCESS,GBIAUV01,GBIAC001,programs/EB/gbiaud01.cbl
GBIAUV01,EB,Employee Benefits Liability,IA,UPDATE,VSAM-ACCESS,,GBIAC001,programs/EB/gbiauv01.cbl
GBIADL01,EB,Employee Benefits Liability,IA,DELETE,BUSINESS-LOGIC,GBIADD01,GBIAC001,programs/EB/gbiadl01.cbl
GBIADD01,EB,Employee Benefits Liability,IA,DELETE,DB2-ACCESS,GBIADV01,GBIAC001,programs/EB/gbiadd01.cbl
GBIADV01,EB,Employee Benefits Liability,IA,DELETE,VSAM-ACCESS,,GBIAC001,programs/EB/gbiadv01.cbl
GBIARL01,EB,Employee Benefits Liability,IA,RATE,BUSINESS-LOGIC,GBIARD01,GBIAC001,programs/EB/gbiarl01.cbl
GBIARD01,EB,Employee Benefits Liability,IA,RATE,DB2-ACCESS,,GBIAC001,programs/EB/gbiard01.cbl
GBIARV01,EB,Employee Benefits Liability,IA,RATE,VSAM-ACCESS,,GBIAC001,programs/EB/gbiarv01.cbl
GBKSAL01,EB,Employee Benefits Liability,KS,ADD,BUSINESS-LOGIC,GBKSAD01,GBKSC001,programs/EB/gbksal01.cbl
GBKSAD01,EB,Employee Benefits Liability,KS,ADD,DB2-ACCESS,GBKSAV01,GBKSC001,programs/EB/gbksad01.cbl
GBKSAV01,EB,Employee Benefits Liability,KS,ADD,VSAM-ACCESS,,GBKSC001,programs/EB/gbksav01.cbl
GBKSIL01,EB,Employee Benefits Liability,KS,INQUIRE,BUSINESS-LOGIC,GBKSID01,GBKSC001,programs/EB/gbksil01.cbl
GBKSID01,EB,Employee Benefits Liability,KS,INQUIRE,DB2-ACCESS,,GBKSC001,programs/EB/gbksid01.cbl
GBKSIV01,EB,Employee Benefits Liability,KS,INQUIRE,VSAM-ACCESS,,GBKSC001,programs/EB/gbksiv01.cbl
GBKSUL01,EB,Employee Benefits Liability,KS,UPDATE,BUSINESS-LOGIC,GBKSUD01,GBKSC001,programs/EB/gbksul01.cbl
GBKSUD01,EB,Employee Benefits Liability,KS,UPDATE,DB2-ACCESS,GBKSUV01,GBKSC001,programs/EB/gbksud01.cbl
GBKSUV01,EB,Employee Benefits Liability,KS,UPDATE,VSAM-ACCESS,,GBKSC001,programs/EB/gbksuv01.cbl
GBKSDL01,EB,Employee Benefits Liability,KS,DELETE,BUSINESS-LOGIC,GBKSDD01,GBKSC001,programs/EB/gbksdl01.cbl
GBKSDD01,EB,Employee Benefits Liability,KS,DELETE,DB2-ACCESS,GBKSDV01,GBKSC001,programs/EB/gbksdd01.cbl
GBKSDV01,EB,Employee Benefits Liability,KS,DELETE,VSAM-ACCESS,,GBKSC001,programs/EB/gbksdv01.cbl
GBKSRL01,EB,Employee Benefits Liability,KS,RATE,BUSINESS-LOGIC,GBKSRD01,GBKSC001,programs/EB/gbksrl01.cbl
GBKSRD01,EB,Employee Benefits Liability,KS,RATE,DB2-ACCESS,,GBKSC001,programs/EB/gbksrd01.cbl
GBKSRV01,EB,Employee Benefits Liability,KS,RATE,VSAM-ACCESS,,GBKSC001,programs/EB/gbksrv01.cbl
GBKYAL01,EB,Employee Benefits Liability,KY,ADD,BUSINESS-LOGIC,GBKYAD01,GBKYC001,programs/EB/gbkyal01.cbl
GBKYAD01,EB,Employee Benefits Liability,KY,ADD,DB2-ACCESS,GBKYAV01,GBKYC001,programs/EB/gbkyad01.cbl
GBKYAV01,EB,Employee Benefits Liability,KY,ADD,VSAM-ACCESS,,GBKYC001,programs/EB/gbkyav01.cbl
GBKYIL01,EB,Employee Benefits Liability,KY,INQUIRE,BUSINESS-LOGIC,GBKYID01,GBKYC001,programs/EB/gbkyil01.cbl
GBKYID01,EB,Employee Benefits Liability,KY,INQUIRE,DB2-ACCESS,,GBKYC001,programs/EB/gbkyid01.cbl
GBKYIV01,EB,Employee Benefits Liability,KY,INQUIRE,VSAM-ACCESS,,GBKYC001,programs/EB/gbkyiv01.cbl
GBKYUL01,EB,Employee Benefits Liability,KY,UPDATE,BUSINESS-LOGIC,GBKYUD01,GBKYC001,programs/EB/gbkyul01.cbl
GBKYUD01,EB,Employee Benefits Liability,KY,UPDATE,DB2-ACCESS,GBKYUV01,GBKYC001,programs/EB/gbkyud01.cbl
GBKYUV01,EB,Employee Benefits Liability,KY,UPDATE,VSAM-ACCESS,,GBKYC001,programs/EB/gbkyuv01.cbl
GBKYDL01,EB,Employee Benefits Liability,KY,DELETE,BUSINESS-LOGIC,GBKYDD01,GBKYC001,programs/EB/gbkydl01.cbl
GBKYDD01,EB,Employee Benefits Liability,KY,DELETE,DB2-ACCESS,GBKYDV01,GBKYC001,programs/EB/gbkydd01.cbl
GBKYDV01,EB,Employee Benefits Liability,KY,DELETE,VSAM-ACCESS,,GBKYC001,programs/EB/gbkydv01.cbl
GBKYRL01,EB,Employee Benefits Liability,KY,RATE,BUSINESS-LOGIC,GBKYRD01,GBKYC001,programs/EB/gbkyrl01.cbl
GBKYRD01,EB,Employee Benefits Liability,KY,RATE,DB2-ACCESS,,GBKYC001,programs/EB/gbkyrd01.cbl
GBKYRV01,EB,Employee Benefits Liability,KY,RATE,VSAM-ACCESS,,GBKYC001,programs/EB/gbkyrv01.cbl
GBLAAL01,EB,Employee Benefits Liability,LA,ADD,BUSINESS-LOGIC,GBLAAD01,GBLAC001,programs/EB/gblaal01.cbl
GBLAAD01,EB,Employee Benefits Liability,LA,ADD,DB2-ACCESS,GBLAAV01,GBLAC001,programs/EB/gblaad01.cbl
GBLAAV01,EB,Employee Benefits Liability,LA,ADD,VSAM-ACCESS,,GBLAC001,programs/EB/gblaav01.cbl
GBLAIL01,EB,Employee Benefits Liability,LA,INQUIRE,BUSINESS-LOGIC,GBLAID01,GBLAC001,programs/EB/gblail01.cbl
GBLAID01,EB,Employee Benefits Liability,LA,INQUIRE,DB2-ACCESS,,GBLAC001,programs/EB/gblaid01.cbl
GBLAIV01,EB,Employee Benefits Liability,LA,INQUIRE,VSAM-ACCESS,,GBLAC001,programs/EB/gblaiv01.cbl
GBLAUL01,EB,Employee Benefits Liability,LA,UPDATE,BUSINESS-LOGIC,GBLAUD01,GBLAC001,programs/EB/gblaul01.cbl
GBLAUD01,EB,Employee Benefits Liability,LA,UPDATE,DB2-ACCESS,GBLAUV01,GBLAC001,programs/EB/gblaud01.cbl
GBLAUV01,EB,Employee Benefits Liability,LA,UPDATE,VSAM-ACCESS,,GBLAC001,programs/EB/gblauv01.cbl
GBLADL01,EB,Employee Benefits Liability,LA,DELETE,BUSINESS-LOGIC,GBLADD01,GBLAC001,programs/EB/gbladl01.cbl
GBLADD01,EB,Employee Benefits Liability,LA,DELETE,DB2-ACCESS,GBLADV01,GBLAC001,programs/EB/gbladd01.cbl
GBLADV01,EB,Employee Benefits Liability,LA,DELETE,VSAM-ACCESS,,GBLAC001,programs/EB/gbladv01.cbl
GBLARL01,EB,Employee Benefits Liability,LA,RATE,BUSINESS-LOGIC,GBLARD01,GBLAC001,programs/EB/gblarl01.cbl
GBLARD01,EB,Employee Benefits Liability,LA,RATE,DB2-ACCESS,,GBLAC001,programs/EB/gblard01.cbl
GBLARV01,EB,Employee Benefits Liability,LA,RATE,VSAM-ACCESS,,GBLAC001,programs/EB/gblarv01.cbl
GBMEAL01,EB,Employee Benefits Liability,ME,ADD,BUSINESS-LOGIC,GBMEAD01,GBMEC001,programs/EB/gbmeal01.cbl
GBMEAD01,EB,Employee Benefits Liability,ME,ADD,DB2-ACCESS,GBMEAV01,GBMEC001,programs/EB/gbmead01.cbl
GBMEAV01,EB,Employee Benefits Liability,ME,ADD,VSAM-ACCESS,,GBMEC001,programs/EB/gbmeav01.cbl
GBMEIL01,EB,Employee Benefits Liability,ME,INQUIRE,BUSINESS-LOGIC,GBMEID01,GBMEC001,programs/EB/gbmeil01.cbl
GBMEID01,EB,Employee Benefits Liability,ME,INQUIRE,DB2-ACCESS,,GBMEC001,programs/EB/gbmeid01.cbl
GBMEIV01,EB,Employee Benefits Liability,ME,INQUIRE,VSAM-ACCESS,,GBMEC001,programs/EB/gbmeiv01.cbl
GBMEUL01,EB,Employee Benefits Liability,ME,UPDATE,BUSINESS-LOGIC,GBMEUD01,GBMEC001,programs/EB/gbmeul01.cbl
GBMEUD01,EB,Employee Benefits Liability,ME,UPDATE,DB2-ACCESS,GBMEUV01,GBMEC001,programs/EB/gbmeud01.cbl
GBMEUV01,EB,Employee Benefits Liability,ME,UPDATE,VSAM-ACCESS,,GBMEC001,programs/EB/gbmeuv01.cbl
GBMEDL01,EB,Employee Benefits Liability,ME,DELETE,BUSINESS-LOGIC,GBMEDD01,GBMEC001,programs/EB/gbmedl01.cbl
GBMEDD01,EB,Employee Benefits Liability,ME,DELETE,DB2-ACCESS,GBMEDV01,GBMEC001,programs/EB/gbmedd01.cbl
GBMEDV01,EB,Employee Benefits Liability,ME,DELETE,VSAM-ACCESS,,GBMEC001,programs/EB/gbmedv01.cbl
GBMERL01,EB,Employee Benefits Liability,ME,RATE,BUSINESS-LOGIC,GBMERD01,GBMEC001,programs/EB/gbmerl01.cbl
GBMERD01,EB,Employee Benefits Liability,ME,RATE,DB2-ACCESS,,GBMEC001,programs/EB/gbmerd01.cbl
GBMERV01,EB,Employee Benefits Liability,ME,RATE,VSAM-ACCESS,,GBMEC001,programs/EB/gbmerv01.cbl
GBMDAL01,EB,Employee Benefits Liability,MD,ADD,BUSINESS-LOGIC,GBMDAD01,GBMDC001,programs/EB/gbmdal01.cbl
GBMDAD01,EB,Employee Benefits Liability,MD,ADD,DB2-ACCESS,GBMDAV01,GBMDC001,programs/EB/gbmdad01.cbl
GBMDAV01,EB,Employee Benefits Liability,MD,ADD,VSAM-ACCESS,,GBMDC001,programs/EB/gbmdav01.cbl
GBMDIL01,EB,Employee Benefits Liability,MD,INQUIRE,BUSINESS-LOGIC,GBMDID01,GBMDC001,programs/EB/gbmdil01.cbl
GBMDID01,EB,Employee Benefits Liability,MD,INQUIRE,DB2-ACCESS,,GBMDC001,programs/EB/gbmdid01.cbl
GBMDIV01,EB,Employee Benefits Liability,MD,INQUIRE,VSAM-ACCESS,,GBMDC001,programs/EB/gbmdiv01.cbl
GBMDUL01,EB,Employee Benefits Liability,MD,UPDATE,BUSINESS-LOGIC,GBMDUD01,GBMDC001,programs/EB/gbmdul01.cbl
GBMDUD01,EB,Employee Benefits Liability,MD,UPDATE,DB2-ACCESS,GBMDUV01,GBMDC001,programs/EB/gbmdud01.cbl
GBMDUV01,EB,Employee Benefits Liability,MD,UPDATE,VSAM-ACCESS,,GBMDC001,programs/EB/gbmduv01.cbl
GBMDDL01,EB,Employee Benefits Liability,MD,DELETE,BUSINESS-LOGIC,GBMDDD01,GBMDC001,programs/EB/gbmddl01.cbl
GBMDDD01,EB,Employee Benefits Liability,MD,DELETE,DB2-ACCESS,GBMDDV01,GBMDC001,programs/EB/gbmddd01.cbl
GBMDDV01,EB,Employee Benefits Liability,MD,DELETE,VSAM-ACCESS,,GBMDC001,programs/EB/gbmddv01.cbl
GBMDRL01,EB,Employee Benefits Liability,MD,RATE,BUSINESS-LOGIC,GBMDRD01,GBMDC001,programs/EB/gbmdrl01.cbl
GBMDRD01,EB,Employee Benefits Liability,MD,RATE,DB2-ACCESS,,GBMDC001,programs/EB/gbmdrd01.cbl
GBMDRV01,EB,Employee Benefits Liability,MD,RATE,VSAM-ACCESS,,GBMDC001,programs/EB/gbmdrv01.cbl
GBMAAL01,EB,Employee Benefits Liability,MA,ADD,BUSINESS-LOGIC,GBMAAD01,GBMAC001,programs/EB/gbmaal01.cbl
GBMAAD01,EB,Employee Benefits Liability,MA,ADD,DB2-ACCESS,GBMAAV01,GBMAC001,programs/EB/gbmaad01.cbl
GBMAAV01,EB,Employee Benefits Liability,MA,ADD,VSAM-ACCESS,,GBMAC001,programs/EB/gbmaav01.cbl
GBMAIL01,EB,Employee Benefits Liability,MA,INQUIRE,BUSINESS-LOGIC,GBMAID01,GBMAC001,programs/EB/gbmail01.cbl
GBMAID01,EB,Employee Benefits Liability,MA,INQUIRE,DB2-ACCESS,,GBMAC001,programs/EB/gbmaid01.cbl
GBMAIV01,EB,Employee Benefits Liability,MA,INQUIRE,VSAM-ACCESS,,GBMAC001,programs/EB/gbmaiv01.cbl
GBMAUL01,EB,Employee Benefits Liability,MA,UPDATE,BUSINESS-LOGIC,GBMAUD01,GBMAC001,programs/EB/gbmaul01.cbl
GBMAUD01,EB,Employee Benefits Liability,MA,UPDATE,DB2-ACCESS,GBMAUV01,GBMAC001,programs/EB/gbmaud01.cbl
GBMAUV01,EB,Employee Benefits Liability,MA,UPDATE,VSAM-ACCESS,,GBMAC001,programs/EB/gbmauv01.cbl
GBMADL01,EB,Employee Benefits Liability,MA,DELETE,BUSINESS-LOGIC,GBMADD01,GBMAC001,programs/EB/gbmadl01.cbl
GBMADD01,EB,Employee Benefits Liability,MA,DELETE,DB2-ACCESS,GBMADV01,GBMAC001,programs/EB/gbmadd01.cbl
GBMADV01,EB,Employee Benefits Liability,MA,DELETE,VSAM-ACCESS,,GBMAC001,programs/EB/gbmadv01.cbl
GBMARL01,EB,Employee Benefits Liability,MA,RATE,BUSINESS-LOGIC,GBMARD01,GBMAC001,programs/EB/gbmarl01.cbl
GBMARD01,EB,Employee Benefits Liability,MA,RATE,DB2-ACCESS,,GBMAC001,programs/EB/gbmard01.cbl
GBMARV01,EB,Employee Benefits Liability,MA,RATE,VSAM-ACCESS,,GBMAC001,programs/EB/gbmarv01.cbl
GBMIAL01,EB,Employee Benefits Liability,MI,ADD,BUSINESS-LOGIC,GBMIAD01,GBMIC001,programs/EB/gbmial01.cbl
GBMIAD01,EB,Employee Benefits Liability,MI,ADD,DB2-ACCESS,GBMIAV01,GBMIC001,programs/EB/gbmiad01.cbl
GBMIAV01,EB,Employee Benefits Liability,MI,ADD,VSAM-ACCESS,,GBMIC001,programs/EB/gbmiav01.cbl
GBMIIL01,EB,Employee Benefits Liability,MI,INQUIRE,BUSINESS-LOGIC,GBMIID01,GBMIC001,programs/EB/gbmiil01.cbl
GBMIID01,EB,Employee Benefits Liability,MI,INQUIRE,DB2-ACCESS,,GBMIC001,programs/EB/gbmiid01.cbl
GBMIIV01,EB,Employee Benefits Liability,MI,INQUIRE,VSAM-ACCESS,,GBMIC001,programs/EB/gbmiiv01.cbl
GBMIUL01,EB,Employee Benefits Liability,MI,UPDATE,BUSINESS-LOGIC,GBMIUD01,GBMIC001,programs/EB/gbmiul01.cbl
GBMIUD01,EB,Employee Benefits Liability,MI,UPDATE,DB2-ACCESS,GBMIUV01,GBMIC001,programs/EB/gbmiud01.cbl
GBMIUV01,EB,Employee Benefits Liability,MI,UPDATE,VSAM-ACCESS,,GBMIC001,programs/EB/gbmiuv01.cbl
GBMIDL01,EB,Employee Benefits Liability,MI,DELETE,BUSINESS-LOGIC,GBMIDD01,GBMIC001,programs/EB/gbmidl01.cbl
GBMIDD01,EB,Employee Benefits Liability,MI,DELETE,DB2-ACCESS,GBMIDV01,GBMIC001,programs/EB/gbmidd01.cbl
GBMIDV01,EB,Employee Benefits Liability,MI,DELETE,VSAM-ACCESS,,GBMIC001,programs/EB/gbmidv01.cbl
GBMIRL01,EB,Employee Benefits Liability,MI,RATE,BUSINESS-LOGIC,GBMIRD01,GBMIC001,programs/EB/gbmirl01.cbl
GBMIRD01,EB,Employee Benefits Liability,MI,RATE,DB2-ACCESS,,GBMIC001,programs/EB/gbmird01.cbl
GBMIRV01,EB,Employee Benefits Liability,MI,RATE,VSAM-ACCESS,,GBMIC001,programs/EB/gbmirv01.cbl
GBMNAL01,EB,Employee Benefits Liability,MN,ADD,BUSINESS-LOGIC,GBMNAD01,GBMNC001,programs/EB/gbmnal01.cbl
GBMNAD01,EB,Employee Benefits Liability,MN,ADD,DB2-ACCESS,GBMNAV01,GBMNC001,programs/EB/gbmnad01.cbl
GBMNAV01,EB,Employee Benefits Liability,MN,ADD,VSAM-ACCESS,,GBMNC001,programs/EB/gbmnav01.cbl
GBMNIL01,EB,Employee Benefits Liability,MN,INQUIRE,BUSINESS-LOGIC,GBMNID01,GBMNC001,programs/EB/gbmnil01.cbl
GBMNID01,EB,Employee Benefits Liability,MN,INQUIRE,DB2-ACCESS,,GBMNC001,programs/EB/gbmnid01.cbl
GBMNIV01,EB,Employee Benefits Liability,MN,INQUIRE,VSAM-ACCESS,,GBMNC001,programs/EB/gbmniv01.cbl
GBMNUL01,EB,Employee Benefits Liability,MN,UPDATE,BUSINESS-LOGIC,GBMNUD01,GBMNC001,programs/EB/gbmnul01.cbl
GBMNUD01,EB,Employee Benefits Liability,MN,UPDATE,DB2-ACCESS,GBMNUV01,GBMNC001,programs/EB/gbmnud01.cbl
GBMNUV01,EB,Employee Benefits Liability,MN,UPDATE,VSAM-ACCESS,,GBMNC001,programs/EB/gbmnuv01.cbl
GBMNDL01,EB,Employee Benefits Liability,MN,DELETE,BUSINESS-LOGIC,GBMNDD01,GBMNC001,programs/EB/gbmndl01.cbl
GBMNDD01,EB,Employee Benefits Liability,MN,DELETE,DB2-ACCESS,GBMNDV01,GBMNC001,programs/EB/gbmndd01.cbl
GBMNDV01,EB,Employee Benefits Liability,MN,DELETE,VSAM-ACCESS,,GBMNC001,programs/EB/gbmndv01.cbl
GBMNRL01,EB,Employee Benefits Liability,MN,RATE,BUSINESS-LOGIC,GBMNRD01,GBMNC001,programs/EB/gbmnrl01.cbl
GBMNRD01,EB,Employee Benefits Liability,MN,RATE,DB2-ACCESS,,GBMNC001,programs/EB/gbmnrd01.cbl
GBMNRV01,EB,Employee Benefits Liability,MN,RATE,VSAM-ACCESS,,GBMNC001,programs/EB/gbmnrv01.cbl
GBMSAL01,EB,Employee Benefits Liability,MS,ADD,BUSINESS-LOGIC,GBMSAD01,GBMSC001,programs/EB/gbmsal01.cbl
GBMSAD01,EB,Employee Benefits Liability,MS,ADD,DB2-ACCESS,GBMSAV01,GBMSC001,programs/EB/gbmsad01.cbl
GBMSAV01,EB,Employee Benefits Liability,MS,ADD,VSAM-ACCESS,,GBMSC001,programs/EB/gbmsav01.cbl
GBMSIL01,EB,Employee Benefits Liability,MS,INQUIRE,BUSINESS-LOGIC,GBMSID01,GBMSC001,programs/EB/gbmsil01.cbl
GBMSID01,EB,Employee Benefits Liability,MS,INQUIRE,DB2-ACCESS,,GBMSC001,programs/EB/gbmsid01.cbl
GBMSIV01,EB,Employee Benefits Liability,MS,INQUIRE,VSAM-ACCESS,,GBMSC001,programs/EB/gbmsiv01.cbl
GBMSUL01,EB,Employee Benefits Liability,MS,UPDATE,BUSINESS-LOGIC,GBMSUD01,GBMSC001,programs/EB/gbmsul01.cbl
GBMSUD01,EB,Employee Benefits Liability,MS,UPDATE,DB2-ACCESS,GBMSUV01,GBMSC001,programs/EB/gbmsud01.cbl
GBMSUV01,EB,Employee Benefits Liability,MS,UPDATE,VSAM-ACCESS,,GBMSC001,programs/EB/gbmsuv01.cbl
GBMSDL01,EB,Employee Benefits Liability,MS,DELETE,BUSINESS-LOGIC,GBMSDD01,GBMSC001,programs/EB/gbmsdl01.cbl
GBMSDD01,EB,Employee Benefits Liability,MS,DELETE,DB2-ACCESS,GBMSDV01,GBMSC001,programs/EB/gbmsdd01.cbl
GBMSDV01,EB,Employee Benefits Liability,MS,DELETE,VSAM-ACCESS,,GBMSC001,programs/EB/gbmsdv01.cbl
GBMSRL01,EB,Employee Benefits Liability,MS,RATE,BUSINESS-LOGIC,GBMSRD01,GBMSC001,programs/EB/gbmsrl01.cbl
GBMSRD01,EB,Employee Benefits Liability,MS,RATE,DB2-ACCESS,,GBMSC001,programs/EB/gbmsrd01.cbl
GBMSRV01,EB,Employee Benefits Liability,MS,RATE,VSAM-ACCESS,,GBMSC001,programs/EB/gbmsrv01.cbl
GBMOAL01,EB,Employee Benefits Liability,MO,ADD,BUSINESS-LOGIC,GBMOAD01,GBMOC001,programs/EB/gbmoal01.cbl
GBMOAD01,EB,Employee Benefits Liability,MO,ADD,DB2-ACCESS,GBMOAV01,GBMOC001,programs/EB/gbmoad01.cbl
GBMOAV01,EB,Employee Benefits Liability,MO,ADD,VSAM-ACCESS,,GBMOC001,programs/EB/gbmoav01.cbl
GBMOIL01,EB,Employee Benefits Liability,MO,INQUIRE,BUSINESS-LOGIC,GBMOID01,GBMOC001,programs/EB/gbmoil01.cbl
GBMOID01,EB,Employee Benefits Liability,MO,INQUIRE,DB2-ACCESS,,GBMOC001,programs/EB/gbmoid01.cbl
GBMOIV01,EB,Employee Benefits Liability,MO,INQUIRE,VSAM-ACCESS,,GBMOC001,programs/EB/gbmoiv01.cbl
GBMOUL01,EB,Employee Benefits Liability,MO,UPDATE,BUSINESS-LOGIC,GBMOUD01,GBMOC001,programs/EB/gbmoul01.cbl
GBMOUD01,EB,Employee Benefits Liability,MO,UPDATE,DB2-ACCESS,GBMOUV01,GBMOC001,programs/EB/gbmoud01.cbl
GBMOUV01,EB,Employee Benefits Liability,MO,UPDATE,VSAM-ACCESS,,GBMOC001,programs/EB/gbmouv01.cbl
GBMODL01,EB,Employee Benefits Liability,MO,DELETE,BUSINESS-LOGIC,GBMODD01,GBMOC001,programs/EB/gbmodl01.cbl
GBMODD01,EB,Employee Benefits Liability,MO,DELETE,DB2-ACCESS,GBMODV01,GBMOC001,programs/EB/gbmodd01.cbl
GBMODV01,EB,Employee Benefits Liability,MO,DELETE,VSAM-ACCESS,,GBMOC001,programs/EB/gbmodv01.cbl
GBMORL01,EB,Employee Benefits Liability,MO,RATE,BUSINESS-LOGIC,GBMORD01,GBMOC001,programs/EB/gbmorl01.cbl
GBMORD01,EB,Employee Benefits Liability,MO,RATE,DB2-ACCESS,,GBMOC001,programs/EB/gbmord01.cbl
GBMORV01,EB,Employee Benefits Liability,MO,RATE,VSAM-ACCESS,,GBMOC001,programs/EB/gbmorv01.cbl
GBMTAL01,EB,Employee Benefits Liability,MT,ADD,BUSINESS-LOGIC,GBMTAD01,GBMTC001,programs/EB/gbmtal01.cbl
GBMTAD01,EB,Employee Benefits Liability,MT,ADD,DB2-ACCESS,GBMTAV01,GBMTC001,programs/EB/gbmtad01.cbl
GBMTAV01,EB,Employee Benefits Liability,MT,ADD,VSAM-ACCESS,,GBMTC001,programs/EB/gbmtav01.cbl
GBMTIL01,EB,Employee Benefits Liability,MT,INQUIRE,BUSINESS-LOGIC,GBMTID01,GBMTC001,programs/EB/gbmtil01.cbl
GBMTID01,EB,Employee Benefits Liability,MT,INQUIRE,DB2-ACCESS,,GBMTC001,programs/EB/gbmtid01.cbl
GBMTIV01,EB,Employee Benefits Liability,MT,INQUIRE,VSAM-ACCESS,,GBMTC001,programs/EB/gbmtiv01.cbl
GBMTUL01,EB,Employee Benefits Liability,MT,UPDATE,BUSINESS-LOGIC,GBMTUD01,GBMTC001,programs/EB/gbmtul01.cbl
GBMTUD01,EB,Employee Benefits Liability,MT,UPDATE,DB2-ACCESS,GBMTUV01,GBMTC001,programs/EB/gbmtud01.cbl
GBMTUV01,EB,Employee Benefits Liability,MT,UPDATE,VSAM-ACCESS,,GBMTC001,programs/EB/gbmtuv01.cbl
GBMTDL01,EB,Employee Benefits Liability,MT,DELETE,BUSINESS-LOGIC,GBMTDD01,GBMTC001,programs/EB/gbmtdl01.cbl
GBMTDD01,EB,Employee Benefits Liability,MT,DELETE,DB2-ACCESS,GBMTDV01,GBMTC001,programs/EB/gbmtdd01.cbl
GBMTDV01,EB,Employee Benefits Liability,MT,DELETE,VSAM-ACCESS,,GBMTC001,programs/EB/gbmtdv01.cbl
GBMTRL01,EB,Employee Benefits Liability,MT,RATE,BUSINESS-LOGIC,GBMTRD01,GBMTC001,programs/EB/gbmtrl01.cbl
GBMTRD01,EB,Employee Benefits Liability,MT,RATE,DB2-ACCESS,,GBMTC001,programs/EB/gbmtrd01.cbl
GBMTRV01,EB,Employee Benefits Liability,MT,RATE,VSAM-ACCESS,,GBMTC001,programs/EB/gbmtrv01.cbl
GBNEAL01,EB,Employee Benefits Liability,NE,ADD,BUSINESS-LOGIC,GBNEAD01,GBNEC001,programs/EB/gbneal01.cbl
GBNEAD01,EB,Employee Benefits Liability,NE,ADD,DB2-ACCESS,GBNEAV01,GBNEC001,programs/EB/gbnead01.cbl
GBNEAV01,EB,Employee Benefits Liability,NE,ADD,VSAM-ACCESS,,GBNEC001,programs/EB/gbneav01.cbl
GBNEIL01,EB,Employee Benefits Liability,NE,INQUIRE,BUSINESS-LOGIC,GBNEID01,GBNEC001,programs/EB/gbneil01.cbl
GBNEID01,EB,Employee Benefits Liability,NE,INQUIRE,DB2-ACCESS,,GBNEC001,programs/EB/gbneid01.cbl
GBNEIV01,EB,Employee Benefits Liability,NE,INQUIRE,VSAM-ACCESS,,GBNEC001,programs/EB/gbneiv01.cbl
GBNEUL01,EB,Employee Benefits Liability,NE,UPDATE,BUSINESS-LOGIC,GBNEUD01,GBNEC001,programs/EB/gbneul01.cbl
GBNEUD01,EB,Employee Benefits Liability,NE,UPDATE,DB2-ACCESS,GBNEUV01,GBNEC001,programs/EB/gbneud01.cbl
GBNEUV01,EB,Employee Benefits Liability,NE,UPDATE,VSAM-ACCESS,,GBNEC001,programs/EB/gbneuv01.cbl
GBNEDL01,EB,Employee Benefits Liability,NE,DELETE,BUSINESS-LOGIC,GBNEDD01,GBNEC001,programs/EB/gbnedl01.cbl
GBNEDD01,EB,Employee Benefits Liability,NE,DELETE,DB2-ACCESS,GBNEDV01,GBNEC001,programs/EB/gbnedd01.cbl
GBNEDV01,EB,Employee Benefits Liability,NE,DELETE,VSAM-ACCESS,,GBNEC001,programs/EB/gbnedv01.cbl
GBNERL01,EB,Employee Benefits Liability,NE,RATE,BUSINESS-LOGIC,GBNERD01,GBNEC001,programs/EB/gbnerl01.cbl
GBNERD01,EB,Employee Benefits Liability,NE,RATE,DB2-ACCESS,,GBNEC001,programs/EB/gbnerd01.cbl
GBNERV01,EB,Employee Benefits Liability,NE,RATE,VSAM-ACCESS,,GBNEC001,programs/EB/gbnerv01.cbl
GBNVAL01,EB,Employee Benefits Liability,NV,ADD,BUSINESS-LOGIC,GBNVAD01,GBNVC001,programs/EB/gbnval01.cbl
GBNVAD01,EB,Employee Benefits Liability,NV,ADD,DB2-ACCESS,GBNVAV01,GBNVC001,programs/EB/gbnvad01.cbl
GBNVAV01,EB,Employee Benefits Liability,NV,ADD,VSAM-ACCESS,,GBNVC001,programs/EB/gbnvav01.cbl
GBNVIL01,EB,Employee Benefits Liability,NV,INQUIRE,BUSINESS-LOGIC,GBNVID01,GBNVC001,programs/EB/gbnvil01.cbl
GBNVID01,EB,Employee Benefits Liability,NV,INQUIRE,DB2-ACCESS,,GBNVC001,programs/EB/gbnvid01.cbl
GBNVIV01,EB,Employee Benefits Liability,NV,INQUIRE,VSAM-ACCESS,,GBNVC001,programs/EB/gbnviv01.cbl
GBNVUL01,EB,Employee Benefits Liability,NV,UPDATE,BUSINESS-LOGIC,GBNVUD01,GBNVC001,programs/EB/gbnvul01.cbl
GBNVUD01,EB,Employee Benefits Liability,NV,UPDATE,DB2-ACCESS,GBNVUV01,GBNVC001,programs/EB/gbnvud01.cbl
GBNVUV01,EB,Employee Benefits Liability,NV,UPDATE,VSAM-ACCESS,,GBNVC001,programs/EB/gbnvuv01.cbl
GBNVDL01,EB,Employee Benefits Liability,NV,DELETE,BUSINESS-LOGIC,GBNVDD01,GBNVC001,programs/EB/gbnvdl01.cbl
GBNVDD01,EB,Employee Benefits Liability,NV,DELETE,DB2-ACCESS,GBNVDV01,GBNVC001,programs/EB/gbnvdd01.cbl
GBNVDV01,EB,Employee Benefits Liability,NV,DELETE,VSAM-ACCESS,,GBNVC001,programs/EB/gbnvdv01.cbl
GBNVRL01,EB,Employee Benefits Liability,NV,RATE,BUSINESS-LOGIC,GBNVRD01,GBNVC001,programs/EB/gbnvrl01.cbl
GBNVRD01,EB,Employee Benefits Liability,NV,RATE,DB2-ACCESS,,GBNVC001,programs/EB/gbnvrd01.cbl
GBNVRV01,EB,Employee Benefits Liability,NV,RATE,VSAM-ACCESS,,GBNVC001,programs/EB/gbnvrv01.cbl
GBNHAL01,EB,Employee Benefits Liability,NH,ADD,BUSINESS-LOGIC,GBNHAD01,GBNHC001,programs/EB/gbnhal01.cbl
GBNHAD01,EB,Employee Benefits Liability,NH,ADD,DB2-ACCESS,GBNHAV01,GBNHC001,programs/EB/gbnhad01.cbl
GBNHAV01,EB,Employee Benefits Liability,NH,ADD,VSAM-ACCESS,,GBNHC001,programs/EB/gbnhav01.cbl
GBNHIL01,EB,Employee Benefits Liability,NH,INQUIRE,BUSINESS-LOGIC,GBNHID01,GBNHC001,programs/EB/gbnhil01.cbl
GBNHID01,EB,Employee Benefits Liability,NH,INQUIRE,DB2-ACCESS,,GBNHC001,programs/EB/gbnhid01.cbl
GBNHIV01,EB,Employee Benefits Liability,NH,INQUIRE,VSAM-ACCESS,,GBNHC001,programs/EB/gbnhiv01.cbl
GBNHUL01,EB,Employee Benefits Liability,NH,UPDATE,BUSINESS-LOGIC,GBNHUD01,GBNHC001,programs/EB/gbnhul01.cbl
GBNHUD01,EB,Employee Benefits Liability,NH,UPDATE,DB2-ACCESS,GBNHUV01,GBNHC001,programs/EB/gbnhud01.cbl
GBNHUV01,EB,Employee Benefits Liability,NH,UPDATE,VSAM-ACCESS,,GBNHC001,programs/EB/gbnhuv01.cbl
GBNHDL01,EB,Employee Benefits Liability,NH,DELETE,BUSINESS-LOGIC,GBNHDD01,GBNHC001,programs/EB/gbnhdl01.cbl
GBNHDD01,EB,Employee Benefits Liability,NH,DELETE,DB2-ACCESS,GBNHDV01,GBNHC001,programs/EB/gbnhdd01.cbl
GBNHDV01,EB,Employee Benefits Liability,NH,DELETE,VSAM-ACCESS,,GBNHC001,programs/EB/gbnhdv01.cbl
GBNHRL01,EB,Employee Benefits Liability,NH,RATE,BUSINESS-LOGIC,GBNHRD01,GBNHC001,programs/EB/gbnhrl01.cbl
GBNHRD01,EB,Employee Benefits Liability,NH,RATE,DB2-ACCESS,,GBNHC001,programs/EB/gbnhrd01.cbl
GBNHRV01,EB,Employee Benefits Liability,NH,RATE,VSAM-ACCESS,,GBNHC001,programs/EB/gbnhrv01.cbl
GBNJAL01,EB,Employee Benefits Liability,NJ,ADD,BUSINESS-LOGIC,GBNJAD01,GBNJC001,programs/EB/gbnjal01.cbl
GBNJAD01,EB,Employee Benefits Liability,NJ,ADD,DB2-ACCESS,GBNJAV01,GBNJC001,programs/EB/gbnjad01.cbl
GBNJAV01,EB,Employee Benefits Liability,NJ,ADD,VSAM-ACCESS,,GBNJC001,programs/EB/gbnjav01.cbl
GBNJIL01,EB,Employee Benefits Liability,NJ,INQUIRE,BUSINESS-LOGIC,GBNJID01,GBNJC001,programs/EB/gbnjil01.cbl
GBNJID01,EB,Employee Benefits Liability,NJ,INQUIRE,DB2-ACCESS,,GBNJC001,programs/EB/gbnjid01.cbl
GBNJIV01,EB,Employee Benefits Liability,NJ,INQUIRE,VSAM-ACCESS,,GBNJC001,programs/EB/gbnjiv01.cbl
GBNJUL01,EB,Employee Benefits Liability,NJ,UPDATE,BUSINESS-LOGIC,GBNJUD01,GBNJC001,programs/EB/gbnjul01.cbl
GBNJUD01,EB,Employee Benefits Liability,NJ,UPDATE,DB2-ACCESS,GBNJUV01,GBNJC001,programs/EB/gbnjud01.cbl
GBNJUV01,EB,Employee Benefits Liability,NJ,UPDATE,VSAM-ACCESS,,GBNJC001,programs/EB/gbnjuv01.cbl
GBNJDL01,EB,Employee Benefits Liability,NJ,DELETE,BUSINESS-LOGIC,GBNJDD01,GBNJC001,programs/EB/gbnjdl01.cbl
GBNJDD01,EB,Employee Benefits Liability,NJ,DELETE,DB2-ACCESS,GBNJDV01,GBNJC001,programs/EB/gbnjdd01.cbl
GBNJDV01,EB,Employee Benefits Liability,NJ,DELETE,VSAM-ACCESS,,GBNJC001,programs/EB/gbnjdv01.cbl
GBNJRL01,EB,Employee Benefits Liability,NJ,RATE,BUSINESS-LOGIC,GBNJRD01,GBNJC001,programs/EB/gbnjrl01.cbl
GBNJRD01,EB,Employee Benefits Liability,NJ,RATE,DB2-ACCESS,,GBNJC001,programs/EB/gbnjrd01.cbl
GBNJRV01,EB,Employee Benefits Liability,NJ,RATE,VSAM-ACCESS,,GBNJC001,programs/EB/gbnjrv01.cbl
GBNMAL01,EB,Employee Benefits Liability,NM,ADD,BUSINESS-LOGIC,GBNMAD01,GBNMC001,programs/EB/gbnmal01.cbl
GBNMAD01,EB,Employee Benefits Liability,NM,ADD,DB2-ACCESS,GBNMAV01,GBNMC001,programs/EB/gbnmad01.cbl
GBNMAV01,EB,Employee Benefits Liability,NM,ADD,VSAM-ACCESS,,GBNMC001,programs/EB/gbnmav01.cbl
GBNMIL01,EB,Employee Benefits Liability,NM,INQUIRE,BUSINESS-LOGIC,GBNMID01,GBNMC001,programs/EB/gbnmil01.cbl
GBNMID01,EB,Employee Benefits Liability,NM,INQUIRE,DB2-ACCESS,,GBNMC001,programs/EB/gbnmid01.cbl
GBNMIV01,EB,Employee Benefits Liability,NM,INQUIRE,VSAM-ACCESS,,GBNMC001,programs/EB/gbnmiv01.cbl
GBNMUL01,EB,Employee Benefits Liability,NM,UPDATE,BUSINESS-LOGIC,GBNMUD01,GBNMC001,programs/EB/gbnmul01.cbl
GBNMUD01,EB,Employee Benefits Liability,NM,UPDATE,DB2-ACCESS,GBNMUV01,GBNMC001,programs/EB/gbnmud01.cbl
GBNMUV01,EB,Employee Benefits Liability,NM,UPDATE,VSAM-ACCESS,,GBNMC001,programs/EB/gbnmuv01.cbl
GBNMDL01,EB,Employee Benefits Liability,NM,DELETE,BUSINESS-LOGIC,GBNMDD01,GBNMC001,programs/EB/gbnmdl01.cbl
GBNMDD01,EB,Employee Benefits Liability,NM,DELETE,DB2-ACCESS,GBNMDV01,GBNMC001,programs/EB/gbnmdd01.cbl
GBNMDV01,EB,Employee Benefits Liability,NM,DELETE,VSAM-ACCESS,,GBNMC001,programs/EB/gbnmdv01.cbl
GBNMRL01,EB,Employee Benefits Liability,NM,RATE,BUSINESS-LOGIC,GBNMRD01,GBNMC001,programs/EB/gbnmrl01.cbl
GBNMRD01,EB,Employee Benefits Liability,NM,RATE,DB2-ACCESS,,GBNMC001,programs/EB/gbnmrd01.cbl
GBNMRV01,EB,Employee Benefits Liability,NM,RATE,VSAM-ACCESS,,GBNMC001,programs/EB/gbnmrv01.cbl
GBNYAL01,EB,Employee Benefits Liability,NY,ADD,BUSINESS-LOGIC,GBNYAD01,GBNYC001,programs/EB/gbnyal01.cbl
GBNYAD01,EB,Employee Benefits Liability,NY,ADD,DB2-ACCESS,GBNYAV01,GBNYC001,programs/EB/gbnyad01.cbl
GBNYAV01,EB,Employee Benefits Liability,NY,ADD,VSAM-ACCESS,,GBNYC001,programs/EB/gbnyav01.cbl
GBNYIL01,EB,Employee Benefits Liability,NY,INQUIRE,BUSINESS-LOGIC,GBNYID01,GBNYC001,programs/EB/gbnyil01.cbl
GBNYID01,EB,Employee Benefits Liability,NY,INQUIRE,DB2-ACCESS,,GBNYC001,programs/EB/gbnyid01.cbl
GBNYIV01,EB,Employee Benefits Liability,NY,INQUIRE,VSAM-ACCESS,,GBNYC001,programs/EB/gbnyiv01.cbl
GBNYUL01,EB,Employee Benefits Liability,NY,UPDATE,BUSINESS-LOGIC,GBNYUD01,GBNYC001,programs/EB/gbnyul01.cbl
GBNYUD01,EB,Employee Benefits Liability,NY,UPDATE,DB2-ACCESS,GBNYUV01,GBNYC001,programs/EB/gbnyud01.cbl
GBNYUV01,EB,Employee Benefits Liability,NY,UPDATE,VSAM-ACCESS,,GBNYC001,programs/EB/gbnyuv01.cbl
GBNYDL01,EB,Employee Benefits Liability,NY,DELETE,BUSINESS-LOGIC,GBNYDD01,GBNYC001,programs/EB/gbnydl01.cbl
GBNYDD01,EB,Employee Benefits Liability,NY,DELETE,DB2-ACCESS,GBNYDV01,GBNYC001,programs/EB/gbnydd01.cbl
GBNYDV01,EB,Employee Benefits Liability,NY,DELETE,VSAM-ACCESS,,GBNYC001,programs/EB/gbnydv01.cbl
GBNYRL01,EB,Employee Benefits Liability,NY,RATE,BUSINESS-LOGIC,GBNYRD01,GBNYC001,programs/EB/gbnyrl01.cbl
GBNYRD01,EB,Employee Benefits Liability,NY,RATE,DB2-ACCESS,,GBNYC001,programs/EB/gbnyrd01.cbl
GBNYRV01,EB,Employee Benefits Liability,NY,RATE,VSAM-ACCESS,,GBNYC001,programs/EB/gbnyrv01.cbl
GBNCAL01,EB,Employee Benefits Liability,NC,ADD,BUSINESS-LOGIC,GBNCAD01,GBNCC001,programs/EB/gbncal01.cbl
GBNCAD01,EB,Employee Benefits Liability,NC,ADD,DB2-ACCESS,GBNCAV01,GBNCC001,programs/EB/gbncad01.cbl
GBNCAV01,EB,Employee Benefits Liability,NC,ADD,VSAM-ACCESS,,GBNCC001,programs/EB/gbncav01.cbl
GBNCIL01,EB,Employee Benefits Liability,NC,INQUIRE,BUSINESS-LOGIC,GBNCID01,GBNCC001,programs/EB/gbncil01.cbl
GBNCID01,EB,Employee Benefits Liability,NC,INQUIRE,DB2-ACCESS,,GBNCC001,programs/EB/gbncid01.cbl
GBNCIV01,EB,Employee Benefits Liability,NC,INQUIRE,VSAM-ACCESS,,GBNCC001,programs/EB/gbnciv01.cbl
GBNCUL01,EB,Employee Benefits Liability,NC,UPDATE,BUSINESS-LOGIC,GBNCUD01,GBNCC001,programs/EB/gbncul01.cbl
GBNCUD01,EB,Employee Benefits Liability,NC,UPDATE,DB2-ACCESS,GBNCUV01,GBNCC001,programs/EB/gbncud01.cbl
GBNCUV01,EB,Employee Benefits Liability,NC,UPDATE,VSAM-ACCESS,,GBNCC001,programs/EB/gbncuv01.cbl
GBNCDL01,EB,Employee Benefits Liability,NC,DELETE,BUSINESS-LOGIC,GBNCDD01,GBNCC001,programs/EB/gbncdl01.cbl
GBNCDD01,EB,Employee Benefits Liability,NC,DELETE,DB2-ACCESS,GBNCDV01,GBNCC001,programs/EB/gbncdd01.cbl
GBNCDV01,EB,Employee Benefits Liability,NC,DELETE,VSAM-ACCESS,,GBNCC001,programs/EB/gbncdv01.cbl
GBNCRL01,EB,Employee Benefits Liability,NC,RATE,BUSINESS-LOGIC,GBNCRD01,GBNCC001,programs/EB/gbncrl01.cbl
GBNCRD01,EB,Employee Benefits Liability,NC,RATE,DB2-ACCESS,,GBNCC001,programs/EB/gbncrd01.cbl
GBNCRV01,EB,Employee Benefits Liability,NC,RATE,VSAM-ACCESS,,GBNCC001,programs/EB/gbncrv01.cbl
GBNDAL01,EB,Employee Benefits Liability,ND,ADD,BUSINESS-LOGIC,GBNDAD01,GBNDC001,programs/EB/gbndal01.cbl
GBNDAD01,EB,Employee Benefits Liability,ND,ADD,DB2-ACCESS,GBNDAV01,GBNDC001,programs/EB/gbndad01.cbl
GBNDAV01,EB,Employee Benefits Liability,ND,ADD,VSAM-ACCESS,,GBNDC001,programs/EB/gbndav01.cbl
GBNDIL01,EB,Employee Benefits Liability,ND,INQUIRE,BUSINESS-LOGIC,GBNDID01,GBNDC001,programs/EB/gbndil01.cbl
GBNDID01,EB,Employee Benefits Liability,ND,INQUIRE,DB2-ACCESS,,GBNDC001,programs/EB/gbndid01.cbl
GBNDIV01,EB,Employee Benefits Liability,ND,INQUIRE,VSAM-ACCESS,,GBNDC001,programs/EB/gbndiv01.cbl
GBNDUL01,EB,Employee Benefits Liability,ND,UPDATE,BUSINESS-LOGIC,GBNDUD01,GBNDC001,programs/EB/gbndul01.cbl
GBNDUD01,EB,Employee Benefits Liability,ND,UPDATE,DB2-ACCESS,GBNDUV01,GBNDC001,programs/EB/gbndud01.cbl
GBNDUV01,EB,Employee Benefits Liability,ND,UPDATE,VSAM-ACCESS,,GBNDC001,programs/EB/gbnduv01.cbl
GBNDDL01,EB,Employee Benefits Liability,ND,DELETE,BUSINESS-LOGIC,GBNDDD01,GBNDC001,programs/EB/gbnddl01.cbl
GBNDDD01,EB,Employee Benefits Liability,ND,DELETE,DB2-ACCESS,GBNDDV01,GBNDC001,programs/EB/gbnddd01.cbl
GBNDDV01,EB,Employee Benefits Liability,ND,DELETE,VSAM-ACCESS,,GBNDC001,programs/EB/gbnddv01.cbl
GBNDRL01,EB,Employee Benefits Liability,ND,RATE,BUSINESS-LOGIC,GBNDRD01,GBNDC001,programs/EB/gbndrl01.cbl
GBNDRD01,EB,Employee Benefits Liability,ND,RATE,DB2-ACCESS,,GBNDC001,programs/EB/gbndrd01.cbl
GBNDRV01,EB,Employee Benefits Liability,ND,RATE,VSAM-ACCESS,,GBNDC001,programs/EB/gbndrv01.cbl
GBOHAL01,EB,Employee Benefits Liability,OH,ADD,BUSINESS-LOGIC,GBOHAD01,GBOHC001,programs/EB/gbohal01.cbl
GBOHAD01,EB,Employee Benefits Liability,OH,ADD,DB2-ACCESS,GBOHAV01,GBOHC001,programs/EB/gbohad01.cbl
GBOHAV01,EB,Employee Benefits Liability,OH,ADD,VSAM-ACCESS,,GBOHC001,programs/EB/gbohav01.cbl
GBOHIL01,EB,Employee Benefits Liability,OH,INQUIRE,BUSINESS-LOGIC,GBOHID01,GBOHC001,programs/EB/gbohil01.cbl
GBOHID01,EB,Employee Benefits Liability,OH,INQUIRE,DB2-ACCESS,,GBOHC001,programs/EB/gbohid01.cbl
GBOHIV01,EB,Employee Benefits Liability,OH,INQUIRE,VSAM-ACCESS,,GBOHC001,programs/EB/gbohiv01.cbl
GBOHUL01,EB,Employee Benefits Liability,OH,UPDATE,BUSINESS-LOGIC,GBOHUD01,GBOHC001,programs/EB/gbohul01.cbl
GBOHUD01,EB,Employee Benefits Liability,OH,UPDATE,DB2-ACCESS,GBOHUV01,GBOHC001,programs/EB/gbohud01.cbl
GBOHUV01,EB,Employee Benefits Liability,OH,UPDATE,VSAM-ACCESS,,GBOHC001,programs/EB/gbohuv01.cbl
GBOHDL01,EB,Employee Benefits Liability,OH,DELETE,BUSINESS-LOGIC,GBOHDD01,GBOHC001,programs/EB/gbohdl01.cbl
GBOHDD01,EB,Employee Benefits Liability,OH,DELETE,DB2-ACCESS,GBOHDV01,GBOHC001,programs/EB/gbohdd01.cbl
GBOHDV01,EB,Employee Benefits Liability,OH,DELETE,VSAM-ACCESS,,GBOHC001,programs/EB/gbohdv01.cbl
GBOHRL01,EB,Employee Benefits Liability,OH,RATE,BUSINESS-LOGIC,GBOHRD01,GBOHC001,programs/EB/gbohrl01.cbl
GBOHRD01,EB,Employee Benefits Liability,OH,RATE,DB2-ACCESS,,GBOHC001,programs/EB/gbohrd01.cbl
GBOHRV01,EB,Employee Benefits Liability,OH,RATE,VSAM-ACCESS,,GBOHC001,programs/EB/gbohrv01.cbl
GBOKAL01,EB,Employee Benefits Liability,OK,ADD,BUSINESS-LOGIC,GBOKAD01,GBOKC001,programs/EB/gbokal01.cbl
GBOKAD01,EB,Employee Benefits Liability,OK,ADD,DB2-ACCESS,GBOKAV01,GBOKC001,programs/EB/gbokad01.cbl
GBOKAV01,EB,Employee Benefits Liability,OK,ADD,VSAM-ACCESS,,GBOKC001,programs/EB/gbokav01.cbl
GBOKIL01,EB,Employee Benefits Liability,OK,INQUIRE,BUSINESS-LOGIC,GBOKID01,GBOKC001,programs/EB/gbokil01.cbl
GBOKID01,EB,Employee Benefits Liability,OK,INQUIRE,DB2-ACCESS,,GBOKC001,programs/EB/gbokid01.cbl
GBOKIV01,EB,Employee Benefits Liability,OK,INQUIRE,VSAM-ACCESS,,GBOKC001,programs/EB/gbokiv01.cbl
GBOKUL01,EB,Employee Benefits Liability,OK,UPDATE,BUSINESS-LOGIC,GBOKUD01,GBOKC001,programs/EB/gbokul01.cbl
GBOKUD01,EB,Employee Benefits Liability,OK,UPDATE,DB2-ACCESS,GBOKUV01,GBOKC001,programs/EB/gbokud01.cbl
GBOKUV01,EB,Employee Benefits Liability,OK,UPDATE,VSAM-ACCESS,,GBOKC001,programs/EB/gbokuv01.cbl
GBOKDL01,EB,Employee Benefits Liability,OK,DELETE,BUSINESS-LOGIC,GBOKDD01,GBOKC001,programs/EB/gbokdl01.cbl
GBOKDD01,EB,Employee Benefits Liability,OK,DELETE,DB2-ACCESS,GBOKDV01,GBOKC001,programs/EB/gbokdd01.cbl
GBOKDV01,EB,Employee Benefits Liability,OK,DELETE,VSAM-ACCESS,,GBOKC001,programs/EB/gbokdv01.cbl
GBOKRL01,EB,Employee Benefits Liability,OK,RATE,BUSINESS-LOGIC,GBOKRD01,GBOKC001,programs/EB/gbokrl01.cbl
GBOKRD01,EB,Employee Benefits Liability,OK,RATE,DB2-ACCESS,,GBOKC001,programs/EB/gbokrd01.cbl
GBOKRV01,EB,Employee Benefits Liability,OK,RATE,VSAM-ACCESS,,GBOKC001,programs/EB/gbokrv01.cbl
GBORAL01,EB,Employee Benefits Liability,OR,ADD,BUSINESS-LOGIC,GBORAD01,GBORC001,programs/EB/gboral01.cbl
GBORAD01,EB,Employee Benefits Liability,OR,ADD,DB2-ACCESS,GBORAV01,GBORC001,programs/EB/gborad01.cbl
GBORAV01,EB,Employee Benefits Liability,OR,ADD,VSAM-ACCESS,,GBORC001,programs/EB/gborav01.cbl
GBORIL01,EB,Employee Benefits Liability,OR,INQUIRE,BUSINESS-LOGIC,GBORID01,GBORC001,programs/EB/gboril01.cbl
GBORID01,EB,Employee Benefits Liability,OR,INQUIRE,DB2-ACCESS,,GBORC001,programs/EB/gborid01.cbl
GBORIV01,EB,Employee Benefits Liability,OR,INQUIRE,VSAM-ACCESS,,GBORC001,programs/EB/gboriv01.cbl
GBORUL01,EB,Employee Benefits Liability,OR,UPDATE,BUSINESS-LOGIC,GBORUD01,GBORC001,programs/EB/gborul01.cbl
GBORUD01,EB,Employee Benefits Liability,OR,UPDATE,DB2-ACCESS,GBORUV01,GBORC001,programs/EB/gborud01.cbl
GBORUV01,EB,Employee Benefits Liability,OR,UPDATE,VSAM-ACCESS,,GBORC001,programs/EB/gboruv01.cbl
GBORDL01,EB,Employee Benefits Liability,OR,DELETE,BUSINESS-LOGIC,GBORDD01,GBORC001,programs/EB/gbordl01.cbl
GBORDD01,EB,Employee Benefits Liability,OR,DELETE,DB2-ACCESS,GBORDV01,GBORC001,programs/EB/gbordd01.cbl
GBORDV01,EB,Employee Benefits Liability,OR,DELETE,VSAM-ACCESS,,GBORC001,programs/EB/gbordv01.cbl
GBORRL01,EB,Employee Benefits Liability,OR,RATE,BUSINESS-LOGIC,GBORRD01,GBORC001,programs/EB/gborrl01.cbl
GBORRD01,EB,Employee Benefits Liability,OR,RATE,DB2-ACCESS,,GBORC001,programs/EB/gborrd01.cbl
GBORRV01,EB,Employee Benefits Liability,OR,RATE,VSAM-ACCESS,,GBORC001,programs/EB/gborrv01.cbl
GBPAAL01,EB,Employee Benefits Liability,PA,ADD,BUSINESS-LOGIC,GBPAAD01,GBPAC001,programs/EB/gbpaal01.cbl
GBPAAD01,EB,Employee Benefits Liability,PA,ADD,DB2-ACCESS,GBPAAV01,GBPAC001,programs/EB/gbpaad01.cbl
GBPAAV01,EB,Employee Benefits Liability,PA,ADD,VSAM-ACCESS,,GBPAC001,programs/EB/gbpaav01.cbl
GBPAIL01,EB,Employee Benefits Liability,PA,INQUIRE,BUSINESS-LOGIC,GBPAID01,GBPAC001,programs/EB/gbpail01.cbl
GBPAID01,EB,Employee Benefits Liability,PA,INQUIRE,DB2-ACCESS,,GBPAC001,programs/EB/gbpaid01.cbl
GBPAIV01,EB,Employee Benefits Liability,PA,INQUIRE,VSAM-ACCESS,,GBPAC001,programs/EB/gbpaiv01.cbl
GBPAUL01,EB,Employee Benefits Liability,PA,UPDATE,BUSINESS-LOGIC,GBPAUD01,GBPAC001,programs/EB/gbpaul01.cbl
GBPAUD01,EB,Employee Benefits Liability,PA,UPDATE,DB2-ACCESS,GBPAUV01,GBPAC001,programs/EB/gbpaud01.cbl
GBPAUV01,EB,Employee Benefits Liability,PA,UPDATE,VSAM-ACCESS,,GBPAC001,programs/EB/gbpauv01.cbl
GBPADL01,EB,Employee Benefits Liability,PA,DELETE,BUSINESS-LOGIC,GBPADD01,GBPAC001,programs/EB/gbpadl01.cbl
GBPADD01,EB,Employee Benefits Liability,PA,DELETE,DB2-ACCESS,GBPADV01,GBPAC001,programs/EB/gbpadd01.cbl
GBPADV01,EB,Employee Benefits Liability,PA,DELETE,VSAM-ACCESS,,GBPAC001,programs/EB/gbpadv01.cbl
GBPARL01,EB,Employee Benefits Liability,PA,RATE,BUSINESS-LOGIC,GBPARD01,GBPAC001,programs/EB/gbparl01.cbl
GBPARD01,EB,Employee Benefits Liability,PA,RATE,DB2-ACCESS,,GBPAC001,programs/EB/gbpard01.cbl
GBPARV01,EB,Employee Benefits Liability,PA,RATE,VSAM-ACCESS,,GBPAC001,programs/EB/gbparv01.cbl
GBRIAL01,EB,Employee Benefits Liability,RI,ADD,BUSINESS-LOGIC,GBRIAD01,GBRIC001,programs/EB/gbrial01.cbl
GBRIAD01,EB,Employee Benefits Liability,RI,ADD,DB2-ACCESS,GBRIAV01,GBRIC001,programs/EB/gbriad01.cbl
GBRIAV01,EB,Employee Benefits Liability,RI,ADD,VSAM-ACCESS,,GBRIC001,programs/EB/gbriav01.cbl
GBRIIL01,EB,Employee Benefits Liability,RI,INQUIRE,BUSINESS-LOGIC,GBRIID01,GBRIC001,programs/EB/gbriil01.cbl
GBRIID01,EB,Employee Benefits Liability,RI,INQUIRE,DB2-ACCESS,,GBRIC001,programs/EB/gbriid01.cbl
GBRIIV01,EB,Employee Benefits Liability,RI,INQUIRE,VSAM-ACCESS,,GBRIC001,programs/EB/gbriiv01.cbl
GBRIUL01,EB,Employee Benefits Liability,RI,UPDATE,BUSINESS-LOGIC,GBRIUD01,GBRIC001,programs/EB/gbriul01.cbl
GBRIUD01,EB,Employee Benefits Liability,RI,UPDATE,DB2-ACCESS,GBRIUV01,GBRIC001,programs/EB/gbriud01.cbl
GBRIUV01,EB,Employee Benefits Liability,RI,UPDATE,VSAM-ACCESS,,GBRIC001,programs/EB/gbriuv01.cbl
GBRIDL01,EB,Employee Benefits Liability,RI,DELETE,BUSINESS-LOGIC,GBRIDD01,GBRIC001,programs/EB/gbridl01.cbl
GBRIDD01,EB,Employee Benefits Liability,RI,DELETE,DB2-ACCESS,GBRIDV01,GBRIC001,programs/EB/gbridd01.cbl
GBRIDV01,EB,Employee Benefits Liability,RI,DELETE,VSAM-ACCESS,,GBRIC001,programs/EB/gbridv01.cbl
GBRIRL01,EB,Employee Benefits Liability,RI,RATE,BUSINESS-LOGIC,GBRIRD01,GBRIC001,programs/EB/gbrirl01.cbl
GBRIRD01,EB,Employee Benefits Liability,RI,RATE,DB2-ACCESS,,GBRIC001,programs/EB/gbrird01.cbl
GBRIRV01,EB,Employee Benefits Liability,RI,RATE,VSAM-ACCESS,,GBRIC001,programs/EB/gbrirv01.cbl
GBSCAL01,EB,Employee Benefits Liability,SC,ADD,BUSINESS-LOGIC,GBSCAD01,GBSCC001,programs/EB/gbscal01.cbl
GBSCAD01,EB,Employee Benefits Liability,SC,ADD,DB2-ACCESS,GBSCAV01,GBSCC001,programs/EB/gbscad01.cbl
GBSCAV01,EB,Employee Benefits Liability,SC,ADD,VSAM-ACCESS,,GBSCC001,programs/EB/gbscav01.cbl
GBSCIL01,EB,Employee Benefits Liability,SC,INQUIRE,BUSINESS-LOGIC,GBSCID01,GBSCC001,programs/EB/gbscil01.cbl
GBSCID01,EB,Employee Benefits Liability,SC,INQUIRE,DB2-ACCESS,,GBSCC001,programs/EB/gbscid01.cbl
GBSCIV01,EB,Employee Benefits Liability,SC,INQUIRE,VSAM-ACCESS,,GBSCC001,programs/EB/gbsciv01.cbl
GBSCUL01,EB,Employee Benefits Liability,SC,UPDATE,BUSINESS-LOGIC,GBSCUD01,GBSCC001,programs/EB/gbscul01.cbl
GBSCUD01,EB,Employee Benefits Liability,SC,UPDATE,DB2-ACCESS,GBSCUV01,GBSCC001,programs/EB/gbscud01.cbl
GBSCUV01,EB,Employee Benefits Liability,SC,UPDATE,VSAM-ACCESS,,GBSCC001,programs/EB/gbscuv01.cbl
GBSCDL01,EB,Employee Benefits Liability,SC,DELETE,BUSINESS-LOGIC,GBSCDD01,GBSCC001,programs/EB/gbscdl01.cbl
GBSCDD01,EB,Employee Benefits Liability,SC,DELETE,DB2-ACCESS,GBSCDV01,GBSCC001,programs/EB/gbscdd01.cbl
GBSCDV01,EB,Employee Benefits Liability,SC,DELETE,VSAM-ACCESS,,GBSCC001,programs/EB/gbscdv01.cbl
GBSCRL01,EB,Employee Benefits Liability,SC,RATE,BUSINESS-LOGIC,GBSCRD01,GBSCC001,programs/EB/gbscrl01.cbl
GBSCRD01,EB,Employee Benefits Liability,SC,RATE,DB2-ACCESS,,GBSCC001,programs/EB/gbscrd01.cbl
GBSCRV01,EB,Employee Benefits Liability,SC,RATE,VSAM-ACCESS,,GBSCC001,programs/EB/gbscrv01.cbl
GBSDAL01,EB,Employee Benefits Liability,SD,ADD,BUSINESS-LOGIC,GBSDAD01,GBSDC001,programs/EB/gbsdal01.cbl
GBSDAD01,EB,Employee Benefits Liability,SD,ADD,DB2-ACCESS,GBSDAV01,GBSDC001,programs/EB/gbsdad01.cbl
GBSDAV01,EB,Employee Benefits Liability,SD,ADD,VSAM-ACCESS,,GBSDC001,programs/EB/gbsdav01.cbl
GBSDIL01,EB,Employee Benefits Liability,SD,INQUIRE,BUSINESS-LOGIC,GBSDID01,GBSDC001,programs/EB/gbsdil01.cbl
GBSDID01,EB,Employee Benefits Liability,SD,INQUIRE,DB2-ACCESS,,GBSDC001,programs/EB/gbsdid01.cbl
GBSDIV01,EB,Employee Benefits Liability,SD,INQUIRE,VSAM-ACCESS,,GBSDC001,programs/EB/gbsdiv01.cbl
GBSDUL01,EB,Employee Benefits Liability,SD,UPDATE,BUSINESS-LOGIC,GBSDUD01,GBSDC001,programs/EB/gbsdul01.cbl
GBSDUD01,EB,Employee Benefits Liability,SD,UPDATE,DB2-ACCESS,GBSDUV01,GBSDC001,programs/EB/gbsdud01.cbl
GBSDUV01,EB,Employee Benefits Liability,SD,UPDATE,VSAM-ACCESS,,GBSDC001,programs/EB/gbsduv01.cbl
GBSDDL01,EB,Employee Benefits Liability,SD,DELETE,BUSINESS-LOGIC,GBSDDD01,GBSDC001,programs/EB/gbsddl01.cbl
GBSDDD01,EB,Employee Benefits Liability,SD,DELETE,DB2-ACCESS,GBSDDV01,GBSDC001,programs/EB/gbsddd01.cbl
GBSDDV01,EB,Employee Benefits Liability,SD,DELETE,VSAM-ACCESS,,GBSDC001,programs/EB/gbsddv01.cbl
GBSDRL01,EB,Employee Benefits Liability,SD,RATE,BUSINESS-LOGIC,GBSDRD01,GBSDC001,programs/EB/gbsdrl01.cbl
GBSDRD01,EB,Employee Benefits Liability,SD,RATE,DB2-ACCESS,,GBSDC001,programs/EB/gbsdrd01.cbl
GBSDRV01,EB,Employee Benefits Liability,SD,RATE,VSAM-ACCESS,,GBSDC001,programs/EB/gbsdrv01.cbl
GBTNAL01,EB,Employee Benefits Liability,TN,ADD,BUSINESS-LOGIC,GBTNAD01,GBTNC001,programs/EB/gbtnal01.cbl
GBTNAD01,EB,Employee Benefits Liability,TN,ADD,DB2-ACCESS,GBTNAV01,GBTNC001,programs/EB/gbtnad01.cbl
GBTNAV01,EB,Employee Benefits Liability,TN,ADD,VSAM-ACCESS,,GBTNC001,programs/EB/gbtnav01.cbl
GBTNIL01,EB,Employee Benefits Liability,TN,INQUIRE,BUSINESS-LOGIC,GBTNID01,GBTNC001,programs/EB/gbtnil01.cbl
GBTNID01,EB,Employee Benefits Liability,TN,INQUIRE,DB2-ACCESS,,GBTNC001,programs/EB/gbtnid01.cbl
GBTNIV01,EB,Employee Benefits Liability,TN,INQUIRE,VSAM-ACCESS,,GBTNC001,programs/EB/gbtniv01.cbl
GBTNUL01,EB,Employee Benefits Liability,TN,UPDATE,BUSINESS-LOGIC,GBTNUD01,GBTNC001,programs/EB/gbtnul01.cbl
GBTNUD01,EB,Employee Benefits Liability,TN,UPDATE,DB2-ACCESS,GBTNUV01,GBTNC001,programs/EB/gbtnud01.cbl
GBTNUV01,EB,Employee Benefits Liability,TN,UPDATE,VSAM-ACCESS,,GBTNC001,programs/EB/gbtnuv01.cbl
GBTNDL01,EB,Employee Benefits Liability,TN,DELETE,BUSINESS-LOGIC,GBTNDD01,GBTNC001,programs/EB/gbtndl01.cbl
GBTNDD01,EB,Employee Benefits Liability,TN,DELETE,DB2-ACCESS,GBTNDV01,GBTNC001,programs/EB/gbtndd01.cbl
GBTNDV01,EB,Employee Benefits Liability,TN,DELETE,VSAM-ACCESS,,GBTNC001,programs/EB/gbtndv01.cbl
GBTNRL01,EB,Employee Benefits Liability,TN,RATE,BUSINESS-LOGIC,GBTNRD01,GBTNC001,programs/EB/gbtnrl01.cbl
GBTNRD01,EB,Employee Benefits Liability,TN,RATE,DB2-ACCESS,,GBTNC001,programs/EB/gbtnrd01.cbl
GBTNRV01,EB,Employee Benefits Liability,TN,RATE,VSAM-ACCESS,,GBTNC001,programs/EB/gbtnrv01.cbl
GBTXAL01,EB,Employee Benefits Liability,TX,ADD,BUSINESS-LOGIC,GBTXAD01,GBTXC001,programs/EB/gbtxal01.cbl
GBTXAD01,EB,Employee Benefits Liability,TX,ADD,DB2-ACCESS,GBTXAV01,GBTXC001,programs/EB/gbtxad01.cbl
GBTXAV01,EB,Employee Benefits Liability,TX,ADD,VSAM-ACCESS,,GBTXC001,programs/EB/gbtxav01.cbl
GBTXIL01,EB,Employee Benefits Liability,TX,INQUIRE,BUSINESS-LOGIC,GBTXID01,GBTXC001,programs/EB/gbtxil01.cbl
GBTXID01,EB,Employee Benefits Liability,TX,INQUIRE,DB2-ACCESS,,GBTXC001,programs/EB/gbtxid01.cbl
GBTXIV01,EB,Employee Benefits Liability,TX,INQUIRE,VSAM-ACCESS,,GBTXC001,programs/EB/gbtxiv01.cbl
GBTXUL01,EB,Employee Benefits Liability,TX,UPDATE,BUSINESS-LOGIC,GBTXUD01,GBTXC001,programs/EB/gbtxul01.cbl
GBTXUD01,EB,Employee Benefits Liability,TX,UPDATE,DB2-ACCESS,GBTXUV01,GBTXC001,programs/EB/gbtxud01.cbl
GBTXUV01,EB,Employee Benefits Liability,TX,UPDATE,VSAM-ACCESS,,GBTXC001,programs/EB/gbtxuv01.cbl
GBTXDL01,EB,Employee Benefits Liability,TX,DELETE,BUSINESS-LOGIC,GBTXDD01,GBTXC001,programs/EB/gbtxdl01.cbl
GBTXDD01,EB,Employee Benefits Liability,TX,DELETE,DB2-ACCESS,GBTXDV01,GBTXC001,programs/EB/gbtxdd01.cbl
GBTXDV01,EB,Employee Benefits Liability,TX,DELETE,VSAM-ACCESS,,GBTXC001,programs/EB/gbtxdv01.cbl
GBTXRL01,EB,Employee Benefits Liability,TX,RATE,BUSINESS-LOGIC,GBTXRD01,GBTXC001,programs/EB/gbtxrl01.cbl
GBTXRD01,EB,Employee Benefits Liability,TX,RATE,DB2-ACCESS,,GBTXC001,programs/EB/gbtxrd01.cbl
GBTXRV01,EB,Employee Benefits Liability,TX,RATE,VSAM-ACCESS,,GBTXC001,programs/EB/gbtxrv01.cbl
GBUTAL01,EB,Employee Benefits Liability,UT,ADD,BUSINESS-LOGIC,GBUTAD01,GBUTC001,programs/EB/gbutal01.cbl
GBUTAD01,EB,Employee Benefits Liability,UT,ADD,DB2-ACCESS,GBUTAV01,GBUTC001,programs/EB/gbutad01.cbl
GBUTAV01,EB,Employee Benefits Liability,UT,ADD,VSAM-ACCESS,,GBUTC001,programs/EB/gbutav01.cbl
GBUTIL01,EB,Employee Benefits Liability,UT,INQUIRE,BUSINESS-LOGIC,GBUTID01,GBUTC001,programs/EB/gbutil01.cbl
GBUTID01,EB,Employee Benefits Liability,UT,INQUIRE,DB2-ACCESS,,GBUTC001,programs/EB/gbutid01.cbl
GBUTIV01,EB,Employee Benefits Liability,UT,INQUIRE,VSAM-ACCESS,,GBUTC001,programs/EB/gbutiv01.cbl
GBUTUL01,EB,Employee Benefits Liability,UT,UPDATE,BUSINESS-LOGIC,GBUTUD01,GBUTC001,programs/EB/gbutul01.cbl
GBUTUD01,EB,Employee Benefits Liability,UT,UPDATE,DB2-ACCESS,GBUTUV01,GBUTC001,programs/EB/gbutud01.cbl
GBUTUV01,EB,Employee Benefits Liability,UT,UPDATE,VSAM-ACCESS,,GBUTC001,programs/EB/gbutuv01.cbl
GBUTDL01,EB,Employee Benefits Liability,UT,DELETE,BUSINESS-LOGIC,GBUTDD01,GBUTC001,programs/EB/gbutdl01.cbl
GBUTDD01,EB,Employee Benefits Liability,UT,DELETE,DB2-ACCESS,GBUTDV01,GBUTC001,programs/EB/gbutdd01.cbl
GBUTDV01,EB,Employee Benefits Liability,UT,DELETE,VSAM-ACCESS,,GBUTC001,programs/EB/gbutdv01.cbl
GBUTRL01,EB,Employee Benefits Liability,UT,RATE,BUSINESS-LOGIC,GBUTRD01,GBUTC001,programs/EB/gbutrl01.cbl
GBUTRD01,EB,Employee Benefits Liability,UT,RATE,DB2-ACCESS,,GBUTC001,programs/EB/gbutrd01.cbl
GBUTRV01,EB,Employee Benefits Liability,UT,RATE,VSAM-ACCESS,,GBUTC001,programs/EB/gbutrv01.cbl
GBVTAL01,EB,Employee Benefits Liability,VT,ADD,BUSINESS-LOGIC,GBVTAD01,GBVTC001,programs/EB/gbvtal01.cbl
GBVTAD01,EB,Employee Benefits Liability,VT,ADD,DB2-ACCESS,GBVTAV01,GBVTC001,programs/EB/gbvtad01.cbl
GBVTAV01,EB,Employee Benefits Liability,VT,ADD,VSAM-ACCESS,,GBVTC001,programs/EB/gbvtav01.cbl
GBVTIL01,EB,Employee Benefits Liability,VT,INQUIRE,BUSINESS-LOGIC,GBVTID01,GBVTC001,programs/EB/gbvtil01.cbl
GBVTID01,EB,Employee Benefits Liability,VT,INQUIRE,DB2-ACCESS,,GBVTC001,programs/EB/gbvtid01.cbl
GBVTIV01,EB,Employee Benefits Liability,VT,INQUIRE,VSAM-ACCESS,,GBVTC001,programs/EB/gbvtiv01.cbl
GBVTUL01,EB,Employee Benefits Liability,VT,UPDATE,BUSINESS-LOGIC,GBVTUD01,GBVTC001,programs/EB/gbvtul01.cbl
GBVTUD01,EB,Employee Benefits Liability,VT,UPDATE,DB2-ACCESS,GBVTUV01,GBVTC001,programs/EB/gbvtud01.cbl
GBVTUV01,EB,Employee Benefits Liability,VT,UPDATE,VSAM-ACCESS,,GBVTC001,programs/EB/gbvtuv01.cbl
GBVTDL01,EB,Employee Benefits Liability,VT,DELETE,BUSINESS-LOGIC,GBVTDD01,GBVTC001,programs/EB/gbvtdl01.cbl
GBVTDD01,EB,Employee Benefits Liability,VT,DELETE,DB2-ACCESS,GBVTDV01,GBVTC001,programs/EB/gbvtdd01.cbl
GBVTDV01,EB,Employee Benefits Liability,VT,DELETE,VSAM-ACCESS,,GBVTC001,programs/EB/gbvtdv01.cbl
GBVTRL01,EB,Employee Benefits Liability,VT,RATE,BUSINESS-LOGIC,GBVTRD01,GBVTC001,programs/EB/gbvtrl01.cbl
GBVTRD01,EB,Employee Benefits Liability,VT,RATE,DB2-ACCESS,,GBVTC001,programs/EB/gbvtrd01.cbl
GBVTRV01,EB,Employee Benefits Liability,VT,RATE,VSAM-ACCESS,,GBVTC001,programs/EB/gbvtrv01.cbl
GBVAAL01,EB,Employee Benefits Liability,VA,ADD,BUSINESS-LOGIC,GBVAAD01,GBVAC001,programs/EB/gbvaal01.cbl
GBVAAD01,EB,Employee Benefits Liability,VA,ADD,DB2-ACCESS,GBVAAV01,GBVAC001,programs/EB/gbvaad01.cbl
GBVAAV01,EB,Employee Benefits Liability,VA,ADD,VSAM-ACCESS,,GBVAC001,programs/EB/gbvaav01.cbl
GBVAIL01,EB,Employee Benefits Liability,VA,INQUIRE,BUSINESS-LOGIC,GBVAID01,GBVAC001,programs/EB/gbvail01.cbl
GBVAID01,EB,Employee Benefits Liability,VA,INQUIRE,DB2-ACCESS,,GBVAC001,programs/EB/gbvaid01.cbl
GBVAIV01,EB,Employee Benefits Liability,VA,INQUIRE,VSAM-ACCESS,,GBVAC001,programs/EB/gbvaiv01.cbl
GBVAUL01,EB,Employee Benefits Liability,VA,UPDATE,BUSINESS-LOGIC,GBVAUD01,GBVAC001,programs/EB/gbvaul01.cbl
GBVAUD01,EB,Employee Benefits Liability,VA,UPDATE,DB2-ACCESS,GBVAUV01,GBVAC001,programs/EB/gbvaud01.cbl
GBVAUV01,EB,Employee Benefits Liability,VA,UPDATE,VSAM-ACCESS,,GBVAC001,programs/EB/gbvauv01.cbl
GBVADL01,EB,Employee Benefits Liability,VA,DELETE,BUSINESS-LOGIC,GBVADD01,GBVAC001,programs/EB/gbvadl01.cbl
GBVADD01,EB,Employee Benefits Liability,VA,DELETE,DB2-ACCESS,GBVADV01,GBVAC001,programs/EB/gbvadd01.cbl
GBVADV01,EB,Employee Benefits Liability,VA,DELETE,VSAM-ACCESS,,GBVAC001,programs/EB/gbvadv01.cbl
GBVARL01,EB,Employee Benefits Liability,VA,RATE,BUSINESS-LOGIC,GBVARD01,GBVAC001,programs/EB/gbvarl01.cbl
GBVARD01,EB,Employee Benefits Liability,VA,RATE,DB2-ACCESS,,GBVAC001,programs/EB/gbvard01.cbl
GBVARV01,EB,Employee Benefits Liability,VA,RATE,VSAM-ACCESS,,GBVAC001,programs/EB/gbvarv01.cbl
GBWAAL01,EB,Employee Benefits Liability,WA,ADD,BUSINESS-LOGIC,GBWAAD01,GBWAC001,programs/EB/gbwaal01.cbl
GBWAAD01,EB,Employee Benefits Liability,WA,ADD,DB2-ACCESS,GBWAAV01,GBWAC001,programs/EB/gbwaad01.cbl
GBWAAV01,EB,Employee Benefits Liability,WA,ADD,VSAM-ACCESS,,GBWAC001,programs/EB/gbwaav01.cbl
GBWAIL01,EB,Employee Benefits Liability,WA,INQUIRE,BUSINESS-LOGIC,GBWAID01,GBWAC001,programs/EB/gbwail01.cbl
GBWAID01,EB,Employee Benefits Liability,WA,INQUIRE,DB2-ACCESS,,GBWAC001,programs/EB/gbwaid01.cbl
GBWAIV01,EB,Employee Benefits Liability,WA,INQUIRE,VSAM-ACCESS,,GBWAC001,programs/EB/gbwaiv01.cbl
GBWAUL01,EB,Employee Benefits Liability,WA,UPDATE,BUSINESS-LOGIC,GBWAUD01,GBWAC001,programs/EB/gbwaul01.cbl
GBWAUD01,EB,Employee Benefits Liability,WA,UPDATE,DB2-ACCESS,GBWAUV01,GBWAC001,programs/EB/gbwaud01.cbl
GBWAUV01,EB,Employee Benefits Liability,WA,UPDATE,VSAM-ACCESS,,GBWAC001,programs/EB/gbwauv01.cbl
GBWADL01,EB,Employee Benefits Liability,WA,DELETE,BUSINESS-LOGIC,GBWADD01,GBWAC001,programs/EB/gbwadl01.cbl
GBWADD01,EB,Employee Benefits Liability,WA,DELETE,DB2-ACCESS,GBWADV01,GBWAC001,programs/EB/gbwadd01.cbl
GBWADV01,EB,Employee Benefits Liability,WA,DELETE,VSAM-ACCESS,,GBWAC001,programs/EB/gbwadv01.cbl
GBWARL01,EB,Employee Benefits Liability,WA,RATE,BUSINESS-LOGIC,GBWARD01,GBWAC001,programs/EB/gbwarl01.cbl
GBWARD01,EB,Employee Benefits Liability,WA,RATE,DB2-ACCESS,,GBWAC001,programs/EB/gbward01.cbl
GBWARV01,EB,Employee Benefits Liability,WA,RATE,VSAM-ACCESS,,GBWAC001,programs/EB/gbwarv01.cbl
GBWVAL01,EB,Employee Benefits Liability,WV,ADD,BUSINESS-LOGIC,GBWVAD01,GBWVC001,programs/EB/gbwval01.cbl
GBWVAD01,EB,Employee Benefits Liability,WV,ADD,DB2-ACCESS,GBWVAV01,GBWVC001,programs/EB/gbwvad01.cbl
GBWVAV01,EB,Employee Benefits Liability,WV,ADD,VSAM-ACCESS,,GBWVC001,programs/EB/gbwvav01.cbl
GBWVIL01,EB,Employee Benefits Liability,WV,INQUIRE,BUSINESS-LOGIC,GBWVID01,GBWVC001,programs/EB/gbwvil01.cbl
GBWVID01,EB,Employee Benefits Liability,WV,INQUIRE,DB2-ACCESS,,GBWVC001,programs/EB/gbwvid01.cbl
GBWVIV01,EB,Employee Benefits Liability,WV,INQUIRE,VSAM-ACCESS,,GBWVC001,programs/EB/gbwviv01.cbl
GBWVUL01,EB,Employee Benefits Liability,WV,UPDATE,BUSINESS-LOGIC,GBWVUD01,GBWVC001,programs/EB/gbwvul01.cbl
GBWVUD01,EB,Employee Benefits Liability,WV,UPDATE,DB2-ACCESS,GBWVUV01,GBWVC001,programs/EB/gbwvud01.cbl
GBWVUV01,EB,Employee Benefits Liability,WV,UPDATE,VSAM-ACCESS,,GBWVC001,programs/EB/gbwvuv01.cbl
GBWVDL01,EB,Employee Benefits Liability,WV,DELETE,BUSINESS-LOGIC,GBWVDD01,GBWVC001,programs/EB/gbwvdl01.cbl
GBWVDD01,EB,Employee Benefits Liability,WV,DELETE,DB2-ACCESS,GBWVDV01,GBWVC001,programs/EB/gbwvdd01.cbl
GBWVDV01,EB,Employee Benefits Liability,WV,DELETE,VSAM-ACCESS,,GBWVC001,programs/EB/gbwvdv01.cbl
GBWVRL01,EB,Employee Benefits Liability,WV,RATE,BUSINESS-LOGIC,GBWVRD01,GBWVC001,programs/EB/gbwvrl01.cbl
GBWVRD01,EB,Employee Benefits Liability,WV,RATE,DB2-ACCESS,,GBWVC001,programs/EB/gbwvrd01.cbl
GBWVRV01,EB,Employee Benefits Liability,WV,RATE,VSAM-ACCESS,,GBWVC001,programs/EB/gbwvrv01.cbl
GBWIAL01,EB,Employee Benefits Liability,WI,ADD,BUSINESS-LOGIC,GBWIAD01,GBWIC001,programs/EB/gbwial01.cbl
GBWIAD01,EB,Employee Benefits Liability,WI,ADD,DB2-ACCESS,GBWIAV01,GBWIC001,programs/EB/gbwiad01.cbl
GBWIAV01,EB,Employee Benefits Liability,WI,ADD,VSAM-ACCESS,,GBWIC001,programs/EB/gbwiav01.cbl
GBWIIL01,EB,Employee Benefits Liability,WI,INQUIRE,BUSINESS-LOGIC,GBWIID01,GBWIC001,programs/EB/gbwiil01.cbl
GBWIID01,EB,Employee Benefits Liability,WI,INQUIRE,DB2-ACCESS,,GBWIC001,programs/EB/gbwiid01.cbl
GBWIIV01,EB,Employee Benefits Liability,WI,INQUIRE,VSAM-ACCESS,,GBWIC001,programs/EB/gbwiiv01.cbl
GBWIUL01,EB,Employee Benefits Liability,WI,UPDATE,BUSINESS-LOGIC,GBWIUD01,GBWIC001,programs/EB/gbwiul01.cbl
GBWIUD01,EB,Employee Benefits Liability,WI,UPDATE,DB2-ACCESS,GBWIUV01,GBWIC001,programs/EB/gbwiud01.cbl
GBWIUV01,EB,Employee Benefits Liability,WI,UPDATE,VSAM-ACCESS,,GBWIC001,programs/EB/gbwiuv01.cbl
GBWIDL01,EB,Employee Benefits Liability,WI,DELETE,BUSINESS-LOGIC,GBWIDD01,GBWIC001,programs/EB/gbwidl01.cbl
GBWIDD01,EB,Employee Benefits Liability,WI,DELETE,DB2-ACCESS,GBWIDV01,GBWIC001,programs/EB/gbwidd01.cbl
GBWIDV01,EB,Employee Benefits Liability,WI,DELETE,VSAM-ACCESS,,GBWIC001,programs/EB/gbwidv01.cbl
GBWIRL01,EB,Employee Benefits Liability,WI,RATE,BUSINESS-LOGIC,GBWIRD01,GBWIC001,programs/EB/gbwirl01.cbl
GBWIRD01,EB,Employee Benefits Liability,WI,RATE,DB2-ACCESS,,GBWIC001,programs/EB/gbwird01.cbl
GBWIRV01,EB,Employee Benefits Liability,WI,RATE,VSAM-ACCESS,,GBWIC001,programs/EB/gbwirv01.cbl
GBWYAL01,EB,Employee Benefits Liability,WY,ADD,BUSINESS-LOGIC,GBWYAD01,GBWYC001,programs/EB/gbwyal01.cbl
GBWYAD01,EB,Employee Benefits Liability,WY,ADD,DB2-ACCESS,GBWYAV01,GBWYC001,programs/EB/gbwyad01.cbl
GBWYAV01,EB,Employee Benefits Liability,WY,ADD,VSAM-ACCESS,,GBWYC001,programs/EB/gbwyav01.cbl
GBWYIL01,EB,Employee Benefits Liability,WY,INQUIRE,BUSINESS-LOGIC,GBWYID01,GBWYC001,programs/EB/gbwyil01.cbl
GBWYID01,EB,Employee Benefits Liability,WY,INQUIRE,DB2-ACCESS,,GBWYC001,programs/EB/gbwyid01.cbl
GBWYIV01,EB,Employee Benefits Liability,WY,INQUIRE,VSAM-ACCESS,,GBWYC001,programs/EB/gbwyiv01.cbl
GBWYUL01,EB,Employee Benefits Liability,WY,UPDATE,BUSINESS-LOGIC,GBWYUD01,GBWYC001,programs/EB/gbwyul01.cbl
GBWYUD01,EB,Employee Benefits Liability,WY,UPDATE,DB2-ACCESS,GBWYUV01,GBWYC001,programs/EB/gbwyud01.cbl
GBWYUV01,EB,Employee Benefits Liability,WY,UPDATE,VSAM-ACCESS,,GBWYC001,programs/EB/gbwyuv01.cbl
GBWYDL01,EB,Employee Benefits Liability,WY,DELETE,BUSINESS-LOGIC,GBWYDD01,GBWYC001,programs/EB/gbwydl01.cbl
GBWYDD01,EB,Employee Benefits Liability,WY,DELETE,DB2-ACCESS,GBWYDV01,GBWYC001,programs/EB/gbwydd01.cbl
GBWYDV01,EB,Employee Benefits Liability,WY,DELETE,VSAM-ACCESS,,GBWYC001,programs/EB/gbwydv01.cbl
GBWYRL01,EB,Employee Benefits Liability,WY,RATE,BUSINESS-LOGIC,GBWYRD01,GBWYC001,programs/EB/gbwyrl01.cbl
GBWYRD01,EB,Employee Benefits Liability,WY,RATE,DB2-ACCESS,,GBWYC001,programs/EB/gbwyrd01.cbl
GBWYRV01,EB,Employee Benefits Liability,WY,RATE,VSAM-ACCESS,,GBWYC001,programs/EB/gbwyrv01.cbl
GQALAL01,LQ,Liquor Liability,AL,ADD,BUSINESS-LOGIC,GQALAD01,GQALC001,programs/LQ/gqalal01.cbl
GQALAD01,LQ,Liquor Liability,AL,ADD,DB2-ACCESS,GQALAV01,GQALC001,programs/LQ/gqalad01.cbl
GQALAV01,LQ,Liquor Liability,AL,ADD,VSAM-ACCESS,,GQALC001,programs/LQ/gqalav01.cbl
GQALIL01,LQ,Liquor Liability,AL,INQUIRE,BUSINESS-LOGIC,GQALID01,GQALC001,programs/LQ/gqalil01.cbl
GQALID01,LQ,Liquor Liability,AL,INQUIRE,DB2-ACCESS,,GQALC001,programs/LQ/gqalid01.cbl
GQALIV01,LQ,Liquor Liability,AL,INQUIRE,VSAM-ACCESS,,GQALC001,programs/LQ/gqaliv01.cbl
GQALUL01,LQ,Liquor Liability,AL,UPDATE,BUSINESS-LOGIC,GQALUD01,GQALC001,programs/LQ/gqalul01.cbl
GQALUD01,LQ,Liquor Liability,AL,UPDATE,DB2-ACCESS,GQALUV01,GQALC001,programs/LQ/gqalud01.cbl
GQALUV01,LQ,Liquor Liability,AL,UPDATE,VSAM-ACCESS,,GQALC001,programs/LQ/gqaluv01.cbl
GQALDL01,LQ,Liquor Liability,AL,DELETE,BUSINESS-LOGIC,GQALDD01,GQALC001,programs/LQ/gqaldl01.cbl
GQALDD01,LQ,Liquor Liability,AL,DELETE,DB2-ACCESS,GQALDV01,GQALC001,programs/LQ/gqaldd01.cbl
GQALDV01,LQ,Liquor Liability,AL,DELETE,VSAM-ACCESS,,GQALC001,programs/LQ/gqaldv01.cbl
GQALRL01,LQ,Liquor Liability,AL,RATE,BUSINESS-LOGIC,GQALRD01,GQALC001,programs/LQ/gqalrl01.cbl
GQALRD01,LQ,Liquor Liability,AL,RATE,DB2-ACCESS,,GQALC001,programs/LQ/gqalrd01.cbl
GQALRV01,LQ,Liquor Liability,AL,RATE,VSAM-ACCESS,,GQALC001,programs/LQ/gqalrv01.cbl
GQAKAL01,LQ,Liquor Liability,AK,ADD,BUSINESS-LOGIC,GQAKAD01,GQAKC001,programs/LQ/gqakal01.cbl
GQAKAD01,LQ,Liquor Liability,AK,ADD,DB2-ACCESS,GQAKAV01,GQAKC001,programs/LQ/gqakad01.cbl
GQAKAV01,LQ,Liquor Liability,AK,ADD,VSAM-ACCESS,,GQAKC001,programs/LQ/gqakav01.cbl
GQAKIL01,LQ,Liquor Liability,AK,INQUIRE,BUSINESS-LOGIC,GQAKID01,GQAKC001,programs/LQ/gqakil01.cbl
GQAKID01,LQ,Liquor Liability,AK,INQUIRE,DB2-ACCESS,,GQAKC001,programs/LQ/gqakid01.cbl
GQAKIV01,LQ,Liquor Liability,AK,INQUIRE,VSAM-ACCESS,,GQAKC001,programs/LQ/gqakiv01.cbl
GQAKUL01,LQ,Liquor Liability,AK,UPDATE,BUSINESS-LOGIC,GQAKUD01,GQAKC001,programs/LQ/gqakul01.cbl
GQAKUD01,LQ,Liquor Liability,AK,UPDATE,DB2-ACCESS,GQAKUV01,GQAKC001,programs/LQ/gqakud01.cbl
GQAKUV01,LQ,Liquor Liability,AK,UPDATE,VSAM-ACCESS,,GQAKC001,programs/LQ/gqakuv01.cbl
GQAKDL01,LQ,Liquor Liability,AK,DELETE,BUSINESS-LOGIC,GQAKDD01,GQAKC001,programs/LQ/gqakdl01.cbl
GQAKDD01,LQ,Liquor Liability,AK,DELETE,DB2-ACCESS,GQAKDV01,GQAKC001,programs/LQ/gqakdd01.cbl
GQAKDV01,LQ,Liquor Liability,AK,DELETE,VSAM-ACCESS,,GQAKC001,programs/LQ/gqakdv01.cbl
GQAKRL01,LQ,Liquor Liability,AK,RATE,BUSINESS-LOGIC,GQAKRD01,GQAKC001,programs/LQ/gqakrl01.cbl
GQAKRD01,LQ,Liquor Liability,AK,RATE,DB2-ACCESS,,GQAKC001,programs/LQ/gqakrd01.cbl
GQAKRV01,LQ,Liquor Liability,AK,RATE,VSAM-ACCESS,,GQAKC001,programs/LQ/gqakrv01.cbl
GQAZAL01,LQ,Liquor Liability,AZ,ADD,BUSINESS-LOGIC,GQAZAD01,GQAZC001,programs/LQ/gqazal01.cbl
GQAZAD01,LQ,Liquor Liability,AZ,ADD,DB2-ACCESS,GQAZAV01,GQAZC001,programs/LQ/gqazad01.cbl
GQAZAV01,LQ,Liquor Liability,AZ,ADD,VSAM-ACCESS,,GQAZC001,programs/LQ/gqazav01.cbl
GQAZIL01,LQ,Liquor Liability,AZ,INQUIRE,BUSINESS-LOGIC,GQAZID01,GQAZC001,programs/LQ/gqazil01.cbl
GQAZID01,LQ,Liquor Liability,AZ,INQUIRE,DB2-ACCESS,,GQAZC001,programs/LQ/gqazid01.cbl
GQAZIV01,LQ,Liquor Liability,AZ,INQUIRE,VSAM-ACCESS,,GQAZC001,programs/LQ/gqaziv01.cbl
GQAZUL01,LQ,Liquor Liability,AZ,UPDATE,BUSINESS-LOGIC,GQAZUD01,GQAZC001,programs/LQ/gqazul01.cbl
GQAZUD01,LQ,Liquor Liability,AZ,UPDATE,DB2-ACCESS,GQAZUV01,GQAZC001,programs/LQ/gqazud01.cbl
GQAZUV01,LQ,Liquor Liability,AZ,UPDATE,VSAM-ACCESS,,GQAZC001,programs/LQ/gqazuv01.cbl
GQAZDL01,LQ,Liquor Liability,AZ,DELETE,BUSINESS-LOGIC,GQAZDD01,GQAZC001,programs/LQ/gqazdl01.cbl
GQAZDD01,LQ,Liquor Liability,AZ,DELETE,DB2-ACCESS,GQAZDV01,GQAZC001,programs/LQ/gqazdd01.cbl
GQAZDV01,LQ,Liquor Liability,AZ,DELETE,VSAM-ACCESS,,GQAZC001,programs/LQ/gqazdv01.cbl
GQAZRL01,LQ,Liquor Liability,AZ,RATE,BUSINESS-LOGIC,GQAZRD01,GQAZC001,programs/LQ/gqazrl01.cbl
GQAZRD01,LQ,Liquor Liability,AZ,RATE,DB2-ACCESS,,GQAZC001,programs/LQ/gqazrd01.cbl
GQAZRV01,LQ,Liquor Liability,AZ,RATE,VSAM-ACCESS,,GQAZC001,programs/LQ/gqazrv01.cbl
GQARAL01,LQ,Liquor Liability,AR,ADD,BUSINESS-LOGIC,GQARAD01,GQARC001,programs/LQ/gqaral01.cbl
GQARAD01,LQ,Liquor Liability,AR,ADD,DB2-ACCESS,GQARAV01,GQARC001,programs/LQ/gqarad01.cbl
GQARAV01,LQ,Liquor Liability,AR,ADD,VSAM-ACCESS,,GQARC001,programs/LQ/gqarav01.cbl
GQARIL01,LQ,Liquor Liability,AR,INQUIRE,BUSINESS-LOGIC,GQARID01,GQARC001,programs/LQ/gqaril01.cbl
GQARID01,LQ,Liquor Liability,AR,INQUIRE,DB2-ACCESS,,GQARC001,programs/LQ/gqarid01.cbl
GQARIV01,LQ,Liquor Liability,AR,INQUIRE,VSAM-ACCESS,,GQARC001,programs/LQ/gqariv01.cbl
GQARUL01,LQ,Liquor Liability,AR,UPDATE,BUSINESS-LOGIC,GQARUD01,GQARC001,programs/LQ/gqarul01.cbl
GQARUD01,LQ,Liquor Liability,AR,UPDATE,DB2-ACCESS,GQARUV01,GQARC001,programs/LQ/gqarud01.cbl
GQARUV01,LQ,Liquor Liability,AR,UPDATE,VSAM-ACCESS,,GQARC001,programs/LQ/gqaruv01.cbl
GQARDL01,LQ,Liquor Liability,AR,DELETE,BUSINESS-LOGIC,GQARDD01,GQARC001,programs/LQ/gqardl01.cbl
GQARDD01,LQ,Liquor Liability,AR,DELETE,DB2-ACCESS,GQARDV01,GQARC001,programs/LQ/gqardd01.cbl
GQARDV01,LQ,Liquor Liability,AR,DELETE,VSAM-ACCESS,,GQARC001,programs/LQ/gqardv01.cbl
GQARRL01,LQ,Liquor Liability,AR,RATE,BUSINESS-LOGIC,GQARRD01,GQARC001,programs/LQ/gqarrl01.cbl
GQARRD01,LQ,Liquor Liability,AR,RATE,DB2-ACCESS,,GQARC001,programs/LQ/gqarrd01.cbl
GQARRV01,LQ,Liquor Liability,AR,RATE,VSAM-ACCESS,,GQARC001,programs/LQ/gqarrv01.cbl
GQCAAL01,LQ,Liquor Liability,CA,ADD,BUSINESS-LOGIC,GQCAAD01,GQCAC001,programs/LQ/gqcaal01.cbl
GQCAAD01,LQ,Liquor Liability,CA,ADD,DB2-ACCESS,GQCAAV01,GQCAC001,programs/LQ/gqcaad01.cbl
GQCAAV01,LQ,Liquor Liability,CA,ADD,VSAM-ACCESS,,GQCAC001,programs/LQ/gqcaav01.cbl
GQCAIL01,LQ,Liquor Liability,CA,INQUIRE,BUSINESS-LOGIC,GQCAID01,GQCAC001,programs/LQ/gqcail01.cbl
GQCAID01,LQ,Liquor Liability,CA,INQUIRE,DB2-ACCESS,,GQCAC001,programs/LQ/gqcaid01.cbl
GQCAIV01,LQ,Liquor Liability,CA,INQUIRE,VSAM-ACCESS,,GQCAC001,programs/LQ/gqcaiv01.cbl
GQCAUL01,LQ,Liquor Liability,CA,UPDATE,BUSINESS-LOGIC,GQCAUD01,GQCAC001,programs/LQ/gqcaul01.cbl
GQCAUD01,LQ,Liquor Liability,CA,UPDATE,DB2-ACCESS,GQCAUV01,GQCAC001,programs/LQ/gqcaud01.cbl
GQCAUV01,LQ,Liquor Liability,CA,UPDATE,VSAM-ACCESS,,GQCAC001,programs/LQ/gqcauv01.cbl
GQCADL01,LQ,Liquor Liability,CA,DELETE,BUSINESS-LOGIC,GQCADD01,GQCAC001,programs/LQ/gqcadl01.cbl
GQCADD01,LQ,Liquor Liability,CA,DELETE,DB2-ACCESS,GQCADV01,GQCAC001,programs/LQ/gqcadd01.cbl
GQCADV01,LQ,Liquor Liability,CA,DELETE,VSAM-ACCESS,,GQCAC001,programs/LQ/gqcadv01.cbl
GQCARL01,LQ,Liquor Liability,CA,RATE,BUSINESS-LOGIC,GQCARD01,GQCAC001,programs/LQ/gqcarl01.cbl
GQCARD01,LQ,Liquor Liability,CA,RATE,DB2-ACCESS,,GQCAC001,programs/LQ/gqcard01.cbl
GQCARV01,LQ,Liquor Liability,CA,RATE,VSAM-ACCESS,,GQCAC001,programs/LQ/gqcarv01.cbl
GQCOAL01,LQ,Liquor Liability,CO,ADD,BUSINESS-LOGIC,GQCOAD01,GQCOC001,programs/LQ/gqcoal01.cbl
GQCOAD01,LQ,Liquor Liability,CO,ADD,DB2-ACCESS,GQCOAV01,GQCOC001,programs/LQ/gqcoad01.cbl
GQCOAV01,LQ,Liquor Liability,CO,ADD,VSAM-ACCESS,,GQCOC001,programs/LQ/gqcoav01.cbl
GQCOIL01,LQ,Liquor Liability,CO,INQUIRE,BUSINESS-LOGIC,GQCOID01,GQCOC001,programs/LQ/gqcoil01.cbl
GQCOID01,LQ,Liquor Liability,CO,INQUIRE,DB2-ACCESS,,GQCOC001,programs/LQ/gqcoid01.cbl
GQCOIV01,LQ,Liquor Liability,CO,INQUIRE,VSAM-ACCESS,,GQCOC001,programs/LQ/gqcoiv01.cbl
GQCOUL01,LQ,Liquor Liability,CO,UPDATE,BUSINESS-LOGIC,GQCOUD01,GQCOC001,programs/LQ/gqcoul01.cbl
GQCOUD01,LQ,Liquor Liability,CO,UPDATE,DB2-ACCESS,GQCOUV01,GQCOC001,programs/LQ/gqcoud01.cbl
GQCOUV01,LQ,Liquor Liability,CO,UPDATE,VSAM-ACCESS,,GQCOC001,programs/LQ/gqcouv01.cbl
GQCODL01,LQ,Liquor Liability,CO,DELETE,BUSINESS-LOGIC,GQCODD01,GQCOC001,programs/LQ/gqcodl01.cbl
GQCODD01,LQ,Liquor Liability,CO,DELETE,DB2-ACCESS,GQCODV01,GQCOC001,programs/LQ/gqcodd01.cbl
GQCODV01,LQ,Liquor Liability,CO,DELETE,VSAM-ACCESS,,GQCOC001,programs/LQ/gqcodv01.cbl
GQCORL01,LQ,Liquor Liability,CO,RATE,BUSINESS-LOGIC,GQCORD01,GQCOC001,programs/LQ/gqcorl01.cbl
GQCORD01,LQ,Liquor Liability,CO,RATE,DB2-ACCESS,,GQCOC001,programs/LQ/gqcord01.cbl
GQCORV01,LQ,Liquor Liability,CO,RATE,VSAM-ACCESS,,GQCOC001,programs/LQ/gqcorv01.cbl
GQCTAL01,LQ,Liquor Liability,CT,ADD,BUSINESS-LOGIC,GQCTAD01,GQCTC001,programs/LQ/gqctal01.cbl
GQCTAD01,LQ,Liquor Liability,CT,ADD,DB2-ACCESS,GQCTAV01,GQCTC001,programs/LQ/gqctad01.cbl
GQCTAV01,LQ,Liquor Liability,CT,ADD,VSAM-ACCESS,,GQCTC001,programs/LQ/gqctav01.cbl
GQCTIL01,LQ,Liquor Liability,CT,INQUIRE,BUSINESS-LOGIC,GQCTID01,GQCTC001,programs/LQ/gqctil01.cbl
GQCTID01,LQ,Liquor Liability,CT,INQUIRE,DB2-ACCESS,,GQCTC001,programs/LQ/gqctid01.cbl
GQCTIV01,LQ,Liquor Liability,CT,INQUIRE,VSAM-ACCESS,,GQCTC001,programs/LQ/gqctiv01.cbl
GQCTUL01,LQ,Liquor Liability,CT,UPDATE,BUSINESS-LOGIC,GQCTUD01,GQCTC001,programs/LQ/gqctul01.cbl
GQCTUD01,LQ,Liquor Liability,CT,UPDATE,DB2-ACCESS,GQCTUV01,GQCTC001,programs/LQ/gqctud01.cbl
GQCTUV01,LQ,Liquor Liability,CT,UPDATE,VSAM-ACCESS,,GQCTC001,programs/LQ/gqctuv01.cbl
GQCTDL01,LQ,Liquor Liability,CT,DELETE,BUSINESS-LOGIC,GQCTDD01,GQCTC001,programs/LQ/gqctdl01.cbl
GQCTDD01,LQ,Liquor Liability,CT,DELETE,DB2-ACCESS,GQCTDV01,GQCTC001,programs/LQ/gqctdd01.cbl
GQCTDV01,LQ,Liquor Liability,CT,DELETE,VSAM-ACCESS,,GQCTC001,programs/LQ/gqctdv01.cbl
GQCTRL01,LQ,Liquor Liability,CT,RATE,BUSINESS-LOGIC,GQCTRD01,GQCTC001,programs/LQ/gqctrl01.cbl
GQCTRD01,LQ,Liquor Liability,CT,RATE,DB2-ACCESS,,GQCTC001,programs/LQ/gqctrd01.cbl
GQCTRV01,LQ,Liquor Liability,CT,RATE,VSAM-ACCESS,,GQCTC001,programs/LQ/gqctrv01.cbl
GQDEAL01,LQ,Liquor Liability,DE,ADD,BUSINESS-LOGIC,GQDEAD01,GQDEC001,programs/LQ/gqdeal01.cbl
GQDEAD01,LQ,Liquor Liability,DE,ADD,DB2-ACCESS,GQDEAV01,GQDEC001,programs/LQ/gqdead01.cbl
GQDEAV01,LQ,Liquor Liability,DE,ADD,VSAM-ACCESS,,GQDEC001,programs/LQ/gqdeav01.cbl
GQDEIL01,LQ,Liquor Liability,DE,INQUIRE,BUSINESS-LOGIC,GQDEID01,GQDEC001,programs/LQ/gqdeil01.cbl
GQDEID01,LQ,Liquor Liability,DE,INQUIRE,DB2-ACCESS,,GQDEC001,programs/LQ/gqdeid01.cbl
GQDEIV01,LQ,Liquor Liability,DE,INQUIRE,VSAM-ACCESS,,GQDEC001,programs/LQ/gqdeiv01.cbl
GQDEUL01,LQ,Liquor Liability,DE,UPDATE,BUSINESS-LOGIC,GQDEUD01,GQDEC001,programs/LQ/gqdeul01.cbl
GQDEUD01,LQ,Liquor Liability,DE,UPDATE,DB2-ACCESS,GQDEUV01,GQDEC001,programs/LQ/gqdeud01.cbl
GQDEUV01,LQ,Liquor Liability,DE,UPDATE,VSAM-ACCESS,,GQDEC001,programs/LQ/gqdeuv01.cbl
GQDEDL01,LQ,Liquor Liability,DE,DELETE,BUSINESS-LOGIC,GQDEDD01,GQDEC001,programs/LQ/gqdedl01.cbl
GQDEDD01,LQ,Liquor Liability,DE,DELETE,DB2-ACCESS,GQDEDV01,GQDEC001,programs/LQ/gqdedd01.cbl
GQDEDV01,LQ,Liquor Liability,DE,DELETE,VSAM-ACCESS,,GQDEC001,programs/LQ/gqdedv01.cbl
GQDERL01,LQ,Liquor Liability,DE,RATE,BUSINESS-LOGIC,GQDERD01,GQDEC001,programs/LQ/gqderl01.cbl
GQDERD01,LQ,Liquor Liability,DE,RATE,DB2-ACCESS,,GQDEC001,programs/LQ/gqderd01.cbl
GQDERV01,LQ,Liquor Liability,DE,RATE,VSAM-ACCESS,,GQDEC001,programs/LQ/gqderv01.cbl
GQDCAL01,LQ,Liquor Liability,DC,ADD,BUSINESS-LOGIC,GQDCAD01,GQDCC001,programs/LQ/gqdcal01.cbl
GQDCAD01,LQ,Liquor Liability,DC,ADD,DB2-ACCESS,GQDCAV01,GQDCC001,programs/LQ/gqdcad01.cbl
GQDCAV01,LQ,Liquor Liability,DC,ADD,VSAM-ACCESS,,GQDCC001,programs/LQ/gqdcav01.cbl
GQDCIL01,LQ,Liquor Liability,DC,INQUIRE,BUSINESS-LOGIC,GQDCID01,GQDCC001,programs/LQ/gqdcil01.cbl
GQDCID01,LQ,Liquor Liability,DC,INQUIRE,DB2-ACCESS,,GQDCC001,programs/LQ/gqdcid01.cbl
GQDCIV01,LQ,Liquor Liability,DC,INQUIRE,VSAM-ACCESS,,GQDCC001,programs/LQ/gqdciv01.cbl
GQDCUL01,LQ,Liquor Liability,DC,UPDATE,BUSINESS-LOGIC,GQDCUD01,GQDCC001,programs/LQ/gqdcul01.cbl
GQDCUD01,LQ,Liquor Liability,DC,UPDATE,DB2-ACCESS,GQDCUV01,GQDCC001,programs/LQ/gqdcud01.cbl
GQDCUV01,LQ,Liquor Liability,DC,UPDATE,VSAM-ACCESS,,GQDCC001,programs/LQ/gqdcuv01.cbl
GQDCDL01,LQ,Liquor Liability,DC,DELETE,BUSINESS-LOGIC,GQDCDD01,GQDCC001,programs/LQ/gqdcdl01.cbl
GQDCDD01,LQ,Liquor Liability,DC,DELETE,DB2-ACCESS,GQDCDV01,GQDCC001,programs/LQ/gqdcdd01.cbl
GQDCDV01,LQ,Liquor Liability,DC,DELETE,VSAM-ACCESS,,GQDCC001,programs/LQ/gqdcdv01.cbl
GQDCRL01,LQ,Liquor Liability,DC,RATE,BUSINESS-LOGIC,GQDCRD01,GQDCC001,programs/LQ/gqdcrl01.cbl
GQDCRD01,LQ,Liquor Liability,DC,RATE,DB2-ACCESS,,GQDCC001,programs/LQ/gqdcrd01.cbl
GQDCRV01,LQ,Liquor Liability,DC,RATE,VSAM-ACCESS,,GQDCC001,programs/LQ/gqdcrv01.cbl
GQFLAL01,LQ,Liquor Liability,FL,ADD,BUSINESS-LOGIC,GQFLAD01,GQFLC001,programs/LQ/gqflal01.cbl
GQFLAD01,LQ,Liquor Liability,FL,ADD,DB2-ACCESS,GQFLAV01,GQFLC001,programs/LQ/gqflad01.cbl
GQFLAV01,LQ,Liquor Liability,FL,ADD,VSAM-ACCESS,,GQFLC001,programs/LQ/gqflav01.cbl
GQFLIL01,LQ,Liquor Liability,FL,INQUIRE,BUSINESS-LOGIC,GQFLID01,GQFLC001,programs/LQ/gqflil01.cbl
GQFLID01,LQ,Liquor Liability,FL,INQUIRE,DB2-ACCESS,,GQFLC001,programs/LQ/gqflid01.cbl
GQFLIV01,LQ,Liquor Liability,FL,INQUIRE,VSAM-ACCESS,,GQFLC001,programs/LQ/gqfliv01.cbl
GQFLUL01,LQ,Liquor Liability,FL,UPDATE,BUSINESS-LOGIC,GQFLUD01,GQFLC001,programs/LQ/gqflul01.cbl
GQFLUD01,LQ,Liquor Liability,FL,UPDATE,DB2-ACCESS,GQFLUV01,GQFLC001,programs/LQ/gqflud01.cbl
GQFLUV01,LQ,Liquor Liability,FL,UPDATE,VSAM-ACCESS,,GQFLC001,programs/LQ/gqfluv01.cbl
GQFLDL01,LQ,Liquor Liability,FL,DELETE,BUSINESS-LOGIC,GQFLDD01,GQFLC001,programs/LQ/gqfldl01.cbl
GQFLDD01,LQ,Liquor Liability,FL,DELETE,DB2-ACCESS,GQFLDV01,GQFLC001,programs/LQ/gqfldd01.cbl
GQFLDV01,LQ,Liquor Liability,FL,DELETE,VSAM-ACCESS,,GQFLC001,programs/LQ/gqfldv01.cbl
GQFLRL01,LQ,Liquor Liability,FL,RATE,BUSINESS-LOGIC,GQFLRD01,GQFLC001,programs/LQ/gqflrl01.cbl
GQFLRD01,LQ,Liquor Liability,FL,RATE,DB2-ACCESS,,GQFLC001,programs/LQ/gqflrd01.cbl
GQFLRV01,LQ,Liquor Liability,FL,RATE,VSAM-ACCESS,,GQFLC001,programs/LQ/gqflrv01.cbl
GQGAAL01,LQ,Liquor Liability,GA,ADD,BUSINESS-LOGIC,GQGAAD01,GQGAC001,programs/LQ/gqgaal01.cbl
GQGAAD01,LQ,Liquor Liability,GA,ADD,DB2-ACCESS,GQGAAV01,GQGAC001,programs/LQ/gqgaad01.cbl
GQGAAV01,LQ,Liquor Liability,GA,ADD,VSAM-ACCESS,,GQGAC001,programs/LQ/gqgaav01.cbl
GQGAIL01,LQ,Liquor Liability,GA,INQUIRE,BUSINESS-LOGIC,GQGAID01,GQGAC001,programs/LQ/gqgail01.cbl
GQGAID01,LQ,Liquor Liability,GA,INQUIRE,DB2-ACCESS,,GQGAC001,programs/LQ/gqgaid01.cbl
GQGAIV01,LQ,Liquor Liability,GA,INQUIRE,VSAM-ACCESS,,GQGAC001,programs/LQ/gqgaiv01.cbl
GQGAUL01,LQ,Liquor Liability,GA,UPDATE,BUSINESS-LOGIC,GQGAUD01,GQGAC001,programs/LQ/gqgaul01.cbl
GQGAUD01,LQ,Liquor Liability,GA,UPDATE,DB2-ACCESS,GQGAUV01,GQGAC001,programs/LQ/gqgaud01.cbl
GQGAUV01,LQ,Liquor Liability,GA,UPDATE,VSAM-ACCESS,,GQGAC001,programs/LQ/gqgauv01.cbl
GQGADL01,LQ,Liquor Liability,GA,DELETE,BUSINESS-LOGIC,GQGADD01,GQGAC001,programs/LQ/gqgadl01.cbl
GQGADD01,LQ,Liquor Liability,GA,DELETE,DB2-ACCESS,GQGADV01,GQGAC001,programs/LQ/gqgadd01.cbl
GQGADV01,LQ,Liquor Liability,GA,DELETE,VSAM-ACCESS,,GQGAC001,programs/LQ/gqgadv01.cbl
GQGARL01,LQ,Liquor Liability,GA,RATE,BUSINESS-LOGIC,GQGARD01,GQGAC001,programs/LQ/gqgarl01.cbl
GQGARD01,LQ,Liquor Liability,GA,RATE,DB2-ACCESS,,GQGAC001,programs/LQ/gqgard01.cbl
GQGARV01,LQ,Liquor Liability,GA,RATE,VSAM-ACCESS,,GQGAC001,programs/LQ/gqgarv01.cbl
GQHIAL01,LQ,Liquor Liability,HI,ADD,BUSINESS-LOGIC,GQHIAD01,GQHIC001,programs/LQ/gqhial01.cbl
GQHIAD01,LQ,Liquor Liability,HI,ADD,DB2-ACCESS,GQHIAV01,GQHIC001,programs/LQ/gqhiad01.cbl
GQHIAV01,LQ,Liquor Liability,HI,ADD,VSAM-ACCESS,,GQHIC001,programs/LQ/gqhiav01.cbl
GQHIIL01,LQ,Liquor Liability,HI,INQUIRE,BUSINESS-LOGIC,GQHIID01,GQHIC001,programs/LQ/gqhiil01.cbl
GQHIID01,LQ,Liquor Liability,HI,INQUIRE,DB2-ACCESS,,GQHIC001,programs/LQ/gqhiid01.cbl
GQHIIV01,LQ,Liquor Liability,HI,INQUIRE,VSAM-ACCESS,,GQHIC001,programs/LQ/gqhiiv01.cbl
GQHIUL01,LQ,Liquor Liability,HI,UPDATE,BUSINESS-LOGIC,GQHIUD01,GQHIC001,programs/LQ/gqhiul01.cbl
GQHIUD01,LQ,Liquor Liability,HI,UPDATE,DB2-ACCESS,GQHIUV01,GQHIC001,programs/LQ/gqhiud01.cbl
GQHIUV01,LQ,Liquor Liability,HI,UPDATE,VSAM-ACCESS,,GQHIC001,programs/LQ/gqhiuv01.cbl
GQHIDL01,LQ,Liquor Liability,HI,DELETE,BUSINESS-LOGIC,GQHIDD01,GQHIC001,programs/LQ/gqhidl01.cbl
GQHIDD01,LQ,Liquor Liability,HI,DELETE,DB2-ACCESS,GQHIDV01,GQHIC001,programs/LQ/gqhidd01.cbl
GQHIDV01,LQ,Liquor Liability,HI,DELETE,VSAM-ACCESS,,GQHIC001,programs/LQ/gqhidv01.cbl
GQHIRL01,LQ,Liquor Liability,HI,RATE,BUSINESS-LOGIC,GQHIRD01,GQHIC001,programs/LQ/gqhirl01.cbl
GQHIRD01,LQ,Liquor Liability,HI,RATE,DB2-ACCESS,,GQHIC001,programs/LQ/gqhird01.cbl
GQHIRV01,LQ,Liquor Liability,HI,RATE,VSAM-ACCESS,,GQHIC001,programs/LQ/gqhirv01.cbl
GQIDAL01,LQ,Liquor Liability,ID,ADD,BUSINESS-LOGIC,GQIDAD01,GQIDC001,programs/LQ/gqidal01.cbl
GQIDAD01,LQ,Liquor Liability,ID,ADD,DB2-ACCESS,GQIDAV01,GQIDC001,programs/LQ/gqidad01.cbl
GQIDAV01,LQ,Liquor Liability,ID,ADD,VSAM-ACCESS,,GQIDC001,programs/LQ/gqidav01.cbl
GQIDIL01,LQ,Liquor Liability,ID,INQUIRE,BUSINESS-LOGIC,GQIDID01,GQIDC001,programs/LQ/gqidil01.cbl
GQIDID01,LQ,Liquor Liability,ID,INQUIRE,DB2-ACCESS,,GQIDC001,programs/LQ/gqidid01.cbl
GQIDIV01,LQ,Liquor Liability,ID,INQUIRE,VSAM-ACCESS,,GQIDC001,programs/LQ/gqidiv01.cbl
GQIDUL01,LQ,Liquor Liability,ID,UPDATE,BUSINESS-LOGIC,GQIDUD01,GQIDC001,programs/LQ/gqidul01.cbl
GQIDUD01,LQ,Liquor Liability,ID,UPDATE,DB2-ACCESS,GQIDUV01,GQIDC001,programs/LQ/gqidud01.cbl
GQIDUV01,LQ,Liquor Liability,ID,UPDATE,VSAM-ACCESS,,GQIDC001,programs/LQ/gqiduv01.cbl
GQIDDL01,LQ,Liquor Liability,ID,DELETE,BUSINESS-LOGIC,GQIDDD01,GQIDC001,programs/LQ/gqiddl01.cbl
GQIDDD01,LQ,Liquor Liability,ID,DELETE,DB2-ACCESS,GQIDDV01,GQIDC001,programs/LQ/gqiddd01.cbl
GQIDDV01,LQ,Liquor Liability,ID,DELETE,VSAM-ACCESS,,GQIDC001,programs/LQ/gqiddv01.cbl
GQIDRL01,LQ,Liquor Liability,ID,RATE,BUSINESS-LOGIC,GQIDRD01,GQIDC001,programs/LQ/gqidrl01.cbl
GQIDRD01,LQ,Liquor Liability,ID,RATE,DB2-ACCESS,,GQIDC001,programs/LQ/gqidrd01.cbl
GQIDRV01,LQ,Liquor Liability,ID,RATE,VSAM-ACCESS,,GQIDC001,programs/LQ/gqidrv01.cbl
GQILAL01,LQ,Liquor Liability,IL,ADD,BUSINESS-LOGIC,GQILAD01,GQILC001,programs/LQ/gqilal01.cbl
GQILAD01,LQ,Liquor Liability,IL,ADD,DB2-ACCESS,GQILAV01,GQILC001,programs/LQ/gqilad01.cbl
GQILAV01,LQ,Liquor Liability,IL,ADD,VSAM-ACCESS,,GQILC001,programs/LQ/gqilav01.cbl
GQILIL01,LQ,Liquor Liability,IL,INQUIRE,BUSINESS-LOGIC,GQILID01,GQILC001,programs/LQ/gqilil01.cbl
GQILID01,LQ,Liquor Liability,IL,INQUIRE,DB2-ACCESS,,GQILC001,programs/LQ/gqilid01.cbl
GQILIV01,LQ,Liquor Liability,IL,INQUIRE,VSAM-ACCESS,,GQILC001,programs/LQ/gqiliv01.cbl
GQILUL01,LQ,Liquor Liability,IL,UPDATE,BUSINESS-LOGIC,GQILUD01,GQILC001,programs/LQ/gqilul01.cbl
GQILUD01,LQ,Liquor Liability,IL,UPDATE,DB2-ACCESS,GQILUV01,GQILC001,programs/LQ/gqilud01.cbl
GQILUV01,LQ,Liquor Liability,IL,UPDATE,VSAM-ACCESS,,GQILC001,programs/LQ/gqiluv01.cbl
GQILDL01,LQ,Liquor Liability,IL,DELETE,BUSINESS-LOGIC,GQILDD01,GQILC001,programs/LQ/gqildl01.cbl
GQILDD01,LQ,Liquor Liability,IL,DELETE,DB2-ACCESS,GQILDV01,GQILC001,programs/LQ/gqildd01.cbl
GQILDV01,LQ,Liquor Liability,IL,DELETE,VSAM-ACCESS,,GQILC001,programs/LQ/gqildv01.cbl
GQILRL01,LQ,Liquor Liability,IL,RATE,BUSINESS-LOGIC,GQILRD01,GQILC001,programs/LQ/gqilrl01.cbl
GQILRD01,LQ,Liquor Liability,IL,RATE,DB2-ACCESS,,GQILC001,programs/LQ/gqilrd01.cbl
GQILRV01,LQ,Liquor Liability,IL,RATE,VSAM-ACCESS,,GQILC001,programs/LQ/gqilrv01.cbl
GQINAL01,LQ,Liquor Liability,IN,ADD,BUSINESS-LOGIC,GQINAD01,GQINC001,programs/LQ/gqinal01.cbl
GQINAD01,LQ,Liquor Liability,IN,ADD,DB2-ACCESS,GQINAV01,GQINC001,programs/LQ/gqinad01.cbl
GQINAV01,LQ,Liquor Liability,IN,ADD,VSAM-ACCESS,,GQINC001,programs/LQ/gqinav01.cbl
GQINIL01,LQ,Liquor Liability,IN,INQUIRE,BUSINESS-LOGIC,GQINID01,GQINC001,programs/LQ/gqinil01.cbl
GQINID01,LQ,Liquor Liability,IN,INQUIRE,DB2-ACCESS,,GQINC001,programs/LQ/gqinid01.cbl
GQINIV01,LQ,Liquor Liability,IN,INQUIRE,VSAM-ACCESS,,GQINC001,programs/LQ/gqiniv01.cbl
GQINUL01,LQ,Liquor Liability,IN,UPDATE,BUSINESS-LOGIC,GQINUD01,GQINC001,programs/LQ/gqinul01.cbl
GQINUD01,LQ,Liquor Liability,IN,UPDATE,DB2-ACCESS,GQINUV01,GQINC001,programs/LQ/gqinud01.cbl
GQINUV01,LQ,Liquor Liability,IN,UPDATE,VSAM-ACCESS,,GQINC001,programs/LQ/gqinuv01.cbl
GQINDL01,LQ,Liquor Liability,IN,DELETE,BUSINESS-LOGIC,GQINDD01,GQINC001,programs/LQ/gqindl01.cbl
GQINDD01,LQ,Liquor Liability,IN,DELETE,DB2-ACCESS,GQINDV01,GQINC001,programs/LQ/gqindd01.cbl
GQINDV01,LQ,Liquor Liability,IN,DELETE,VSAM-ACCESS,,GQINC001,programs/LQ/gqindv01.cbl
GQINRL01,LQ,Liquor Liability,IN,RATE,BUSINESS-LOGIC,GQINRD01,GQINC001,programs/LQ/gqinrl01.cbl
GQINRD01,LQ,Liquor Liability,IN,RATE,DB2-ACCESS,,GQINC001,programs/LQ/gqinrd01.cbl
GQINRV01,LQ,Liquor Liability,IN,RATE,VSAM-ACCESS,,GQINC001,programs/LQ/gqinrv01.cbl
GQIAAL01,LQ,Liquor Liability,IA,ADD,BUSINESS-LOGIC,GQIAAD01,GQIAC001,programs/LQ/gqiaal01.cbl
GQIAAD01,LQ,Liquor Liability,IA,ADD,DB2-ACCESS,GQIAAV01,GQIAC001,programs/LQ/gqiaad01.cbl
GQIAAV01,LQ,Liquor Liability,IA,ADD,VSAM-ACCESS,,GQIAC001,programs/LQ/gqiaav01.cbl
GQIAIL01,LQ,Liquor Liability,IA,INQUIRE,BUSINESS-LOGIC,GQIAID01,GQIAC001,programs/LQ/gqiail01.cbl
GQIAID01,LQ,Liquor Liability,IA,INQUIRE,DB2-ACCESS,,GQIAC001,programs/LQ/gqiaid01.cbl
GQIAIV01,LQ,Liquor Liability,IA,INQUIRE,VSAM-ACCESS,,GQIAC001,programs/LQ/gqiaiv01.cbl
GQIAUL01,LQ,Liquor Liability,IA,UPDATE,BUSINESS-LOGIC,GQIAUD01,GQIAC001,programs/LQ/gqiaul01.cbl
GQIAUD01,LQ,Liquor Liability,IA,UPDATE,DB2-ACCESS,GQIAUV01,GQIAC001,programs/LQ/gqiaud01.cbl
GQIAUV01,LQ,Liquor Liability,IA,UPDATE,VSAM-ACCESS,,GQIAC001,programs/LQ/gqiauv01.cbl
GQIADL01,LQ,Liquor Liability,IA,DELETE,BUSINESS-LOGIC,GQIADD01,GQIAC001,programs/LQ/gqiadl01.cbl
GQIADD01,LQ,Liquor Liability,IA,DELETE,DB2-ACCESS,GQIADV01,GQIAC001,programs/LQ/gqiadd01.cbl
GQIADV01,LQ,Liquor Liability,IA,DELETE,VSAM-ACCESS,,GQIAC001,programs/LQ/gqiadv01.cbl
GQIARL01,LQ,Liquor Liability,IA,RATE,BUSINESS-LOGIC,GQIARD01,GQIAC001,programs/LQ/gqiarl01.cbl
GQIARD01,LQ,Liquor Liability,IA,RATE,DB2-ACCESS,,GQIAC001,programs/LQ/gqiard01.cbl
GQIARV01,LQ,Liquor Liability,IA,RATE,VSAM-ACCESS,,GQIAC001,programs/LQ/gqiarv01.cbl
GQKSAL01,LQ,Liquor Liability,KS,ADD,BUSINESS-LOGIC,GQKSAD01,GQKSC001,programs/LQ/gqksal01.cbl
GQKSAD01,LQ,Liquor Liability,KS,ADD,DB2-ACCESS,GQKSAV01,GQKSC001,programs/LQ/gqksad01.cbl
GQKSAV01,LQ,Liquor Liability,KS,ADD,VSAM-ACCESS,,GQKSC001,programs/LQ/gqksav01.cbl
GQKSIL01,LQ,Liquor Liability,KS,INQUIRE,BUSINESS-LOGIC,GQKSID01,GQKSC001,programs/LQ/gqksil01.cbl
GQKSID01,LQ,Liquor Liability,KS,INQUIRE,DB2-ACCESS,,GQKSC001,programs/LQ/gqksid01.cbl
GQKSIV01,LQ,Liquor Liability,KS,INQUIRE,VSAM-ACCESS,,GQKSC001,programs/LQ/gqksiv01.cbl
GQKSUL01,LQ,Liquor Liability,KS,UPDATE,BUSINESS-LOGIC,GQKSUD01,GQKSC001,programs/LQ/gqksul01.cbl
GQKSUD01,LQ,Liquor Liability,KS,UPDATE,DB2-ACCESS,GQKSUV01,GQKSC001,programs/LQ/gqksud01.cbl
GQKSUV01,LQ,Liquor Liability,KS,UPDATE,VSAM-ACCESS,,GQKSC001,programs/LQ/gqksuv01.cbl
GQKSDL01,LQ,Liquor Liability,KS,DELETE,BUSINESS-LOGIC,GQKSDD01,GQKSC001,programs/LQ/gqksdl01.cbl
GQKSDD01,LQ,Liquor Liability,KS,DELETE,DB2-ACCESS,GQKSDV01,GQKSC001,programs/LQ/gqksdd01.cbl
GQKSDV01,LQ,Liquor Liability,KS,DELETE,VSAM-ACCESS,,GQKSC001,programs/LQ/gqksdv01.cbl
GQKSRL01,LQ,Liquor Liability,KS,RATE,BUSINESS-LOGIC,GQKSRD01,GQKSC001,programs/LQ/gqksrl01.cbl
GQKSRD01,LQ,Liquor Liability,KS,RATE,DB2-ACCESS,,GQKSC001,programs/LQ/gqksrd01.cbl
GQKSRV01,LQ,Liquor Liability,KS,RATE,VSAM-ACCESS,,GQKSC001,programs/LQ/gqksrv01.cbl
GQKYAL01,LQ,Liquor Liability,KY,ADD,BUSINESS-LOGIC,GQKYAD01,GQKYC001,programs/LQ/gqkyal01.cbl
GQKYAD01,LQ,Liquor Liability,KY,ADD,DB2-ACCESS,GQKYAV01,GQKYC001,programs/LQ/gqkyad01.cbl
GQKYAV01,LQ,Liquor Liability,KY,ADD,VSAM-ACCESS,,GQKYC001,programs/LQ/gqkyav01.cbl
GQKYIL01,LQ,Liquor Liability,KY,INQUIRE,BUSINESS-LOGIC,GQKYID01,GQKYC001,programs/LQ/gqkyil01.cbl
GQKYID01,LQ,Liquor Liability,KY,INQUIRE,DB2-ACCESS,,GQKYC001,programs/LQ/gqkyid01.cbl
GQKYIV01,LQ,Liquor Liability,KY,INQUIRE,VSAM-ACCESS,,GQKYC001,programs/LQ/gqkyiv01.cbl
GQKYUL01,LQ,Liquor Liability,KY,UPDATE,BUSINESS-LOGIC,GQKYUD01,GQKYC001,programs/LQ/gqkyul01.cbl
GQKYUD01,LQ,Liquor Liability,KY,UPDATE,DB2-ACCESS,GQKYUV01,GQKYC001,programs/LQ/gqkyud01.cbl
GQKYUV01,LQ,Liquor Liability,KY,UPDATE,VSAM-ACCESS,,GQKYC001,programs/LQ/gqkyuv01.cbl
GQKYDL01,LQ,Liquor Liability,KY,DELETE,BUSINESS-LOGIC,GQKYDD01,GQKYC001,programs/LQ/gqkydl01.cbl
GQKYDD01,LQ,Liquor Liability,KY,DELETE,DB2-ACCESS,GQKYDV01,GQKYC001,programs/LQ/gqkydd01.cbl
GQKYDV01,LQ,Liquor Liability,KY,DELETE,VSAM-ACCESS,,GQKYC001,programs/LQ/gqkydv01.cbl
GQKYRL01,LQ,Liquor Liability,KY,RATE,BUSINESS-LOGIC,GQKYRD01,GQKYC001,programs/LQ/gqkyrl01.cbl
GQKYRD01,LQ,Liquor Liability,KY,RATE,DB2-ACCESS,,GQKYC001,programs/LQ/gqkyrd01.cbl
GQKYRV01,LQ,Liquor Liability,KY,RATE,VSAM-ACCESS,,GQKYC001,programs/LQ/gqkyrv01.cbl
GQLAAL01,LQ,Liquor Liability,LA,ADD,BUSINESS-LOGIC,GQLAAD01,GQLAC001,programs/LQ/gqlaal01.cbl
GQLAAD01,LQ,Liquor Liability,LA,ADD,DB2-ACCESS,GQLAAV01,GQLAC001,programs/LQ/gqlaad01.cbl
GQLAAV01,LQ,Liquor Liability,LA,ADD,VSAM-ACCESS,,GQLAC001,programs/LQ/gqlaav01.cbl
GQLAIL01,LQ,Liquor Liability,LA,INQUIRE,BUSINESS-LOGIC,GQLAID01,GQLAC001,programs/LQ/gqlail01.cbl
GQLAID01,LQ,Liquor Liability,LA,INQUIRE,DB2-ACCESS,,GQLAC001,programs/LQ/gqlaid01.cbl
GQLAIV01,LQ,Liquor Liability,LA,INQUIRE,VSAM-ACCESS,,GQLAC001,programs/LQ/gqlaiv01.cbl
GQLAUL01,LQ,Liquor Liability,LA,UPDATE,BUSINESS-LOGIC,GQLAUD01,GQLAC001,programs/LQ/gqlaul01.cbl
GQLAUD01,LQ,Liquor Liability,LA,UPDATE,DB2-ACCESS,GQLAUV01,GQLAC001,programs/LQ/gqlaud01.cbl
GQLAUV01,LQ,Liquor Liability,LA,UPDATE,VSAM-ACCESS,,GQLAC001,programs/LQ/gqlauv01.cbl
GQLADL01,LQ,Liquor Liability,LA,DELETE,BUSINESS-LOGIC,GQLADD01,GQLAC001,programs/LQ/gqladl01.cbl
GQLADD01,LQ,Liquor Liability,LA,DELETE,DB2-ACCESS,GQLADV01,GQLAC001,programs/LQ/gqladd01.cbl
GQLADV01,LQ,Liquor Liability,LA,DELETE,VSAM-ACCESS,,GQLAC001,programs/LQ/gqladv01.cbl
GQLARL01,LQ,Liquor Liability,LA,RATE,BUSINESS-LOGIC,GQLARD01,GQLAC001,programs/LQ/gqlarl01.cbl
GQLARD01,LQ,Liquor Liability,LA,RATE,DB2-ACCESS,,GQLAC001,programs/LQ/gqlard01.cbl
GQLARV01,LQ,Liquor Liability,LA,RATE,VSAM-ACCESS,,GQLAC001,programs/LQ/gqlarv01.cbl
GQMEAL01,LQ,Liquor Liability,ME,ADD,BUSINESS-LOGIC,GQMEAD01,GQMEC001,programs/LQ/gqmeal01.cbl
GQMEAD01,LQ,Liquor Liability,ME,ADD,DB2-ACCESS,GQMEAV01,GQMEC001,programs/LQ/gqmead01.cbl
GQMEAV01,LQ,Liquor Liability,ME,ADD,VSAM-ACCESS,,GQMEC001,programs/LQ/gqmeav01.cbl
GQMEIL01,LQ,Liquor Liability,ME,INQUIRE,BUSINESS-LOGIC,GQMEID01,GQMEC001,programs/LQ/gqmeil01.cbl
GQMEID01,LQ,Liquor Liability,ME,INQUIRE,DB2-ACCESS,,GQMEC001,programs/LQ/gqmeid01.cbl
GQMEIV01,LQ,Liquor Liability,ME,INQUIRE,VSAM-ACCESS,,GQMEC001,programs/LQ/gqmeiv01.cbl
GQMEUL01,LQ,Liquor Liability,ME,UPDATE,BUSINESS-LOGIC,GQMEUD01,GQMEC001,programs/LQ/gqmeul01.cbl
GQMEUD01,LQ,Liquor Liability,ME,UPDATE,DB2-ACCESS,GQMEUV01,GQMEC001,programs/LQ/gqmeud01.cbl
GQMEUV01,LQ,Liquor Liability,ME,UPDATE,VSAM-ACCESS,,GQMEC001,programs/LQ/gqmeuv01.cbl
GQMEDL01,LQ,Liquor Liability,ME,DELETE,BUSINESS-LOGIC,GQMEDD01,GQMEC001,programs/LQ/gqmedl01.cbl
GQMEDD01,LQ,Liquor Liability,ME,DELETE,DB2-ACCESS,GQMEDV01,GQMEC001,programs/LQ/gqmedd01.cbl
GQMEDV01,LQ,Liquor Liability,ME,DELETE,VSAM-ACCESS,,GQMEC001,programs/LQ/gqmedv01.cbl
GQMERL01,LQ,Liquor Liability,ME,RATE,BUSINESS-LOGIC,GQMERD01,GQMEC001,programs/LQ/gqmerl01.cbl
GQMERD01,LQ,Liquor Liability,ME,RATE,DB2-ACCESS,,GQMEC001,programs/LQ/gqmerd01.cbl
GQMERV01,LQ,Liquor Liability,ME,RATE,VSAM-ACCESS,,GQMEC001,programs/LQ/gqmerv01.cbl
GQMDAL01,LQ,Liquor Liability,MD,ADD,BUSINESS-LOGIC,GQMDAD01,GQMDC001,programs/LQ/gqmdal01.cbl
GQMDAD01,LQ,Liquor Liability,MD,ADD,DB2-ACCESS,GQMDAV01,GQMDC001,programs/LQ/gqmdad01.cbl
GQMDAV01,LQ,Liquor Liability,MD,ADD,VSAM-ACCESS,,GQMDC001,programs/LQ/gqmdav01.cbl
GQMDIL01,LQ,Liquor Liability,MD,INQUIRE,BUSINESS-LOGIC,GQMDID01,GQMDC001,programs/LQ/gqmdil01.cbl
GQMDID01,LQ,Liquor Liability,MD,INQUIRE,DB2-ACCESS,,GQMDC001,programs/LQ/gqmdid01.cbl
GQMDIV01,LQ,Liquor Liability,MD,INQUIRE,VSAM-ACCESS,,GQMDC001,programs/LQ/gqmdiv01.cbl
GQMDUL01,LQ,Liquor Liability,MD,UPDATE,BUSINESS-LOGIC,GQMDUD01,GQMDC001,programs/LQ/gqmdul01.cbl
GQMDUD01,LQ,Liquor Liability,MD,UPDATE,DB2-ACCESS,GQMDUV01,GQMDC001,programs/LQ/gqmdud01.cbl
GQMDUV01,LQ,Liquor Liability,MD,UPDATE,VSAM-ACCESS,,GQMDC001,programs/LQ/gqmduv01.cbl
GQMDDL01,LQ,Liquor Liability,MD,DELETE,BUSINESS-LOGIC,GQMDDD01,GQMDC001,programs/LQ/gqmddl01.cbl
GQMDDD01,LQ,Liquor Liability,MD,DELETE,DB2-ACCESS,GQMDDV01,GQMDC001,programs/LQ/gqmddd01.cbl
GQMDDV01,LQ,Liquor Liability,MD,DELETE,VSAM-ACCESS,,GQMDC001,programs/LQ/gqmddv01.cbl
GQMDRL01,LQ,Liquor Liability,MD,RATE,BUSINESS-LOGIC,GQMDRD01,GQMDC001,programs/LQ/gqmdrl01.cbl
GQMDRD01,LQ,Liquor Liability,MD,RATE,DB2-ACCESS,,GQMDC001,programs/LQ/gqmdrd01.cbl
GQMDRV01,LQ,Liquor Liability,MD,RATE,VSAM-ACCESS,,GQMDC001,programs/LQ/gqmdrv01.cbl
GQMAAL01,LQ,Liquor Liability,MA,ADD,BUSINESS-LOGIC,GQMAAD01,GQMAC001,programs/LQ/gqmaal01.cbl
GQMAAD01,LQ,Liquor Liability,MA,ADD,DB2-ACCESS,GQMAAV01,GQMAC001,programs/LQ/gqmaad01.cbl
GQMAAV01,LQ,Liquor Liability,MA,ADD,VSAM-ACCESS,,GQMAC001,programs/LQ/gqmaav01.cbl
GQMAIL01,LQ,Liquor Liability,MA,INQUIRE,BUSINESS-LOGIC,GQMAID01,GQMAC001,programs/LQ/gqmail01.cbl
GQMAID01,LQ,Liquor Liability,MA,INQUIRE,DB2-ACCESS,,GQMAC001,programs/LQ/gqmaid01.cbl
GQMAIV01,LQ,Liquor Liability,MA,INQUIRE,VSAM-ACCESS,,GQMAC001,programs/LQ/gqmaiv01.cbl
GQMAUL01,LQ,Liquor Liability,MA,UPDATE,BUSINESS-LOGIC,GQMAUD01,GQMAC001,programs/LQ/gqmaul01.cbl
GQMAUD01,LQ,Liquor Liability,MA,UPDATE,DB2-ACCESS,GQMAUV01,GQMAC001,programs/LQ/gqmaud01.cbl
GQMAUV01,LQ,Liquor Liability,MA,UPDATE,VSAM-ACCESS,,GQMAC001,programs/LQ/gqmauv01.cbl
GQMADL01,LQ,Liquor Liability,MA,DELETE,BUSINESS-LOGIC,GQMADD01,GQMAC001,programs/LQ/gqmadl01.cbl
GQMADD01,LQ,Liquor Liability,MA,DELETE,DB2-ACCESS,GQMADV01,GQMAC001,programs/LQ/gqmadd01.cbl
GQMADV01,LQ,Liquor Liability,MA,DELETE,VSAM-ACCESS,,GQMAC001,programs/LQ/gqmadv01.cbl
GQMARL01,LQ,Liquor Liability,MA,RATE,BUSINESS-LOGIC,GQMARD01,GQMAC001,programs/LQ/gqmarl01.cbl
GQMARD01,LQ,Liquor Liability,MA,RATE,DB2-ACCESS,,GQMAC001,programs/LQ/gqmard01.cbl
GQMARV01,LQ,Liquor Liability,MA,RATE,VSAM-ACCESS,,GQMAC001,programs/LQ/gqmarv01.cbl
GQMIAL01,LQ,Liquor Liability,MI,ADD,BUSINESS-LOGIC,GQMIAD01,GQMIC001,programs/LQ/gqmial01.cbl
GQMIAD01,LQ,Liquor Liability,MI,ADD,DB2-ACCESS,GQMIAV01,GQMIC001,programs/LQ/gqmiad01.cbl
GQMIAV01,LQ,Liquor Liability,MI,ADD,VSAM-ACCESS,,GQMIC001,programs/LQ/gqmiav01.cbl
GQMIIL01,LQ,Liquor Liability,MI,INQUIRE,BUSINESS-LOGIC,GQMIID01,GQMIC001,programs/LQ/gqmiil01.cbl
GQMIID01,LQ,Liquor Liability,MI,INQUIRE,DB2-ACCESS,,GQMIC001,programs/LQ/gqmiid01.cbl
GQMIIV01,LQ,Liquor Liability,MI,INQUIRE,VSAM-ACCESS,,GQMIC001,programs/LQ/gqmiiv01.cbl
GQMIUL01,LQ,Liquor Liability,MI,UPDATE,BUSINESS-LOGIC,GQMIUD01,GQMIC001,programs/LQ/gqmiul01.cbl
GQMIUD01,LQ,Liquor Liability,MI,UPDATE,DB2-ACCESS,GQMIUV01,GQMIC001,programs/LQ/gqmiud01.cbl
GQMIUV01,LQ,Liquor Liability,MI,UPDATE,VSAM-ACCESS,,GQMIC001,programs/LQ/gqmiuv01.cbl
GQMIDL01,LQ,Liquor Liability,MI,DELETE,BUSINESS-LOGIC,GQMIDD01,GQMIC001,programs/LQ/gqmidl01.cbl
GQMIDD01,LQ,Liquor Liability,MI,DELETE,DB2-ACCESS,GQMIDV01,GQMIC001,programs/LQ/gqmidd01.cbl
GQMIDV01,LQ,Liquor Liability,MI,DELETE,VSAM-ACCESS,,GQMIC001,programs/LQ/gqmidv01.cbl
GQMIRL01,LQ,Liquor Liability,MI,RATE,BUSINESS-LOGIC,GQMIRD01,GQMIC001,programs/LQ/gqmirl01.cbl
GQMIRD01,LQ,Liquor Liability,MI,RATE,DB2-ACCESS,,GQMIC001,programs/LQ/gqmird01.cbl
GQMIRV01,LQ,Liquor Liability,MI,RATE,VSAM-ACCESS,,GQMIC001,programs/LQ/gqmirv01.cbl
GQMNAL01,LQ,Liquor Liability,MN,ADD,BUSINESS-LOGIC,GQMNAD01,GQMNC001,programs/LQ/gqmnal01.cbl
GQMNAD01,LQ,Liquor Liability,MN,ADD,DB2-ACCESS,GQMNAV01,GQMNC001,programs/LQ/gqmnad01.cbl
GQMNAV01,LQ,Liquor Liability,MN,ADD,VSAM-ACCESS,,GQMNC001,programs/LQ/gqmnav01.cbl
GQMNIL01,LQ,Liquor Liability,MN,INQUIRE,BUSINESS-LOGIC,GQMNID01,GQMNC001,programs/LQ/gqmnil01.cbl
GQMNID01,LQ,Liquor Liability,MN,INQUIRE,DB2-ACCESS,,GQMNC001,programs/LQ/gqmnid01.cbl
GQMNIV01,LQ,Liquor Liability,MN,INQUIRE,VSAM-ACCESS,,GQMNC001,programs/LQ/gqmniv01.cbl
GQMNUL01,LQ,Liquor Liability,MN,UPDATE,BUSINESS-LOGIC,GQMNUD01,GQMNC001,programs/LQ/gqmnul01.cbl
GQMNUD01,LQ,Liquor Liability,MN,UPDATE,DB2-ACCESS,GQMNUV01,GQMNC001,programs/LQ/gqmnud01.cbl
GQMNUV01,LQ,Liquor Liability,MN,UPDATE,VSAM-ACCESS,,GQMNC001,programs/LQ/gqmnuv01.cbl
GQMNDL01,LQ,Liquor Liability,MN,DELETE,BUSINESS-LOGIC,GQMNDD01,GQMNC001,programs/LQ/gqmndl01.cbl
GQMNDD01,LQ,Liquor Liability,MN,DELETE,DB2-ACCESS,GQMNDV01,GQMNC001,programs/LQ/gqmndd01.cbl
GQMNDV01,LQ,Liquor Liability,MN,DELETE,VSAM-ACCESS,,GQMNC001,programs/LQ/gqmndv01.cbl
GQMNRL01,LQ,Liquor Liability,MN,RATE,BUSINESS-LOGIC,GQMNRD01,GQMNC001,programs/LQ/gqmnrl01.cbl
GQMNRD01,LQ,Liquor Liability,MN,RATE,DB2-ACCESS,,GQMNC001,programs/LQ/gqmnrd01.cbl
GQMNRV01,LQ,Liquor Liability,MN,RATE,VSAM-ACCESS,,GQMNC001,programs/LQ/gqmnrv01.cbl
GQMSAL01,LQ,Liquor Liability,MS,ADD,BUSINESS-LOGIC,GQMSAD01,GQMSC001,programs/LQ/gqmsal01.cbl
GQMSAD01,LQ,Liquor Liability,MS,ADD,DB2-ACCESS,GQMSAV01,GQMSC001,programs/LQ/gqmsad01.cbl
GQMSAV01,LQ,Liquor Liability,MS,ADD,VSAM-ACCESS,,GQMSC001,programs/LQ/gqmsav01.cbl
GQMSIL01,LQ,Liquor Liability,MS,INQUIRE,BUSINESS-LOGIC,GQMSID01,GQMSC001,programs/LQ/gqmsil01.cbl
GQMSID01,LQ,Liquor Liability,MS,INQUIRE,DB2-ACCESS,,GQMSC001,programs/LQ/gqmsid01.cbl
GQMSIV01,LQ,Liquor Liability,MS,INQUIRE,VSAM-ACCESS,,GQMSC001,programs/LQ/gqmsiv01.cbl
GQMSUL01,LQ,Liquor Liability,MS,UPDATE,BUSINESS-LOGIC,GQMSUD01,GQMSC001,programs/LQ/gqmsul01.cbl
GQMSUD01,LQ,Liquor Liability,MS,UPDATE,DB2-ACCESS,GQMSUV01,GQMSC001,programs/LQ/gqmsud01.cbl
GQMSUV01,LQ,Liquor Liability,MS,UPDATE,VSAM-ACCESS,,GQMSC001,programs/LQ/gqmsuv01.cbl
GQMSDL01,LQ,Liquor Liability,MS,DELETE,BUSINESS-LOGIC,GQMSDD01,GQMSC001,programs/LQ/gqmsdl01.cbl
GQMSDD01,LQ,Liquor Liability,MS,DELETE,DB2-ACCESS,GQMSDV01,GQMSC001,programs/LQ/gqmsdd01.cbl
GQMSDV01,LQ,Liquor Liability,MS,DELETE,VSAM-ACCESS,,GQMSC001,programs/LQ/gqmsdv01.cbl
GQMSRL01,LQ,Liquor Liability,MS,RATE,BUSINESS-LOGIC,GQMSRD01,GQMSC001,programs/LQ/gqmsrl01.cbl
GQMSRD01,LQ,Liquor Liability,MS,RATE,DB2-ACCESS,,GQMSC001,programs/LQ/gqmsrd01.cbl
GQMSRV01,LQ,Liquor Liability,MS,RATE,VSAM-ACCESS,,GQMSC001,programs/LQ/gqmsrv01.cbl
GQMOAL01,LQ,Liquor Liability,MO,ADD,BUSINESS-LOGIC,GQMOAD01,GQMOC001,programs/LQ/gqmoal01.cbl
GQMOAD01,LQ,Liquor Liability,MO,ADD,DB2-ACCESS,GQMOAV01,GQMOC001,programs/LQ/gqmoad01.cbl
GQMOAV01,LQ,Liquor Liability,MO,ADD,VSAM-ACCESS,,GQMOC001,programs/LQ/gqmoav01.cbl
GQMOIL01,LQ,Liquor Liability,MO,INQUIRE,BUSINESS-LOGIC,GQMOID01,GQMOC001,programs/LQ/gqmoil01.cbl
GQMOID01,LQ,Liquor Liability,MO,INQUIRE,DB2-ACCESS,,GQMOC001,programs/LQ/gqmoid01.cbl
GQMOIV01,LQ,Liquor Liability,MO,INQUIRE,VSAM-ACCESS,,GQMOC001,programs/LQ/gqmoiv01.cbl
GQMOUL01,LQ,Liquor Liability,MO,UPDATE,BUSINESS-LOGIC,GQMOUD01,GQMOC001,programs/LQ/gqmoul01.cbl
GQMOUD01,LQ,Liquor Liability,MO,UPDATE,DB2-ACCESS,GQMOUV01,GQMOC001,programs/LQ/gqmoud01.cbl
GQMOUV01,LQ,Liquor Liability,MO,UPDATE,VSAM-ACCESS,,GQMOC001,programs/LQ/gqmouv01.cbl
GQMODL01,LQ,Liquor Liability,MO,DELETE,BUSINESS-LOGIC,GQMODD01,GQMOC001,programs/LQ/gqmodl01.cbl
GQMODD01,LQ,Liquor Liability,MO,DELETE,DB2-ACCESS,GQMODV01,GQMOC001,programs/LQ/gqmodd01.cbl
GQMODV01,LQ,Liquor Liability,MO,DELETE,VSAM-ACCESS,,GQMOC001,programs/LQ/gqmodv01.cbl
GQMORL01,LQ,Liquor Liability,MO,RATE,BUSINESS-LOGIC,GQMORD01,GQMOC001,programs/LQ/gqmorl01.cbl
GQMORD01,LQ,Liquor Liability,MO,RATE,DB2-ACCESS,,GQMOC001,programs/LQ/gqmord01.cbl
GQMORV01,LQ,Liquor Liability,MO,RATE,VSAM-ACCESS,,GQMOC001,programs/LQ/gqmorv01.cbl
GQMTAL01,LQ,Liquor Liability,MT,ADD,BUSINESS-LOGIC,GQMTAD01,GQMTC001,programs/LQ/gqmtal01.cbl
GQMTAD01,LQ,Liquor Liability,MT,ADD,DB2-ACCESS,GQMTAV01,GQMTC001,programs/LQ/gqmtad01.cbl
GQMTAV01,LQ,Liquor Liability,MT,ADD,VSAM-ACCESS,,GQMTC001,programs/LQ/gqmtav01.cbl
GQMTIL01,LQ,Liquor Liability,MT,INQUIRE,BUSINESS-LOGIC,GQMTID01,GQMTC001,programs/LQ/gqmtil01.cbl
GQMTID01,LQ,Liquor Liability,MT,INQUIRE,DB2-ACCESS,,GQMTC001,programs/LQ/gqmtid01.cbl
GQMTIV01,LQ,Liquor Liability,MT,INQUIRE,VSAM-ACCESS,,GQMTC001,programs/LQ/gqmtiv01.cbl
GQMTUL01,LQ,Liquor Liability,MT,UPDATE,BUSINESS-LOGIC,GQMTUD01,GQMTC001,programs/LQ/gqmtul01.cbl
GQMTUD01,LQ,Liquor Liability,MT,UPDATE,DB2-ACCESS,GQMTUV01,GQMTC001,programs/LQ/gqmtud01.cbl
GQMTUV01,LQ,Liquor Liability,MT,UPDATE,VSAM-ACCESS,,GQMTC001,programs/LQ/gqmtuv01.cbl
GQMTDL01,LQ,Liquor Liability,MT,DELETE,BUSINESS-LOGIC,GQMTDD01,GQMTC001,programs/LQ/gqmtdl01.cbl
GQMTDD01,LQ,Liquor Liability,MT,DELETE,DB2-ACCESS,GQMTDV01,GQMTC001,programs/LQ/gqmtdd01.cbl
GQMTDV01,LQ,Liquor Liability,MT,DELETE,VSAM-ACCESS,,GQMTC001,programs/LQ/gqmtdv01.cbl
GQMTRL01,LQ,Liquor Liability,MT,RATE,BUSINESS-LOGIC,GQMTRD01,GQMTC001,programs/LQ/gqmtrl01.cbl
GQMTRD01,LQ,Liquor Liability,MT,RATE,DB2-ACCESS,,GQMTC001,programs/LQ/gqmtrd01.cbl
GQMTRV01,LQ,Liquor Liability,MT,RATE,VSAM-ACCESS,,GQMTC001,programs/LQ/gqmtrv01.cbl
GQNEAL01,LQ,Liquor Liability,NE,ADD,BUSINESS-LOGIC,GQNEAD01,GQNEC001,programs/LQ/gqneal01.cbl
GQNEAD01,LQ,Liquor Liability,NE,ADD,DB2-ACCESS,GQNEAV01,GQNEC001,programs/LQ/gqnead01.cbl
GQNEAV01,LQ,Liquor Liability,NE,ADD,VSAM-ACCESS,,GQNEC001,programs/LQ/gqneav01.cbl
GQNEIL01,LQ,Liquor Liability,NE,INQUIRE,BUSINESS-LOGIC,GQNEID01,GQNEC001,programs/LQ/gqneil01.cbl
GQNEID01,LQ,Liquor Liability,NE,INQUIRE,DB2-ACCESS,,GQNEC001,programs/LQ/gqneid01.cbl
